step,lr,influence_raw,influence_lr_normalized
0,1.50000000e-07,8.92798399e-09,5.95198933e-02
1,3.00000000e-07,1.94669039e-08,6.48896797e-02
2,4.50000000e-07,7.02128732e-08,1.56028607e-01
3,6.00000000e-07,4.68361567e-08,7.80602611e-02
4,7.50000000e-07,1.68733292e-08,2.24977722e-02
5,9.00000000e-07,3.86272678e-09,4.29191864e-03
6,1.05000000e-06,5.28145958e-08,5.02996151e-02
7,1.20000000e-06,1.47378219e-07,1.22815182e-01
8,1.35000000e-06,5.27036634e-08,3.90397507e-02
9,1.50000000e-06,-1.49187593e-08,-9.94583956e-03
10,1.65000000e-06,5.63687970e-08,3.41629073e-02
11,1.80000000e-06,4.65903286e-08,2.58835159e-02
12,1.95000000e-06,3.43404644e-08,1.76104946e-02
13,2.10000000e-06,-2.41117581e-08,-1.14817896e-02
14,2.25000000e-06,-4.88965436e-09,-2.17317972e-03
15,2.40000000e-06,4.93048473e-08,2.05436864e-02
16,2.55000000e-06,7.89314802e-09,3.09535217e-03
17,2.70000000e-06,-3.29520798e-08,-1.22044740e-02
18,2.85000000e-06,-7.75709783e-09,-2.72178871e-03
19,3.00000000e-06,-2.06115932e-08,-6.87053107e-03
20,3.15000000e-06,-2.45499271e-08,-7.79362765e-03
21,3.30000000e-06,-2.82317374e-08,-8.55507194e-03
22,3.45000000e-06,-3.60803454e-08,-1.04580711e-02
23,3.60000000e-06,2.02966246e-08,5.63795128e-03
24,3.75000000e-06,-3.54904461e-09,-9.46411897e-04
25,3.90000000e-06,6.94813446e-08,1.78157294e-02
26,4.05000000e-06,-3.69644971e-08,-9.12703633e-03
27,4.20000000e-06,-4.16417363e-08,-9.91469913e-03
28,4.35000000e-06,3.68652822e-08,8.47477751e-03
29,4.50000000e-06,-1.62009683e-09,-3.60021519e-04
30,4.65000000e-06,-9.58550905e-09,-2.06139980e-03
31,4.80000000e-06,6.44372428e-08,1.34244256e-02
32,4.95000000e-06,-7.88173043e-09,-1.59226877e-03
33,5.10000000e-06,3.05533465e-08,5.99085226e-03
34,5.25000000e-06,1.00207655e-07,1.90871724e-02
35,5.40000000e-06,-6.91690155e-09,-1.28090769e-03
36,5.55000000e-06,-2.22627651e-08,-4.01130902e-03
37,5.70000000e-06,9.20688031e-09,1.61524216e-03
38,5.85000000e-06,4.12688034e-08,7.05449630e-03
39,6.00000000e-06,3.14117091e-08,5.23528485e-03
40,6.15000000e-06,-2.24215757e-10,-3.64578467e-05
41,6.30000000e-06,-6.29748977e-08,-9.99601551e-03
42,6.45000000e-06,-2.11286775e-08,-3.27576395e-03
43,6.60000000e-06,2.90731752e-08,4.40502655e-03
44,6.75000000e-06,1.76849710e-08,2.61999570e-03
45,6.90000000e-06,5.55902152e-08,8.05655293e-03
46,7.05000000e-06,-4.58187779e-08,-6.49911743e-03
47,7.20000000e-06,-4.16135009e-08,-5.77965290e-03
48,7.35000000e-06,-2.75696085e-08,-3.75096714e-03
49,7.50000000e-06,-3.22931897e-08,-4.30575863e-03
50,7.65000000e-06,-4.94762349e-08,-6.46748168e-03
51,7.80000000e-06,3.22427803e-08,4.13368979e-03
52,7.95000000e-06,-1.36153908e-08,-1.71262778e-03
53,8.10000000e-06,-2.30423747e-09,-2.84473761e-04
54,8.25000000e-06,4.39399184e-10,5.32605071e-05
55,8.40000000e-06,1.03043567e-08,1.22670913e-03
56,8.55000000e-06,-3.45994676e-08,-4.04672136e-03
57,8.70000000e-06,5.64731366e-08,6.49116513e-03
58,8.85000000e-06,1.05974667e-08,1.19745387e-03
59,9.00000000e-06,-1.54562875e-08,-1.71736528e-03
60,9.15000000e-06,-9.44675427e-09,-1.03243216e-03
61,9.30000000e-06,-3.68850279e-08,-3.96613203e-03
62,9.45000000e-06,-7.79395437e-09,-8.24757076e-04
63,9.60000000e-06,-8.28096258e-10,-8.62600269e-05
64,9.75000000e-06,-4.87972367e-08,-5.00484479e-03
65,9.90000000e-06,-7.01077292e-08,-7.08158881e-03
66,1.00500000e-05,-6.40179700e-08,-6.36994727e-03
67,1.02000000e-05,8.16362622e-09,8.00355512e-04
68,1.03500000e-05,2.57584081e-08,2.48873508e-03
69,1.05000000e-05,2.21080285e-08,2.10552653e-03
70,1.06500000e-05,1.24606896e-07,1.17001780e-02
71,1.08000000e-05,-4.52497284e-09,-4.18978967e-04
72,1.09500000e-05,7.81408094e-09,7.13614698e-04
73,1.11000000e-05,-3.69868458e-09,-3.33214827e-04
74,1.12500000e-05,1.11607271e-08,9.92064635e-04
75,1.14000000e-05,-6.78818729e-09,-5.95455025e-04
76,1.15500000e-05,-8.63785689e-08,-7.47866397e-03
77,1.17000000e-05,-2.11053336e-08,-1.80387467e-03
78,1.18500000e-05,-9.27303677e-08,-7.82534749e-03
79,1.20000000e-05,-1.04195130e-07,-8.68292750e-03
80,1.21500000e-05,-1.38726680e-07,-1.14178337e-02
81,1.23000000e-05,-4.54572029e-08,-3.69570755e-03
82,1.24500000e-05,-5.37797793e-08,-4.31966099e-03
83,1.26000000e-05,9.31120414e-08,7.38984456e-03
84,1.27500000e-05,-7.71691377e-10,-6.05248139e-05
85,1.29000000e-05,5.15147749e-08,3.99339340e-03
86,1.30500000e-05,8.77950730e-08,6.72759180e-03
87,1.32000000e-05,-4.71601606e-08,-3.57273944e-03
88,1.33500000e-05,-2.89210847e-08,-2.16637339e-03
89,1.35000000e-05,-1.95779215e-08,-1.45021641e-03
90,1.36500000e-05,-5.57582119e-08,-4.08485069e-03
91,1.38000000e-05,3.64004027e-08,2.63771034e-03
92,1.39500000e-05,-3.51248481e-08,-2.51791026e-03
93,1.41000000e-05,-2.94615414e-08,-2.08947102e-03
94,1.42500000e-05,-1.44535483e-07,-1.01428409e-02
95,1.44000000e-05,-1.50518297e-07,-1.04526595e-02
96,1.45500000e-05,-4.41977868e-08,-3.03764858e-03
97,1.47000000e-05,-3.87478729e-08,-2.63590972e-03
98,1.48500000e-05,-2.08432825e-07,-1.40358805e-02
99,1.50000000e-05,8.29692626e-08,5.53128417e-03
100,1.51500000e-05,1.70579155e-08,1.12593502e-03
101,1.53000000e-05,3.67707661e-08,2.40331805e-03
102,1.54500000e-05,-7.08637364e-08,-4.58664961e-03
103,1.56000000e-05,1.02460798e-07,6.56799986e-03
104,1.57500000e-05,1.82242246e-07,1.15709363e-02
105,1.59000000e-05,1.37870767e-07,8.67111740e-03
106,1.60500000e-05,6.90948965e-10,4.30497797e-05
107,1.62000000e-05,-1.29439581e-07,-7.99009761e-03
108,1.63500000e-05,-1.49196175e-07,-9.12514834e-03
109,1.65000000e-05,-9.73483574e-08,-5.89990045e-03
110,1.66500000e-05,-1.44675907e-07,-8.68924369e-03
111,1.68000000e-05,-3.04649311e-07,-1.81338875e-02
112,1.69500000e-05,-8.26404465e-08,-4.87554257e-03
113,1.71000000e-05,-7.74190116e-08,-4.52742758e-03
114,1.72500000e-05,3.51021392e-08,2.03490662e-03
115,1.74000000e-05,3.45318565e-08,1.98458945e-03
116,1.75500000e-05,1.30416320e-07,7.43112933e-03
117,1.77000000e-05,-9.17102305e-09,-5.18136896e-04
118,1.78500000e-05,-5.77191495e-09,-3.23356580e-04
119,1.80000000e-05,2.02706243e-08,1.12614579e-03
120,1.81500000e-05,6.65883815e-09,3.66878135e-04
121,1.83000000e-05,-1.66756589e-07,-9.11238194e-03
122,1.84500000e-05,-4.47841083e-08,-2.42732294e-03
123,1.86000000e-05,1.79036966e-08,9.62564335e-04
124,1.87500000e-05,-2.50841182e-07,-1.33781964e-02
125,1.89000000e-05,-7.28854195e-08,-3.85637140e-03
126,1.90500000e-05,-1.09845959e-07,-5.76619205e-03
127,1.92000000e-05,-2.69038543e-08,-1.40124241e-03
128,1.93500000e-05,1.86130641e-07,9.61915459e-03
129,1.95000000e-05,-1.57433415e-08,-8.07350847e-04
130,1.96500000e-05,-2.28818653e-09,-1.16447152e-04
131,1.98000000e-05,3.56817311e-08,1.80210763e-03
132,1.99500000e-05,-7.08533227e-08,-3.55154500e-03
133,2.01000000e-05,-7.26150124e-08,-3.61268719e-03
134,2.02500000e-05,-7.93733321e-08,-3.91967072e-03
135,2.04000000e-05,8.03665130e-08,3.93953495e-03
136,2.05500000e-05,6.60158017e-09,3.21244777e-04
137,2.07000000e-05,1.43708058e-07,6.94241828e-03
138,2.08500000e-05,7.04245855e-08,3.37767796e-03
139,2.10000000e-05,-4.25165221e-08,-2.02459629e-03
140,2.11500000e-05,-9.58473025e-08,-4.53178735e-03
141,2.13000000e-05,-2.01326912e-07,-9.45196770e-03
142,2.14500000e-05,3.79118679e-08,1.76745305e-03
143,2.16000000e-05,1.73853810e-08,8.04878751e-04
144,2.17500000e-05,-6.45288978e-09,-2.96684587e-04
145,2.19000000e-05,-1.06580709e-07,-4.86669906e-03
146,2.20500000e-05,1.13185658e-07,5.13313643e-03
147,2.22000000e-05,-1.39401851e-07,-6.27936266e-03
148,2.23500000e-05,-1.47513011e-08,-6.60013471e-04
149,2.25000000e-05,-1.31439275e-08,-5.84174556e-04
150,2.26500000e-05,-3.14034949e-08,-1.38646777e-03
151,2.28000000e-05,-8.39891454e-08,-3.68373445e-03
152,2.29500000e-05,3.56718684e-08,1.55432978e-03
153,2.31000000e-05,6.54543880e-08,2.83352329e-03
154,2.32500000e-05,-6.60523880e-08,-2.84096292e-03
155,2.34000000e-05,-2.60939787e-07,-1.11512729e-02
156,2.35500000e-05,-3.74688891e-08,-1.59103563e-03
157,2.37000000e-05,-7.92388533e-08,-3.34341153e-03
158,2.38500000e-05,8.59424387e-09,3.60345655e-04
159,2.40000000e-05,2.22976519e-07,9.29068830e-03
160,2.41500000e-05,6.32263997e-08,2.61807038e-03
161,2.43000000e-05,7.89720018e-08,3.24987662e-03
162,2.44500000e-05,4.58936888e-08,1.87704249e-03
163,2.46000000e-05,1.18226569e-08,4.80595807e-04
164,2.47500000e-05,1.78141522e-08,7.19763723e-04
165,2.49000000e-05,-3.24136576e-07,-1.30175332e-02
166,2.50500000e-05,-1.12628514e-07,-4.49614828e-03
167,2.52000000e-05,-4.29267728e-08,-1.70344337e-03
168,2.53500000e-05,-6.62257844e-08,-2.61245698e-03
169,2.55000000e-05,6.56262024e-08,2.57357656e-03
170,2.56500000e-05,-7.96724409e-08,-3.10613805e-03
171,2.58000000e-05,1.78577544e-08,6.92161023e-04
172,2.59500000e-05,1.26480293e-08,4.87399973e-04
173,2.61000000e-05,-8.57460661e-08,-3.28528989e-03
174,2.62500000e-05,-2.05213172e-07,-7.81764466e-03
175,2.64000000e-05,-2.39881143e-07,-9.08640694e-03
176,2.65500000e-05,9.89037686e-08,3.72518903e-03
177,2.67000000e-05,-8.07402767e-08,-3.02398040e-03
178,2.68500000e-05,-2.98298457e-08,-1.11098122e-03
179,2.70000000e-05,-1.58435279e-07,-5.86797330e-03
180,2.71500000e-05,1.25382450e-07,4.61813813e-03
181,2.73000000e-05,-6.36716035e-08,-2.33229317e-03
182,2.74500000e-05,-3.26097306e-08,-1.18796833e-03
183,2.76000000e-05,-1.01976079e-07,-3.69478548e-03
184,2.77500000e-05,-4.77868989e-08,-1.72205041e-03
185,2.79000000e-05,1.00387197e-07,3.59810743e-03
186,2.80500000e-05,-2.45766802e-07,-8.76173984e-03
187,2.82000000e-05,-9.03657864e-08,-3.20446051e-03
188,2.83500000e-05,3.12996096e-09,1.10404267e-04
189,2.85000000e-05,-2.30667037e-07,-8.09358025e-03
190,2.86500000e-05,-3.91242342e-07,-1.36559282e-02
191,2.88000000e-05,5.26732382e-08,1.82893188e-03
192,2.89500000e-05,-4.91793775e-08,-1.69876952e-03
193,2.91000000e-05,3.21851423e-08,1.10601864e-03
194,2.92500000e-05,8.14568080e-09,2.78484814e-04
195,2.94000000e-05,2.10455373e-08,7.15834602e-04
196,2.95500000e-05,-7.10309003e-08,-2.40375297e-03
197,2.97000000e-05,2.39510033e-07,8.06431088e-03
198,2.98500000e-05,-6.15275506e-08,-2.06122448e-03
199,3.00000000e-05,-6.63377726e-08,-2.21125909e-03
200,3.01500000e-05,1.41580980e-07,4.69588658e-03
201,3.03000000e-05,2.56629784e-09,8.46962984e-05
202,3.04500000e-05,-1.37063174e-07,-4.50125367e-03
203,3.06000000e-05,3.89566697e-08,1.27309378e-03
204,3.07500000e-05,9.36174693e-10,3.04447055e-05
205,3.09000000e-05,-5.42796449e-08,-1.75662281e-03
206,3.10500000e-05,4.94241270e-08,1.59175932e-03
207,3.12000000e-05,-9.86373501e-08,-3.16145353e-03
208,3.13500000e-05,1.62333968e-09,5.17811702e-05
209,3.15000000e-05,1.93339176e-07,6.13775163e-03
210,3.16500000e-05,3.84103193e-07,1.21359619e-02
211,3.18000000e-05,4.15205297e-08,1.30567703e-03
212,3.19500000e-05,-2.75987834e-07,-8.63811687e-03
213,3.21000000e-05,-4.28377296e-07,-1.33450871e-02
214,3.22500000e-05,-4.24401043e-07,-1.31597223e-02
215,3.24000000e-05,9.68942471e-08,2.99056318e-03
216,3.25500000e-05,3.33331228e-07,1.02405907e-02
217,3.27000000e-05,1.86001987e-07,5.68813416e-03
218,3.28500000e-05,1.99669198e-07,6.07820999e-03
219,3.30000000e-05,5.14525744e-09,1.55916892e-04
220,3.31500000e-05,9.04324970e-08,2.72797879e-03
221,3.33000000e-05,-5.47043340e-08,-1.64277279e-03
222,3.34500000e-05,-5.53148740e-08,-1.65365842e-03
223,3.36000000e-05,-1.33726430e-07,-3.97995328e-03
224,3.37500000e-05,1.93178544e-07,5.72380871e-03
225,3.39000000e-05,4.77915130e-08,1.40977914e-03
226,3.40500000e-05,-3.51999137e-08,-1.03377133e-03
227,3.42000000e-05,-3.46482396e-08,-1.01310642e-03
228,3.43500000e-05,-2.03285004e-07,-5.91804961e-03
229,3.45000000e-05,-6.27909650e-08,-1.82002797e-03
230,3.46500000e-05,-1.98107283e-07,-5.71738191e-03
231,3.48000000e-05,-7.35178938e-08,-2.11258315e-03
232,3.49500000e-05,1.54058002e-07,4.40795427e-03
233,3.51000000e-05,1.95940195e-07,5.58234172e-03
234,3.52500000e-05,2.09123258e-07,5.93257468e-03
235,3.54000000e-05,-8.24826671e-08,-2.33001885e-03
236,3.55500000e-05,-5.07416005e-08,-1.42733053e-03
237,3.57000000e-05,-2.60512586e-07,-7.29727132e-03
238,3.58500000e-05,1.11161399e-07,3.10073637e-03
239,3.60000000e-05,-1.17667278e-07,-3.26853550e-03
240,3.61500000e-05,-7.16831030e-08,-1.98293508e-03
241,3.63000000e-05,-1.28194565e-07,-3.53153072e-03
242,3.64500000e-05,5.19487524e-08,1.42520583e-03
243,3.66000000e-05,3.31588497e-07,9.05979500e-03
244,3.67500000e-05,4.29608797e-08,1.16900353e-03
245,3.69000000e-05,2.02826238e-07,5.49664600e-03
246,3.70500000e-05,2.82914887e-07,7.63602933e-03
247,3.72000000e-05,1.64375091e-07,4.41868525e-03
248,3.73500000e-05,-5.12536174e-08,-1.37225214e-03
249,3.75000000e-05,1.01706995e-07,2.71218654e-03
250,3.76500000e-05,-2.53499288e-07,-6.73304881e-03
251,3.78000000e-05,1.02918702e-07,2.72271699e-03
252,3.79500000e-05,4.24504210e-08,1.11858817e-03
253,3.81000000e-05,2.89296116e-08,7.59307391e-04
254,3.82500000e-05,-8.61575593e-08,-2.25248521e-03
255,3.84000000e-05,2.14293903e-08,5.58057040e-04
256,3.85500000e-05,1.41911446e-07,3.68123077e-03
257,3.87000000e-05,-1.49089137e-07,-3.85243249e-03
258,3.88500000e-05,-1.71921911e-07,-4.42527442e-03
259,3.90000000e-05,-6.09349846e-08,-1.56243550e-03
260,3.91500000e-05,2.32940045e-07,5.94993729e-03
261,3.93000000e-05,1.11463214e-07,2.83621409e-03
262,3.94500000e-05,9.83267836e-08,2.49244065e-03
263,3.96000000e-05,-1.89090616e-07,-4.77501556e-03
264,3.97500000e-05,-2.58818245e-07,-6.51115081e-03
265,3.99000000e-05,-4.05610521e-07,-1.01656772e-02
266,4.00500000e-05,9.02903552e-08,2.25444083e-03
267,4.02000000e-05,6.55300988e-08,1.63010196e-03
268,4.03500000e-05,4.74536845e-07,1.17605166e-02
269,4.05000000e-05,2.62235399e-07,6.47494812e-03
270,4.06500000e-05,1.40811357e-07,3.46399402e-03
271,4.08000000e-05,2.07952099e-07,5.09686517e-03
272,4.09500000e-05,-3.02505009e-07,-7.38717970e-03
273,4.11000000e-05,-2.56208582e-07,-6.23378546e-03
274,4.12500000e-05,4.96725427e-08,1.20418285e-03
275,4.14000000e-05,-5.53841941e-08,-1.33778247e-03
276,4.15500000e-05,-1.49059025e-07,-3.58746150e-03
277,4.17000000e-05,-7.42001662e-08,-1.77938049e-03
278,4.18500000e-05,3.71568816e-08,8.87858580e-04
279,4.20000000e-05,2.63871800e-08,6.28266190e-04
280,4.21500000e-05,5.32237598e-07,1.26272265e-02
281,4.23000000e-05,-1.65371672e-07,-3.90949579e-03
282,4.24500000e-05,-4.60270363e-07,-1.08426470e-02
283,4.26000000e-05,-1.22978663e-07,-2.88682308e-03
284,4.27500000e-05,2.27663745e-07,5.32546771e-03
285,4.29000000e-05,-1.41767166e-07,-3.30459593e-03
286,4.30500000e-05,-1.85890781e-07,-4.31802046e-03
287,4.32000000e-05,-9.92413507e-08,-2.29725349e-03
288,4.33500000e-05,1.74678863e-07,4.02950089e-03
289,4.35000000e-05,4.27343601e-07,9.82399083e-03
290,4.36500000e-05,-6.45053793e-08,-1.47778647e-03
291,4.38000000e-05,-8.61122174e-08,-1.96603236e-03
292,4.39500000e-05,-2.27205445e-07,-5.16963471e-03
293,4.41000000e-05,-2.57415006e-07,-5.83707497e-03
294,4.42500000e-05,8.68226844e-08,1.96209456e-03
295,4.44000000e-05,4.99865886e-07,1.12582407e-02
296,4.45500000e-05,8.10448166e-08,1.81918780e-03
297,4.47000000e-05,3.66203689e-07,8.19247627e-03
298,4.48500000e-05,-2.12244220e-07,-4.73231259e-03
299,4.50000000e-05,-1.42484944e-07,-3.16633209e-03
300,4.51500000e-05,5.42465748e-08,1.20147452e-03
301,4.53000000e-05,1.13790039e-07,2.51192139e-03
302,4.54500000e-05,-2.42853218e-07,-5.34330512e-03
303,4.56000000e-05,-4.48563983e-07,-9.83692945e-03
304,4.57500000e-05,-1.00248825e-07,-2.19123114e-03
305,4.59000000e-05,-2.15008711e-07,-4.68428564e-03
306,4.60500000e-05,-1.19241275e-08,-2.58938707e-04
307,4.62000000e-05,1.34770978e-07,2.91712074e-03
308,4.63500000e-05,7.29384242e-08,1.57364453e-03
309,4.65000000e-05,-3.33715180e-07,-7.17667054e-03
310,4.66500000e-05,1.81403901e-08,3.88861524e-04
311,4.68000000e-05,4.58301477e-07,9.79276660e-03
312,4.69500000e-05,-2.67328002e-08,-5.69388716e-04
313,4.71000000e-05,7.31798619e-08,1.55371257e-03
314,4.72500000e-05,2.91387730e-08,6.16693607e-04
315,4.74000000e-05,4.27581214e-07,9.02070072e-03
316,4.75500000e-05,5.36289582e-08,1.12784349e-03
317,4.77000000e-05,-2.90602185e-07,-6.09228900e-03
318,4.78500000e-05,-5.03891223e-07,-1.05306421e-02
319,4.80000000e-05,-3.82920597e-07,-7.97751245e-03
320,4.81500000e-05,1.92233058e-07,3.99237919e-03
321,4.83000000e-05,5.92649615e-07,1.22701784e-02
322,4.84500000e-05,2.67733305e-07,5.52597120e-03
323,4.86000000e-05,1.90773145e-07,3.92537336e-03
324,4.87500000e-05,-1.66255979e-07,-3.41037905e-03
325,4.89000000e-05,-3.32465964e-07,-6.79889497e-03
326,4.90500000e-05,-1.67129473e-07,-3.40732870e-03
327,4.92000000e-05,3.39372120e-07,6.89780733e-03
328,4.93500000e-05,1.50447193e-07,3.04857535e-03
329,4.95000000e-05,1.14416525e-08,2.31144495e-04
330,4.96500000e-05,1.82904222e-07,3.68387154e-03
331,4.98000000e-05,-2.45894851e-07,-4.93764761e-03
332,4.99500000e-05,-6.60669572e-07,-1.32266181e-02
333,5.01000000e-05,-3.30232746e-07,-6.59147199e-03
334,5.02500000e-05,-1.61762872e-07,-3.21916162e-03
335,5.04000000e-05,-1.41207329e-07,-2.80173273e-03
336,5.05500000e-05,-1.24374769e-07,-2.46043065e-03
337,5.07000000e-05,2.27882853e-07,4.49473082e-03
338,5.08500000e-05,7.13255237e-08,1.40266517e-03
339,5.10000000e-05,1.30994446e-07,2.56851855e-03
340,5.11500000e-05,-1.24911812e-07,-2.44206865e-03
341,5.13000000e-05,1.99711173e-07,3.89300532e-03
342,5.14500000e-05,-2.74992777e-07,-5.34485474e-03
343,5.16000000e-05,1.32206271e-07,2.56213704e-03
344,5.17500000e-05,-9.89925355e-08,-1.91289924e-03
345,5.19000000e-05,-5.15557871e-07,-9.93367767e-03
346,5.20500000e-05,-2.69535888e-07,-5.17840323e-03
347,5.22000000e-05,9.63333553e-08,1.84546658e-03
348,5.23500000e-05,2.03235378e-07,3.88224217e-03
349,5.25000000e-05,-1.08626596e-07,-2.06907802e-03
350,5.26500000e-05,8.51215951e-08,1.61674445e-03
351,5.28000000e-05,1.10158650e-07,2.08633807e-03
352,5.29500000e-05,-7.07489805e-08,-1.33614694e-03
353,5.31000000e-05,-5.03946518e-07,-9.49051823e-03
354,5.32500000e-05,4.70018841e-07,8.82664490e-03
355,5.34000000e-05,3.75125673e-07,7.02482533e-03
356,5.35500000e-05,1.80017696e-07,3.36167499e-03
357,5.37000000e-05,3.02429248e-07,5.63182958e-03
358,5.38500000e-05,-1.83201532e-07,-3.40207116e-03
359,5.40000000e-05,-5.73236250e-07,-1.06154861e-02
360,5.41500000e-05,-1.33741539e-07,-2.46983451e-03
361,5.43000000e-05,2.41493506e-07,4.44739421e-03
362,5.44500000e-05,-1.22003772e-07,-2.24065696e-03
363,5.46000000e-05,1.43605013e-07,2.63012844e-03
364,5.47500000e-05,-3.89857980e-07,-7.12069369e-03
365,5.49000000e-05,2.21279099e-07,4.03058468e-03
366,5.50500000e-05,1.24359175e-07,2.25902225e-03
367,5.52000000e-05,-2.58296327e-07,-4.67928128e-03
368,5.53500000e-05,1.94159610e-07,3.50785203e-03
369,5.55000000e-05,-1.30814669e-07,-2.35702107e-03
370,5.56500000e-05,-2.95142747e-07,-5.30355340e-03
371,5.58000000e-05,-5.60912044e-07,-1.00521872e-02
372,5.59500000e-05,-3.56471377e-07,-6.37124892e-03
373,5.61000000e-05,1.03444787e-07,1.84393559e-03
374,5.62500000e-05,-3.68282695e-07,-6.54724791e-03
375,5.64000000e-05,1.05630416e-07,1.87287972e-03
376,5.65500000e-05,2.84074181e-07,5.02341611e-03
377,5.67000000e-05,-2.63073205e-07,-4.63973907e-03
378,5.68500000e-05,1.64332464e-07,2.89063261e-03
379,5.70000000e-05,-5.77300067e-07,-1.01280714e-02
380,5.71500000e-05,-2.31801005e-08,-4.05601059e-04
381,5.73000000e-05,-1.21549127e-07,-2.12127622e-03
382,5.74500000e-05,-2.61242119e-07,-4.54729538e-03
383,5.76000000e-05,2.43050819e-07,4.21963227e-03
384,5.77500000e-05,1.98052898e-07,3.42948740e-03
385,5.79000000e-05,-9.84642217e-08,-1.70059105e-03
386,5.80500000e-05,2.18063554e-08,3.75647810e-04
387,5.82000000e-05,3.22291568e-07,5.53765580e-03
388,5.83500000e-05,1.18744124e-07,2.03503212e-03
389,5.85000000e-05,4.51444742e-07,7.71700414e-03
390,5.86500000e-05,-4.22412704e-07,-7.20226264e-03
391,5.88000000e-05,-2.53020536e-07,-4.30307033e-03
392,5.89500000e-05,-5.32160084e-07,-9.02731270e-03
393,5.91000000e-05,-5.25451741e-07,-8.89089240e-03
394,5.92500000e-05,3.48397190e-07,5.88012135e-03
395,5.94000000e-05,5.79692124e-07,9.75912666e-03
396,5.95500000e-05,3.63796944e-07,6.10910065e-03
397,5.97000000e-05,2.59550023e-07,4.34757158e-03
398,5.98500000e-05,-3.29004168e-07,-5.49714566e-03
399,6.00000000e-05,-2.48018960e-07,-4.13364933e-03
400,6.01500000e-05,-5.61609327e-07,-9.33681341e-03
401,6.03000000e-05,-4.23833659e-07,-7.02875056e-03
402,6.04500000e-05,3.04688300e-07,5.04033582e-03
403,6.06000000e-05,3.87302244e-07,6.39112615e-03
404,6.07500000e-05,-3.70060671e-07,-6.09153367e-03
405,6.09000000e-05,-1.22317405e-08,-2.00849598e-04
406,6.10500000e-05,4.05177976e-08,6.63682188e-04
407,6.12000000e-05,7.22780200e-08,1.18101340e-03
408,6.13500000e-05,-3.30203203e-07,-5.38228530e-03
409,6.15000000e-05,-1.43064485e-07,-2.32625178e-03
410,6.16500000e-05,1.01811524e-07,1.65144402e-03
411,6.18000000e-05,-4.51973781e-07,-7.31349160e-03
412,6.19500000e-05,-1.85539715e-07,-2.99499136e-03
413,6.21000000e-05,4.84219062e-07,7.79740841e-03
414,6.22500000e-05,-1.14969714e-08,-1.84690303e-04
415,6.24000000e-05,5.42160628e-08,8.68847159e-04
416,6.25500000e-05,-5.20567133e-07,-8.32241619e-03
417,6.27000000e-05,-9.68826797e-08,-1.54517830e-03
418,6.28500000e-05,1.75509068e-07,2.79250705e-03
419,6.30000000e-05,1.43953247e-07,2.28497217e-03
420,6.31500000e-05,-1.39824037e-08,-2.21415735e-04
421,6.33000000e-05,-9.49680570e-07,-1.50028526e-02
422,6.34500000e-05,-3.81924089e-07,-6.01929218e-03
423,6.36000000e-05,-1.20484014e-07,-1.89440274e-03
424,6.37500000e-05,-1.78509843e-07,-2.80015440e-03
425,6.39000000e-05,7.54190111e-07,1.18026621e-02
426,6.40500000e-05,5.61277686e-07,8.76311765e-03
427,6.42000000e-05,7.31539469e-08,1.13946958e-03
428,6.43500000e-05,-4.75413692e-07,-7.38793617e-03
429,6.45000000e-05,2.02826036e-07,3.14458971e-03
430,6.46500000e-05,2.47320593e-07,3.82553121e-03
431,6.48000000e-05,-2.41453808e-08,-3.72613901e-04
432,6.49500000e-05,-3.30541249e-07,-5.08916473e-03
433,6.51000000e-05,-5.00470903e-07,-7.68772508e-03
434,6.52500000e-05,1.38826663e-07,2.12761169e-03
435,6.54000000e-05,3.17278767e-07,4.85135730e-03
436,6.55500000e-05,1.56010432e-07,2.38002185e-03
437,6.57000000e-05,-2.47727280e-07,-3.77058266e-03
438,6.58500000e-05,2.44485095e-07,3.71275771e-03
439,6.60000000e-05,-9.33698614e-07,-1.41469487e-02
440,6.61500000e-05,-3.05198289e-07,-4.61373075e-03
441,6.63000000e-05,2.92315605e-07,4.40898349e-03
442,6.64500000e-05,8.01934927e-08,1.20682457e-03
443,6.66000000e-05,-1.59892570e-07,-2.40078934e-03
444,6.67500000e-05,-3.91929258e-07,-5.87159938e-03
445,6.69000000e-05,-4.18471487e-07,-6.25517918e-03
446,6.70500000e-05,-1.17226501e-07,-1.74834454e-03
447,6.72000000e-05,2.24928567e-07,3.34715129e-03
448,6.73500000e-05,1.70818166e-07,2.53627566e-03
449,6.75000000e-05,-1.12807224e-07,-1.67121813e-03
450,6.76500000e-05,-1.44279223e-07,-2.13273057e-03
451,6.78000000e-05,-5.11640526e-07,-7.54632045e-03
452,6.79500000e-05,-2.97119053e-07,-4.37261299e-03
453,6.81000000e-05,5.32918486e-07,7.82552843e-03
454,6.82500000e-05,8.30222943e-07,1.21644387e-02
455,6.84000000e-05,-1.01274835e-06,-1.48062624e-02
456,6.85500000e-05,-5.23156369e-07,-7.63174864e-03
457,6.87000000e-05,-2.10979705e-07,-3.07102918e-03
458,6.88500000e-05,-2.42332841e-07,-3.51972173e-03
459,6.90000000e-05,3.80567054e-07,5.51546455e-03
460,6.91500000e-05,-1.30154576e-07,-1.88220645e-03
461,6.93000000e-05,6.74667000e-07,9.73545454e-03
462,6.94500000e-05,-5.63222011e-08,-8.10974818e-04
463,6.96000000e-05,-3.85764247e-08,-5.54258976e-04
464,6.97500000e-05,-3.03378513e-07,-4.34951272e-03
465,6.99000000e-05,7.05129586e-07,1.00876908e-02
466,7.00500000e-05,1.14246167e-06,1.63092315e-02
467,7.02000000e-05,5.35394737e-08,7.62670566e-04
468,7.03500000e-05,5.76539263e-07,8.19529869e-03
469,7.05000000e-05,2.02994762e-07,2.87935832e-03
470,7.06500000e-05,-3.59749546e-07,-5.09199640e-03
471,7.08000000e-05,-6.66462882e-07,-9.41331755e-03
472,7.09500000e-05,-3.00569372e-07,-4.23635479e-03
473,7.11000000e-05,-1.45064236e-07,-2.04028462e-03
474,7.12500000e-05,5.07838678e-08,7.12756039e-04
475,7.14000000e-05,5.51844576e-07,7.72891563e-03
476,7.15500000e-05,-4.08903082e-07,-5.71492777e-03
477,7.17000000e-05,-3.37869672e-07,-4.71226878e-03
478,7.18500000e-05,-2.11131347e-07,-2.93850169e-03
479,7.20000000e-05,-9.74299328e-08,-1.35319351e-03
480,7.21500000e-05,1.33047225e-07,1.84403638e-03
481,7.23000000e-05,-5.98774452e-08,-8.28180432e-04
482,7.24500000e-05,1.72820266e-07,2.38537289e-03
483,7.26000000e-05,-5.48622032e-07,-7.55677731e-03
484,7.27500000e-05,6.87730277e-08,9.45333714e-04
485,7.29000000e-05,8.50794324e-08,1.16707040e-03
486,7.30500000e-05,-8.44272376e-08,-1.15574590e-03
487,7.32000000e-05,-6.08440410e-07,-8.31202745e-03
488,7.33500000e-05,-2.65309369e-07,-3.61703298e-03
489,7.35000000e-05,4.89178245e-08,6.65548632e-04
490,7.36500000e-05,-4.44231354e-08,-6.03165450e-04
491,7.38000000e-05,-2.10100420e-07,-2.84688917e-03
492,7.39500000e-05,-1.20231470e-07,-1.62584814e-03
493,7.41000000e-05,-3.24915066e-07,-4.38481870e-03
494,7.42500000e-05,9.44565270e-08,1.27214178e-03
495,7.44000000e-05,-4.85121789e-07,-6.52045415e-03
496,7.45500000e-05,-5.79816688e-08,-7.77755450e-04
497,7.47000000e-05,-6.79076863e-07,-9.09072105e-03
498,7.48500000e-05,6.89331523e-07,9.20950599e-03
499,7.50000000e-05,2.09903087e-07,2.79870783e-03
500,7.51500000e-05,-2.52169005e-07,-3.35554232e-03
501,7.53000000e-05,-5.61173774e-09,-7.45250696e-05
502,7.54500000e-05,2.50910162e-07,3.32551574e-03
503,7.56000000e-05,1.86903582e-07,2.47226960e-03
504,7.57500000e-05,-2.71249297e-07,-3.58084881e-03
505,7.59000000e-05,-4.33155751e-08,-5.70692689e-04
506,7.60500000e-05,4.01664706e-07,5.28158720e-03
507,7.62000000e-05,-2.85061774e-08,-3.74096817e-04
508,7.63500000e-05,-1.86740771e-07,-2.44585162e-03
509,7.65000000e-05,-1.90643679e-09,-2.49207423e-05
510,7.66500000e-05,3.52378278e-08,4.59723780e-04
511,7.68000000e-05,-3.16592752e-08,-4.12230146e-04
512,7.69500000e-05,-5.03709485e-07,-6.54593223e-03
513,7.71000000e-05,1.66576486e-07,2.16052511e-03
514,7.72500000e-05,1.67240332e-07,2.16492339e-03
515,7.74000000e-05,2.12106626e-07,2.74039569e-03
516,7.75500000e-05,2.47736315e-07,3.19453662e-03
517,7.77000000e-05,-4.11526466e-07,-5.29635091e-03
518,7.78500000e-05,9.08722129e-08,1.16727313e-03
519,7.80000000e-05,-1.74022412e-07,-2.23105657e-03
520,7.81500000e-05,-2.44279103e-07,-3.12577227e-03
521,7.83000000e-05,1.87174879e-07,2.39048377e-03
522,7.84500000e-05,2.22864339e-07,2.84084562e-03
523,7.86000000e-05,-8.55944622e-07,-1.08898807e-02
524,7.87500000e-05,-7.57535341e-08,-9.61949640e-04
525,7.89000000e-05,2.14813337e-07,2.72260250e-03
526,7.90500000e-05,3.23983119e-07,4.09845817e-03
527,7.92000000e-05,4.08618164e-07,5.15932025e-03
528,7.93500000e-05,-1.22018623e-07,-1.53772681e-03
529,7.95000000e-05,-4.80877366e-07,-6.04877190e-03
530,7.96500000e-05,-1.75452812e-07,-2.20279739e-03
531,7.98000000e-05,-3.03474934e-07,-3.80294403e-03
532,7.99500000e-05,4.11859125e-07,5.15145872e-03
533,8.01000000e-05,-2.71366157e-07,-3.38784216e-03
534,8.02500000e-05,6.96985549e-07,8.68517818e-03
535,8.04000000e-05,1.87418329e-07,2.33107374e-03
536,8.05500000e-05,-8.04378079e-07,-9.98607174e-03
537,8.07000000e-05,4.72862350e-07,5.85950868e-03
538,8.08500000e-05,-1.37346627e-07,-1.69878326e-03
539,8.10000000e-05,5.00016164e-07,6.17303906e-03
540,8.11500000e-05,3.13967189e-07,3.86897337e-03
541,8.13000000e-05,4.84540349e-07,5.95990589e-03
542,8.14500000e-05,7.16946404e-08,8.80228858e-04
543,8.16000000e-05,-2.72454622e-07,-3.33890469e-03
544,8.17500000e-05,-4.29825832e-07,-5.25780834e-03
545,8.19000000e-05,1.25115032e-07,1.52765607e-03
546,8.20500000e-05,4.67932103e-07,5.70301161e-03
547,8.22000000e-05,5.48446533e-08,6.67209894e-04
548,8.23500000e-05,1.87599326e-07,2.27807318e-03
549,8.25000000e-05,-2.95311873e-07,-3.57953786e-03
550,8.26500000e-05,-2.20739199e-07,-2.67077071e-03
551,8.28000000e-05,5.75979792e-07,6.95627768e-03
552,8.29500000e-05,1.28873880e-07,1.55363328e-03
553,8.31000000e-05,2.31350843e-07,2.78400534e-03
554,8.32500000e-05,1.95473585e-07,2.34803105e-03
555,8.34000000e-05,-1.23125932e-07,-1.47633012e-03
556,8.35500000e-05,1.33437205e-07,1.59709402e-03
557,8.37000000e-05,-3.08724704e-07,-3.68846719e-03
558,8.38500000e-05,-6.53476633e-08,-7.79340051e-04
559,8.40000000e-05,3.22253608e-07,3.83635248e-03
560,8.41500000e-05,8.58346043e-08,1.02001906e-03
561,8.43000000e-05,-1.03569320e-07,-1.22858031e-03
562,8.44500000e-05,-3.36019934e-07,-3.97892165e-03
563,8.46000000e-05,-4.83183942e-07,-5.71139411e-03
564,8.47500000e-05,-5.69980523e-07,-6.72543390e-03
565,8.49000000e-05,2.91295374e-07,3.43104092e-03
566,8.50500000e-05,-1.59636689e-07,-1.87697459e-03
567,8.52000000e-05,-2.40590731e-07,-2.82383487e-03
568,8.53500000e-05,1.29546164e-07,1.51782266e-03
569,8.55000000e-05,4.85502288e-07,5.67838933e-03
570,8.56500000e-05,-1.17818028e-07,-1.37557534e-03
571,8.58000000e-05,3.06555630e-07,3.57290944e-03
572,8.59500000e-05,1.96271858e-07,2.28355856e-03
573,8.61000000e-05,7.20303976e-08,8.36589984e-04
574,8.62500000e-05,6.68407383e-08,7.74965081e-04
575,8.64000000e-05,2.54612590e-07,2.94690497e-03
576,8.65500000e-05,3.11804631e-08,3.60259539e-04
577,8.67000000e-05,-1.45831472e-07,-1.68202390e-03
578,8.68500000e-05,5.49024541e-08,6.32152610e-04
579,8.70000000e-05,4.57306450e-07,5.25639597e-03
580,8.71500000e-05,-1.81790518e-07,-2.08594972e-03
581,8.73000000e-05,9.47995575e-08,1.08590558e-03
582,8.74500000e-05,-3.06573839e-07,-3.50570428e-03
583,8.76000000e-05,-2.78622143e-08,-3.18061807e-04
584,8.77500000e-05,2.90516109e-07,3.31072489e-03
585,8.79000000e-05,2.90136954e-08,3.30076171e-04
586,8.80500000e-05,3.01896305e-07,3.42869171e-03
587,8.82000000e-05,3.52400858e-07,3.99547458e-03
588,8.83500000e-05,3.97776869e-08,4.50228488e-04
589,8.85000000e-05,-5.56238136e-07,-6.28517668e-03
590,8.86500000e-05,1.98135237e-08,2.23502806e-04
591,8.88000000e-05,3.84837939e-08,4.33376058e-04
592,8.89500000e-05,2.69684302e-08,3.03186399e-04
593,8.91000000e-05,-5.92390117e-07,-6.64859839e-03
594,8.92500000e-05,-5.17422002e-07,-5.79744540e-03
595,8.94000000e-05,-6.31154988e-07,-7.05989919e-03
596,8.95500000e-05,1.19780171e-07,1.33757868e-03
597,8.97000000e-05,2.91058571e-07,3.24480013e-03
598,8.98500000e-05,5.55463657e-08,6.18212195e-04
599,9.00000000e-05,4.99860064e-08,5.55400072e-04
600,9.01500000e-05,2.62189026e-08,2.90836413e-04
601,9.03000000e-05,2.74787893e-07,3.04305529e-03
602,9.04500000e-05,3.04316695e-07,3.36447423e-03
603,9.06000000e-05,-5.65845346e-07,-6.24553362e-03
604,9.07500000e-05,-3.30442296e-08,-3.64123742e-04
605,9.09000000e-05,-1.84405311e-07,-2.02866128e-03
606,9.10500000e-05,-4.63237561e-07,-5.08772720e-03
607,9.12000000e-05,-5.62332760e-07,-6.16592939e-03
608,9.13500000e-05,3.41695202e-07,3.74050577e-03
609,9.15000000e-05,-2.84752595e-08,-3.11205022e-04
610,9.16500000e-05,5.75087093e-07,6.27481825e-03
611,9.18000000e-05,-1.45419872e-08,-1.58409446e-04
612,9.19500000e-05,3.48985778e-07,3.79538639e-03
613,9.21000000e-05,1.14523563e-07,1.24346974e-03
614,9.22500000e-05,-3.25650087e-07,-3.53008225e-03
615,9.24000000e-05,-3.12678637e-07,-3.38396794e-03
616,9.25500000e-05,-2.60360331e-07,-2.81318564e-03
617,9.27000000e-05,-1.97707619e-08,-2.13276828e-04
618,9.28500000e-05,3.92881772e-07,4.23135995e-03
619,9.30000000e-05,3.75948233e-07,4.04245411e-03
620,9.31500000e-05,-1.29283350e-07,-1.38790499e-03
621,9.33000000e-05,-6.29663940e-07,-6.74880964e-03
622,9.34500000e-05,1.18933247e-07,1.27269392e-03
623,9.36000000e-05,8.91853658e-08,9.52835104e-04
624,9.37500000e-05,5.96868119e-07,6.36659327e-03
625,9.39000000e-05,4.14782591e-07,4.41727999e-03
626,9.40500000e-05,1.76052621e-07,1.87190453e-03
627,9.42000000e-05,-5.63374670e-07,-5.98062282e-03
628,9.43500000e-05,-3.75922853e-07,-3.98434397e-03
629,9.45000000e-05,-3.48896628e-07,-3.69202781e-03
630,9.46500000e-05,2.70467491e-07,2.85755405e-03
631,9.48000000e-05,-5.62501185e-07,-5.93355680e-03
632,9.49500000e-05,-5.59143555e-07,-5.88882102e-03
633,9.51000000e-05,1.77280342e-07,1.86414660e-03
634,9.52500000e-05,-1.36338464e-07,-1.43137495e-03
635,9.54000000e-05,1.82274514e-07,1.91063432e-03
636,9.55500000e-05,-2.12123410e-07,-2.22002522e-03
637,9.57000000e-05,-4.39948563e-07,-4.59716367e-03
638,9.58500000e-05,6.65697240e-07,6.94519812e-03
639,9.60000000e-05,-2.65918763e-07,-2.76998711e-03
640,9.61500000e-05,-5.40437977e-07,-5.62077979e-03
641,9.63000000e-05,-5.32954681e-07,-5.53431652e-03
642,9.64500000e-05,-3.77842058e-07,-3.91749153e-03
643,9.66000000e-05,-1.35572398e-07,-1.40344097e-03
644,9.67500000e-05,2.72340233e-07,2.81488613e-03
645,9.69000000e-05,5.37129025e-07,5.54312720e-03
646,9.70500000e-05,6.49136311e-07,6.68867914e-03
647,9.72000000e-05,-5.69354786e-09,-5.85755952e-05
648,9.73500000e-05,-2.35448958e-07,-2.41858200e-03
649,9.75000000e-05,-1.09120464e-08,-1.11918424e-04
650,9.76500000e-05,-3.35535358e-07,-3.43610197e-03
651,9.78000000e-05,-1.72129241e-07,-1.76001269e-03
652,9.79500000e-05,1.68500065e-07,1.72026611e-03
653,9.81000000e-05,2.00525678e-07,2.04409458e-03
654,9.82500000e-05,6.93482741e-07,7.05834851e-03
655,9.84000000e-05,-1.37991586e-07,-1.40235352e-03
656,9.85500000e-05,1.96926435e-08,1.99823881e-04
657,9.87000000e-05,-2.78405618e-07,-2.82072561e-03
658,9.88500000e-05,-6.67299050e-07,-6.75062266e-03
659,9.90000000e-05,3.37648895e-07,3.41059490e-03
660,9.91500000e-05,3.96081364e-07,3.99476918e-03
661,9.93000000e-05,-1.68118239e-08,-1.69303363e-04
662,9.94500000e-05,5.79649652e-07,5.82855356e-03
663,9.96000000e-05,5.11311124e-07,5.13364582e-03
664,9.97500000e-05,6.79101650e-07,6.80803660e-03
665,9.99000000e-05,9.92698180e-07,9.93691872e-03
666,1.00050000e-04,-8.96699999e-08,-8.96251873e-04
667,1.00200000e-04,-1.44147406e-07,-1.43859687e-03
668,1.00350000e-04,-8.29390116e-07,-8.26497375e-03
669,1.00500000e-04,-2.51196733e-07,-2.49946998e-03
670,1.00650000e-04,-2.83508121e-07,-2.81677219e-03
671,1.00800000e-04,-4.44293764e-07,-4.40767623e-03
672,1.00950000e-04,4.81188869e-07,4.76660594e-03
673,1.01100000e-04,1.89285245e-08,1.87225762e-04
674,1.01250000e-04,-2.26161494e-08,-2.23369377e-04
675,1.01400000e-04,2.55705878e-07,2.52175422e-03
676,1.01550000e-04,-1.40530567e-07,-1.38385590e-03
677,1.01700000e-04,-4.81791883e-07,-4.73738331e-03
678,1.01850000e-04,1.34317367e-07,1.31877630e-03
679,1.02000000e-04,-2.24234141e-07,-2.19837394e-03
680,1.02150000e-04,5.41802342e-07,5.30398768e-03
681,1.02300000e-04,2.42423465e-07,2.36973084e-03
682,1.02450000e-04,4.50628944e-07,4.39852556e-03
683,1.02600000e-04,-3.42215180e-07,-3.33543060e-03
684,1.02750000e-04,-3.46837860e-07,-3.37555095e-03
685,1.02900000e-04,-1.66529912e-07,-1.61836649e-03
686,1.03050000e-04,-1.45052997e-07,-1.40759823e-03
687,1.03200000e-04,2.24259917e-07,2.17306121e-03
688,1.03350000e-04,4.36466839e-07,4.22319148e-03
689,1.03500000e-04,8.72968329e-07,8.43447661e-03
690,1.03650000e-04,1.34426340e-07,1.29692562e-03
691,1.03800000e-04,-7.97937767e-07,-7.68726173e-03
692,1.03950000e-04,7.89159638e-07,7.59172331e-03
693,1.04100000e-04,6.23522734e-07,5.98965162e-03
694,1.04250000e-04,-4.68933059e-07,-4.49815884e-03
695,1.04400000e-04,-4.43721893e-07,-4.25020970e-03
696,1.04550000e-04,-5.98317057e-07,-5.72278390e-03
697,1.04700000e-04,-4.35572603e-07,-4.16019679e-03
698,1.04850000e-04,-3.08283306e-07,-2.94023182e-03
699,1.05000000e-04,-5.14343956e-07,-4.89851387e-03
700,1.05150000e-04,-2.72006886e-07,-2.58684628e-03
701,1.05300000e-04,-2.27991817e-07,-2.16516445e-03
702,1.05450000e-04,-1.16431044e-07,-1.10413508e-03
703,1.05600000e-04,1.00464155e-06,9.51365107e-03
704,1.05750000e-04,3.84424327e-07,3.63521822e-03
705,1.05900000e-04,3.72571236e-07,3.51814198e-03
706,1.06050000e-04,-3.38218395e-07,-3.18923522e-03
707,1.06200000e-04,-1.63845107e-07,-1.54279762e-03
708,1.06350000e-04,-5.91626118e-07,-5.56301005e-03
709,1.06500000e-04,2.70256612e-07,2.53762077e-03
710,1.06650000e-04,6.52803344e-07,6.12098775e-03
711,1.06800000e-04,9.11216338e-08,8.53198818e-04
712,1.06950000e-04,-3.12214455e-07,-2.91925624e-03
713,1.07100000e-04,-6.66836824e-07,-6.22630088e-03
714,1.07250000e-04,-2.64955617e-08,-2.47044865e-04
715,1.07400000e-04,3.79353258e-07,3.53215324e-03
716,1.07550000e-04,4.65414537e-07,4.32742480e-03
717,1.07700000e-04,-4.83349721e-07,-4.48792684e-03
718,1.07850000e-04,-1.63869065e-07,-1.51941645e-03
719,1.08000000e-04,-7.13283361e-08,-6.60447557e-04
720,1.08150000e-04,-5.51550367e-07,-5.09986470e-03
721,1.08300000e-04,4.93137507e-07,4.55343958e-03
722,1.08450000e-04,2.66365463e-08,2.45611308e-04
723,1.08600000e-04,5.30496042e-07,4.88486226e-03
724,1.08750000e-04,3.25353710e-07,2.99175825e-03
725,1.08900000e-04,5.83383643e-07,5.35705824e-03
726,1.09050000e-04,1.48402798e-07,1.36086930e-03
727,1.09200000e-04,1.67582542e-07,1.53463866e-03
728,1.09350000e-04,-6.58353630e-07,-6.02060933e-03
729,1.09500000e-04,-1.04031463e-07,-9.50059027e-04
730,1.09650000e-04,-1.99171550e-07,-1.81643001e-03
731,1.09800000e-04,-2.74767273e-07,-2.50243418e-03
732,1.09950000e-04,2.82586528e-07,2.57013668e-03
733,1.10100000e-04,-1.15221361e-08,-1.04651554e-04
734,1.10250000e-04,2.14789946e-08,1.94820813e-04
735,1.10400000e-04,-1.15514004e-07,-1.04632250e-03
736,1.10550000e-04,5.47407827e-07,4.95167641e-03
737,1.10700000e-04,-5.43193805e-07,-4.90689978e-03
738,1.10850000e-04,2.62856030e-08,2.37127677e-04
739,1.11000000e-04,1.44685362e-07,1.30347173e-03
740,1.11150000e-04,-3.67877316e-07,-3.30973743e-03
741,1.11300000e-04,1.03810223e-08,9.32706403e-05
742,1.11450000e-04,-6.39186419e-08,-5.73518546e-04
743,1.11600000e-04,5.58903402e-07,5.00809500e-03
744,1.11750000e-04,-7.43443133e-07,-6.65273497e-03
745,1.11900000e-04,4.41157688e-09,3.94242795e-05
746,1.12050000e-04,-6.21281497e-08,-5.54468092e-04
747,1.12200000e-04,-5.81756117e-07,-5.18499213e-03
748,1.12350000e-04,-2.84590098e-07,-2.53306718e-03
749,1.12500000e-04,4.80105562e-07,4.26760499e-03
750,1.12650000e-04,-5.11619097e-07,-4.54166975e-03
751,1.12800000e-04,-5.25907415e-07,-4.66229978e-03
752,1.12950000e-04,3.84515437e-07,3.40429781e-03
753,1.13100000e-04,2.72246709e-07,2.40713270e-03
754,1.13250000e-04,9.61042734e-08,8.48602856e-04
755,1.13400000e-04,3.09492643e-07,2.72921202e-03
756,1.13550000e-04,5.26129615e-07,4.63346204e-03
757,1.13700000e-04,1.55640695e-07,1.36887155e-03
758,1.13850000e-04,5.72512220e-08,5.02865367e-04
759,1.14000000e-04,-2.74091114e-07,-2.40430802e-03
760,1.14150000e-04,-4.21454743e-07,-3.69211339e-03
761,1.14300000e-04,4.05137639e-07,3.54451128e-03
762,1.14450000e-04,7.26918788e-07,6.35140925e-03
763,1.14600000e-04,1.34287386e-07,1.17179220e-03
764,1.14750000e-04,1.65169326e-07,1.43938410e-03
765,1.14900000e-04,-1.37843859e-06,-1.19968546e-02
766,1.15050000e-04,-6.58200651e-07,-5.72099653e-03
767,1.15200000e-04,-7.01409366e-08,-6.08862297e-04
768,1.15350000e-04,1.67775234e-07,1.45448837e-03
769,1.15500000e-04,-6.36211319e-07,-5.50832311e-03
770,1.15650000e-04,3.93975625e-07,3.40662019e-03
771,1.15800000e-04,-8.17928001e-08,-7.06328153e-04
772,1.15950000e-04,4.15996905e-07,3.58772665e-03
773,1.16100000e-04,-2.29507411e-07,-1.97680802e-03
774,1.16250000e-04,-4.23841502e-07,-3.64594841e-03
775,1.16400000e-04,2.81698529e-07,2.42009046e-03
776,1.16550000e-04,6.90329538e-08,5.92303336e-04
777,1.16700000e-04,-6.81053788e-07,-5.83593649e-03
778,1.16850000e-04,5.55045924e-07,4.75007209e-03
779,1.17000000e-04,-4.62427883e-08,-3.95237507e-04
780,1.17150000e-04,-4.37845130e-07,-3.73747444e-03
781,1.17300000e-04,1.07491985e-06,9.16385209e-03
782,1.17450000e-04,7.52735341e-08,6.40898545e-04
783,1.17600000e-04,-4.40181261e-07,-3.74303794e-03
784,1.17750000e-04,-2.34110519e-07,-1.98819974e-03
785,1.17900000e-04,1.01828777e-06,8.63687678e-03
786,1.18050000e-04,-2.93899991e-07,-2.48962297e-03
787,1.18200000e-04,3.45428030e-07,2.92240296e-03
788,1.18350000e-04,-1.13103429e-08,-9.55669023e-05
789,1.18500000e-04,1.43577910e-07,1.21162794e-03
790,1.18650000e-04,-1.64336392e-07,-1.38505176e-03
791,1.18800000e-04,-4.06251609e-07,-3.41962634e-03
792,1.18950000e-04,-2.32358952e-07,-1.95341700e-03
793,1.19100000e-04,2.15237190e-07,1.80719723e-03
794,1.19250000e-04,9.42648986e-07,7.90481330e-03
795,1.19400000e-04,5.09416304e-07,4.26646821e-03
796,1.19550000e-04,-5.39488277e-07,-4.51265811e-03
797,1.19700000e-04,-4.44479744e-07,-3.71328107e-03
798,1.19850000e-04,1.10777718e-07,9.24303026e-04
799,1.20000000e-04,2.14596292e-07,1.78830244e-03
800,1.20150000e-04,-3.65992027e-07,-3.04612590e-03
801,1.20300000e-04,-1.71217115e-07,-1.42325117e-03
802,1.20450000e-04,2.99970612e-07,2.49041604e-03
803,1.20600000e-04,3.36688034e-07,2.79177474e-03
804,1.20750000e-04,-2.23473062e-07,-1.85070859e-03
805,1.20900000e-04,-5.01987277e-07,-4.15208666e-03
806,1.21050000e-04,-3.39149921e-07,-2.80173417e-03
807,1.21200000e-04,5.92715222e-07,4.89038962e-03
808,1.21350000e-04,2.03883766e-07,1.68012992e-03
809,1.21500000e-04,-3.41430266e-08,-2.81012565e-04
810,1.21650000e-04,-7.67951284e-07,-6.31279313e-03
811,1.21800000e-04,6.45027632e-07,5.29579337e-03
812,1.21950000e-04,-1.39694192e-07,-1.14550383e-03
813,1.22100000e-04,8.07252833e-08,6.61140732e-04
814,1.22250000e-04,1.42240602e-08,1.16352230e-04
815,1.22400000e-04,7.41207112e-07,6.05561366e-03
816,1.22550000e-04,1.36088875e-07,1.11047634e-03
817,1.22700000e-04,-3.56609691e-07,-2.90635445e-03
818,1.22850000e-04,-8.18592190e-07,-6.66334709e-03
819,1.23000000e-04,3.78195653e-09,3.07476140e-05
820,1.23150000e-04,4.75169917e-08,3.85846461e-04
821,1.23300000e-04,4.93982792e-08,4.00634868e-04
822,1.23450000e-04,-1.22149608e-07,-9.89466244e-04
823,1.23600000e-04,2.57045361e-07,2.07965502e-03
824,1.23750000e-04,-7.23259674e-10,-5.84452262e-06
825,1.23900000e-04,1.79201100e-07,1.44633656e-03
826,1.24050000e-04,4.00619728e-07,3.22950204e-03
827,1.24200000e-04,-3.45537579e-08,-2.78210611e-04
828,1.24350000e-04,5.83389150e-07,4.69150905e-03
829,1.24500000e-04,-3.35174594e-07,-2.69216541e-03
830,1.24650000e-04,5.68569973e-08,4.56133151e-04
831,1.24800000e-04,-3.08794174e-07,-2.47431229e-03
832,1.24950000e-04,-2.25816296e-07,-1.80725327e-03
833,1.25100000e-04,-2.03994632e-07,-1.63065253e-03
834,1.25250000e-04,-4.43342243e-07,-3.53965863e-03
835,1.25400000e-04,-1.29557417e-07,-1.03315325e-03
836,1.25550000e-04,2.34433103e-07,1.86724893e-03
837,1.25700000e-04,5.88550832e-07,4.68218641e-03
838,1.25850000e-04,4.52654240e-07,3.59677585e-03
839,1.26000000e-04,-2.34236190e-07,-1.85901738e-03
840,1.26150000e-04,8.81854329e-07,6.99052183e-03
841,1.26300000e-04,-1.10764439e-07,-8.76994763e-04
842,1.26450000e-04,-5.50790949e-07,-4.35580031e-03
843,1.26600000e-04,-7.15371424e-08,-5.65064316e-04
844,1.26750000e-04,-3.71353888e-07,-2.92981371e-03
845,1.26900000e-04,-4.51519231e-07,-3.55807117e-03
846,1.27050000e-04,-7.70085696e-07,-6.06128056e-03
847,1.27200000e-04,5.43848712e-07,4.27554019e-03
848,1.27350000e-04,8.59423853e-07,6.74851867e-03
849,1.27500000e-04,6.47524506e-07,5.07862358e-03
850,1.27650000e-04,3.37302194e-07,2.64239870e-03
851,1.27800000e-04,-2.48456456e-07,-1.94410373e-03
852,1.27950000e-04,2.64666844e-07,2.06851773e-03
853,1.28100000e-04,-3.00920351e-07,-2.34910500e-03
854,1.28250000e-04,2.66663461e-07,2.07924726e-03
855,1.28400000e-04,-2.98218937e-07,-2.32257739e-03
856,1.28550000e-04,9.70397764e-08,7.54879630e-04
857,1.28700000e-04,-2.76595674e-07,-2.14915054e-03
858,1.28850000e-04,-1.80597020e-07,-1.40160668e-03
859,1.29000000e-04,-6.31403921e-07,-4.89460404e-03
860,1.29150000e-04,-1.41514874e-07,-1.09574041e-03
861,1.29300000e-04,-3.88855299e-07,-3.00738824e-03
862,1.29450000e-04,3.12464430e-07,2.41378471e-03
863,1.29600000e-04,7.32849577e-08,5.65470352e-04
864,1.29750000e-04,3.64118487e-07,2.80630819e-03
865,1.29900000e-04,1.37404750e-07,1.05777329e-03
866,1.30050000e-04,2.12818930e-07,1.63643930e-03
867,1.30200000e-04,-1.86228627e-07,-1.43032740e-03
868,1.30350000e-04,5.90095397e-07,4.52700726e-03
869,1.30500000e-04,1.51160024e-07,1.15831436e-03
870,1.30650000e-04,-1.43757474e-07,-1.10032510e-03
871,1.30800000e-04,-1.34676935e-06,-1.02964017e-02
872,1.30950000e-04,-2.81556770e-07,-2.15010897e-03
873,1.31100000e-04,3.95752510e-07,3.01870717e-03
874,1.31250000e-04,5.41482589e-07,4.12558163e-03
875,1.31400000e-04,1.81350908e-07,1.38014389e-03
876,1.31550000e-04,3.27243625e-07,2.48759882e-03
877,1.31700000e-04,-7.08092383e-07,-5.37655568e-03
878,1.31850000e-04,2.92473142e-07,2.21822633e-03
879,1.32000000e-04,8.30476566e-07,6.29148913e-03
880,1.32150000e-04,5.04147328e-07,3.81496276e-03
881,1.32300000e-04,3.47040523e-07,2.62313320e-03
882,1.32450000e-04,5.05095628e-07,3.81348152e-03
883,1.32600000e-04,-2.53799915e-07,-1.91402651e-03
884,1.32750000e-04,3.40149760e-07,2.56233341e-03
885,1.32900000e-04,-7.97534816e-08,-6.00101442e-04
886,1.33050000e-04,-8.16134165e-08,-6.13404107e-04
887,1.33200000e-04,-1.14717592e-07,-8.61243182e-04
888,1.33350000e-04,-1.21452981e-09,-9.10783510e-06
889,1.33500000e-04,3.83036150e-07,2.86918464e-03
890,1.33650000e-04,2.80269559e-07,2.09704122e-03
891,1.33800000e-04,3.71963077e-07,2.77999310e-03
892,1.33950000e-04,2.58670818e-07,1.93109980e-03
893,1.34100000e-04,-3.06230141e-07,-2.28359538e-03
894,1.34250000e-04,7.62842172e-08,5.68225081e-04
895,1.34400000e-04,-1.89039433e-07,-1.40654340e-03
896,1.34550000e-04,-1.02937848e-07,-7.65052757e-04
897,1.34700000e-04,-4.19674109e-07,-3.11562070e-03
898,1.34850000e-04,-2.69702086e-07,-2.00001547e-03
899,1.35000000e-04,4.14801216e-08,3.07260160e-04
900,1.35150000e-04,4.79575332e-07,3.54846713e-03
901,1.35300000e-04,1.33689927e-07,9.88099975e-04
902,1.35450000e-04,-5.23089418e-07,-3.86186355e-03
903,1.35600000e-04,1.50203705e-07,1.10769694e-03
904,1.35750000e-04,-1.21322671e-07,-8.93721333e-04
905,1.35900000e-04,4.28407265e-07,3.15237134e-03
906,1.36050000e-04,1.29591779e-07,9.52530534e-04
907,1.36200000e-04,-2.05870514e-07,-1.51153094e-03
908,1.36350000e-04,-2.40590934e-07,-1.76450997e-03
909,1.36500000e-04,-2.69365358e-07,-1.97337259e-03
910,1.36650000e-04,3.35856292e-07,2.45778479e-03
911,1.36800000e-04,-4.36049685e-08,-3.18749770e-04
912,1.36950000e-04,7.18196890e-07,5.24422702e-03
913,1.37100000e-04,-7.60297663e-07,-5.54557012e-03
914,1.37250000e-04,-5.65238325e-07,-4.11831203e-03
915,1.37400000e-04,-6.35179811e-07,-4.62285161e-03
916,1.37550000e-04,4.10323366e-07,2.98308517e-03
917,1.37700000e-04,-5.22553602e-07,-3.79487002e-03
918,1.37850000e-04,3.15539013e-08,2.28900263e-04
919,1.38000000e-04,8.58693685e-08,6.22241801e-04
920,1.38150000e-04,-1.33669163e-07,-9.67565421e-04
921,1.38300000e-04,3.88438773e-07,2.80866792e-03
922,1.38450000e-04,-3.20988087e-07,-2.31844050e-03
923,1.38600000e-04,4.49281630e-08,3.24157020e-04
924,1.38750000e-04,-5.00921967e-07,-3.61024841e-03
925,1.38900000e-04,-2.92497805e-07,-2.10581573e-03
926,1.39050000e-04,2.25627423e-07,1.62263519e-03
927,1.39200000e-04,-1.60253503e-07,-1.15124643e-03
928,1.39350000e-04,6.95283990e-08,4.98947966e-04
929,1.39500000e-04,-1.82223355e-07,-1.30626061e-03
930,1.39650000e-04,4.33978867e-07,3.10761810e-03
931,1.39800000e-04,-2.52171533e-07,-1.80380210e-03
932,1.39950000e-04,1.57546596e-07,1.12573488e-03
933,1.40100000e-04,5.70002950e-07,4.06854354e-03
934,1.40250000e-04,1.50630298e-07,1.07401282e-03
935,1.40400000e-04,-7.98425588e-08,-5.68679194e-04
936,1.40550000e-04,3.25087012e-07,2.31296344e-03
937,1.40700000e-04,-4.50439055e-07,-3.20141475e-03
938,1.40850000e-04,9.18164851e-08,6.51874228e-04
939,1.41000000e-04,5.46845040e-08,3.87833362e-04
940,1.41150000e-04,5.15882874e-07,3.65485564e-03
941,1.41300000e-04,5.36959803e-07,3.80014015e-03
942,1.41450000e-04,4.70307111e-07,3.32490005e-03
943,1.41600000e-04,-2.81037908e-07,-1.98473099e-03
944,1.41750000e-04,5.81979409e-07,4.10567484e-03
945,1.41900000e-04,2.11274490e-07,1.48889704e-03
946,1.42050000e-04,6.84992711e-08,4.82219438e-04
947,1.42200000e-04,5.29550299e-07,3.72398241e-03
948,1.42350000e-04,2.39618833e-07,1.68330757e-03
949,1.42500000e-04,2.15646153e-07,1.51330634e-03
950,1.42650000e-04,-6.31106250e-07,-4.42415878e-03
951,1.42800000e-04,-1.30627988e-08,-9.14761824e-05
952,1.42950000e-04,-7.00074106e-07,-4.89733548e-03
953,1.43100000e-04,-2.79286275e-07,-1.95168606e-03
954,1.43250000e-04,-1.79471399e-07,-1.25285444e-03
955,1.43400000e-04,4.61931866e-07,3.22128219e-03
956,1.43550000e-04,1.77210026e-07,1.23448294e-03
957,1.43700000e-04,1.32543656e-07,9.22363647e-04
958,1.43850000e-04,8.73622827e-07,6.07315139e-03
959,1.44000000e-04,-6.11028520e-07,-4.24325361e-03
960,1.44150000e-04,-3.74036675e-07,-2.59477402e-03
961,1.44300000e-04,2.06983213e-07,1.43439510e-03
962,1.44450000e-04,-5.87194497e-07,-4.06503632e-03
963,1.44600000e-04,-3.34938939e-07,-2.31631355e-03
964,1.44750000e-04,1.47366542e-07,1.01807628e-03
965,1.44900000e-04,1.74478844e-07,1.20413281e-03
966,1.45050000e-04,3.38433465e-07,2.33321934e-03
967,1.45200000e-04,7.11480038e-07,4.90000026e-03
968,1.45350000e-04,1.76529724e-07,1.21451479e-03
969,1.45500000e-04,4.09714561e-07,2.81590764e-03
970,1.45650000e-04,-1.23307906e-06,-8.46604229e-03
971,1.45800000e-04,-1.39550990e-07,-9.57139851e-04
972,1.45950000e-04,-4.83485825e-07,-3.31268122e-03
973,1.46100000e-04,-3.34378689e-07,-2.28869739e-03
974,1.46250000e-04,-1.63430304e-07,-1.11747216e-03
975,1.46400000e-04,-1.44722217e-07,-9.88539733e-04
976,1.46550000e-04,2.56741112e-07,1.75190114e-03
977,1.46700000e-04,1.98516066e-07,1.35321109e-03
978,1.46850000e-04,2.23759112e-07,1.52372565e-03
979,1.47000000e-04,-1.64211408e-07,-1.11708441e-03
980,1.47150000e-04,-8.54320102e-07,-5.80577711e-03
981,1.47300000e-04,-5.35113680e-07,-3.63281521e-03
982,1.47450000e-04,-6.45722881e-07,-4.37926674e-03
983,1.47600000e-04,-4.85926891e-07,-3.29218761e-03
984,1.47750000e-04,4.03718831e-07,2.73244556e-03
985,1.47900000e-04,3.98160633e-07,2.69209353e-03
986,1.48050000e-04,-7.68606752e-08,-5.19153497e-04
987,1.48200000e-04,-1.79349452e-07,-1.21018523e-03
988,1.48350000e-04,-4.47580679e-07,-3.01705884e-03
989,1.48500000e-04,9.20313337e-08,6.19739621e-04
990,1.48650000e-04,4.07896446e-07,2.74400569e-03
991,1.48800000e-04,4.05055076e-07,2.72214433e-03
992,1.48950000e-04,-1.40957749e-07,-9.46342729e-04
993,1.49100000e-04,1.50654742e-08,1.01042751e-04
994,1.49250000e-04,7.78352636e-07,5.21509304e-03
995,1.49400000e-04,-6.05482127e-07,-4.05275855e-03
996,1.49550000e-04,-8.17966658e-07,-5.46951961e-03
997,1.49700000e-04,-7.54344927e-07,-5.03904427e-03
998,1.49850000e-04,1.32168761e-07,8.82007079e-04
999,1.50000000e-04,1.06645632e-07,7.10970879e-04
1000,1.50150000e-04,-2.88764461e-07,-1.92317323e-03
1001,1.50300000e-04,4.99116413e-07,3.32080115e-03
1002,1.50450000e-04,-5.22511748e-07,-3.47299267e-03
1003,1.50600000e-04,-9.30749151e-08,-6.18027325e-04
1004,1.50750000e-04,1.14465574e-07,7.59307293e-04
1005,1.50900000e-04,1.75034396e-07,1.15993635e-03
1006,1.51050000e-04,3.70047250e-07,2.44983284e-03
1007,1.51200000e-04,-3.82527290e-07,-2.52994239e-03
1008,1.51350000e-04,-2.08745766e-07,-1.37922541e-03
1009,1.51500000e-04,-5.30440102e-07,-3.50125480e-03
1010,1.51650000e-04,-2.52348761e-08,-1.66402084e-04
1011,1.51800000e-04,-2.52197179e-08,-1.66137799e-04
1012,1.51950000e-04,-4.73448569e-08,-3.11581816e-04
1013,1.52100000e-04,6.66725892e-08,4.38347069e-04
1014,1.52250000e-04,-8.09716658e-08,-5.31833601e-04
1015,1.52400000e-04,1.17938928e-07,7.73877480e-04
1016,1.52550000e-04,-1.25617505e-07,-8.23451359e-04
1017,1.52700000e-04,-1.56139897e-07,-1.02252715e-03
1018,1.52850000e-04,2.35690115e-07,1.54197001e-03
1019,1.53000000e-04,-5.24045802e-07,-3.42513596e-03
1020,1.53150000e-04,-5.74514775e-07,-3.75132077e-03
1021,1.53300000e-04,-5.79728240e-07,-3.78165845e-03
1022,1.53450000e-04,-3.93756905e-07,-2.56602740e-03
1023,1.53600000e-04,-5.21844754e-07,-3.39742678e-03
1024,1.53750000e-04,2.95546736e-07,1.92225519e-03
1025,1.53900000e-04,6.81897533e-07,4.43078319e-03
1026,1.54050000e-04,3.43209671e-07,2.22791088e-03
1027,1.54200000e-04,-8.41225001e-08,-5.45541505e-04
1028,1.54350000e-04,-9.34885239e-07,-6.05691765e-03
1029,1.54500000e-04,-7.91583033e-07,-5.12351478e-03
1030,1.54650000e-04,-1.03528851e-07,-6.69439711e-04
1031,1.54800000e-04,-4.32449129e-07,-2.79359902e-03
1032,1.54950000e-04,2.84603364e-07,1.83674323e-03
1033,1.55100000e-04,1.80548155e-07,1.16407579e-03
1034,1.55250000e-04,-2.52828354e-08,-1.62852402e-04
1035,1.55400000e-04,2.81968370e-07,1.81446828e-03
1036,1.55550000e-04,1.72118565e-07,1.10651601e-03
1037,1.55700000e-04,-2.54073340e-07,-1.63181336e-03
1038,1.55850000e-04,6.70492722e-07,4.30216697e-03
1039,1.56000000e-04,4.93873193e-07,3.16585380e-03
1040,1.56150000e-04,5.52145580e-07,3.53599475e-03
1041,1.56300000e-04,-6.68559824e-07,-4.27741410e-03
1042,1.56450000e-04,6.20206553e-09,3.96424770e-05
1043,1.56600000e-04,5.84896338e-07,3.73497023e-03
1044,1.56750000e-04,1.32305969e-07,8.44057218e-04
1045,1.56900000e-04,-1.03511636e-06,-6.59729991e-03
1046,1.57050000e-04,2.25720378e-07,1.43725169e-03
1047,1.57200000e-04,-1.05088051e-06,-6.68499053e-03
1048,1.57350000e-04,6.17740401e-08,3.92590023e-04
1049,1.57500000e-04,3.82470864e-07,2.42838644e-03
1050,1.57650000e-04,7.60338496e-07,4.82295272e-03
1051,1.57800000e-04,2.74143373e-07,1.73728373e-03
1052,1.57950000e-04,-3.04506777e-07,-1.92786817e-03
1053,1.58100000e-04,-5.69861545e-07,-3.60443735e-03
1054,1.58250000e-04,-8.72565007e-08,-5.51383891e-04
1055,1.58400000e-04,-2.12164782e-07,-1.33942413e-03
1056,1.58550000e-04,7.64708140e-07,4.82313554e-03
1057,1.58700000e-04,9.11785733e-07,5.74534173e-03
1058,1.58850000e-04,5.80324647e-07,3.65328704e-03
1059,1.59000000e-04,2.77258762e-07,1.74376580e-03
1060,1.59150000e-04,2.60015991e-08,1.63377940e-04
1061,1.59300000e-04,-7.37048795e-07,-4.62679721e-03
1062,1.59450000e-04,-8.27500200e-07,-5.18971590e-03
1063,1.59600000e-04,4.39361290e-07,2.75289029e-03
1064,1.59750000e-04,4.71673853e-07,2.95257498e-03
1065,1.59900000e-04,4.47629702e-08,2.79943529e-04
1066,1.60050000e-04,-7.49043307e-07,-4.68005815e-03
1067,1.60200000e-04,-9.99993244e-08,-6.24215508e-04
1068,1.60350000e-04,-5.24635627e-07,-3.27181557e-03
1069,1.60500000e-04,-4.01849413e-07,-2.50373466e-03
1070,1.60650000e-04,-4.56932657e-07,-2.84427424e-03
1071,1.60800000e-04,-4.34082344e-07,-2.69951707e-03
1072,1.60950000e-04,-1.31866241e-07,-8.19299413e-04
1073,1.61100000e-04,4.35564313e-07,2.70368909e-03
1074,1.61250000e-04,-8.09380685e-07,-5.01941510e-03
1075,1.61400000e-04,-1.79443166e-07,-1.11179161e-03
1076,1.61550000e-04,1.19000524e-06,7.36617293e-03
1077,1.61700000e-04,2.95958246e-07,1.83029219e-03
1078,1.61850000e-04,1.81553368e-07,1.12173845e-03
1079,1.62000000e-04,2.14978591e-07,1.32702834e-03
1080,1.62150000e-04,-2.77617146e-07,-1.71210081e-03
1081,1.62300000e-04,-4.01178410e-07,-2.47183247e-03
1082,1.62450000e-04,-8.74674689e-07,-5.38427017e-03
1083,1.62600000e-04,-1.92822173e-07,-1.18586822e-03
1084,1.62750000e-04,-2.00900178e-07,-1.23440969e-03
1085,1.62900000e-04,2.18643928e-07,1.34219722e-03
1086,1.63050000e-04,6.62878419e-08,4.06549168e-04
1087,1.63200000e-04,-5.50578482e-07,-3.37364266e-03
1088,1.63350000e-04,-1.80072964e-07,-1.10237505e-03
1089,1.63500000e-04,-2.07501585e-07,-1.26912285e-03
1090,1.63650000e-04,7.45920035e-07,4.55802038e-03
1091,1.63800000e-04,2.27681684e-07,1.38999807e-03
1092,1.63950000e-04,9.72198704e-08,5.92984876e-04
1093,1.64100000e-04,-5.37469232e-07,-3.27525431e-03
1094,1.64250000e-04,-3.37918016e-07,-2.05733952e-03
1095,1.64400000e-04,-3.87939513e-07,-2.35972939e-03
1096,1.64550000e-04,6.33467475e-07,3.84969599e-03
1097,1.64700000e-04,8.32340192e-07,5.05367451e-03
1098,1.64850000e-04,4.16418304e-08,2.52604370e-04
1099,1.65000000e-04,-1.38683127e-08,-8.40503801e-05
1100,1.65150000e-04,4.49755177e-07,2.72331321e-03
1101,1.65300000e-04,4.78391122e-07,2.89407817e-03
1102,1.65450000e-04,-8.43395084e-07,-5.09758286e-03
1103,1.65600000e-04,4.07831600e-07,2.46275121e-03
1104,1.65750000e-04,-1.12386432e-06,-6.78047856e-03
1105,1.65900000e-04,-5.82211301e-07,-3.50941109e-03
1106,1.66050000e-04,-3.35805767e-07,-2.02231718e-03
1107,1.66200000e-04,1.38230296e-07,8.31710564e-04
1108,1.66350000e-04,-3.81480969e-07,-2.29324298e-03
1109,1.66500000e-04,6.54583444e-07,3.93143210e-03
1110,1.66650000e-04,1.51948295e-07,9.11780947e-04
1111,1.66800000e-04,2.57069022e-07,1.54118119e-03
1112,1.66950000e-04,-3.94934672e-08,-2.36558653e-04
1113,1.67100000e-04,-1.44784979e-06,-8.66457085e-03
1114,1.67250000e-04,-2.34924032e-07,-1.40462800e-03
1115,1.67400000e-04,-8.21856210e-08,-4.90953530e-04
1116,1.67550000e-04,-1.96929799e-07,-1.17534944e-03
1117,1.67700000e-04,3.87341592e-07,2.30972923e-03
1118,1.67850000e-04,-8.15738712e-08,-4.85992679e-04
1119,1.68000000e-04,-8.55898077e-08,-5.09463141e-04
1120,1.68150000e-04,9.79817871e-07,5.82704651e-03
1121,1.68300000e-04,3.66012189e-07,2.17476048e-03
1122,1.68450000e-04,3.72854181e-07,2.21344127e-03
1123,1.68600000e-04,3.79592262e-07,2.25143690e-03
1124,1.68750000e-04,-3.51707823e-08,-2.08419451e-04
1125,1.68900000e-04,-6.45558079e-07,-3.82213191e-03
1126,1.69050000e-04,-1.10868450e-06,-6.55832299e-03
1127,1.69200000e-04,-4.30667501e-07,-2.54531620e-03
1128,1.69350000e-04,1.47611653e-07,8.71636567e-04
1129,1.69500000e-04,6.17374681e-07,3.64232850e-03
1130,1.69650000e-04,1.74788780e-06,1.03029048e-02
1131,1.69800000e-04,8.50848331e-07,5.01088534e-03
1132,1.69950000e-04,3.39556731e-07,1.99798018e-03
1133,1.70100000e-04,2.18492781e-07,1.28449607e-03
1134,1.70250000e-04,-6.25673362e-08,-3.67502709e-04
1135,1.70400000e-04,-1.78833529e-07,-1.04949254e-03
1136,1.70550000e-04,-1.53748536e-06,-9.01486577e-03
1137,1.70700000e-04,-1.49742137e-07,-8.77224001e-04
1138,1.70850000e-04,-8.20198789e-08,-4.80069528e-04
1139,1.71000000e-04,1.09592352e-06,6.40890945e-03
1140,1.71150000e-04,8.83571811e-07,5.16255806e-03
1141,1.71300000e-04,9.37032008e-08,5.47012264e-04
1142,1.71450000e-04,-7.62304069e-08,-4.44621796e-04
1143,1.71600000e-04,5.43026486e-08,3.16449001e-04
1144,1.71750000e-04,9.54699497e-08,5.55865792e-04
1145,1.71900000e-04,1.98492450e-07,1.15469721e-03
1146,1.72050000e-04,-1.17642635e-07,-6.83770036e-04
1147,1.72200000e-04,2.84638446e-08,1.65295265e-04
1148,1.72350000e-04,-1.39550756e-06,-8.09693974e-03
1149,1.72500000e-04,-5.78511449e-07,-3.35368956e-03
1150,1.72650000e-04,2.98818570e-07,1.73077654e-03
1151,1.72800000e-04,-4.40851569e-08,-2.55122436e-04
1152,1.72950000e-04,1.14375153e-07,6.61319184e-04
1153,1.73100000e-04,-9.27937087e-08,-5.36069952e-04
1154,1.73250000e-04,6.92731533e-07,3.99845040e-03
1155,1.73400000e-04,1.47626821e-06,8.51365748e-03
1156,1.73550000e-04,-4.11981137e-07,-2.37384694e-03
1157,1.73700000e-04,7.10344087e-07,4.08948812e-03
1158,1.73850000e-04,-4.70023620e-09,-2.70361588e-05
1159,1.74000000e-04,-6.84476826e-08,-3.93377486e-04
1160,1.74150000e-04,-4.49048098e-07,-2.57851334e-03
1161,1.74300000e-04,-4.50452884e-07,-2.58435389e-03
1162,1.74450000e-04,-7.58372612e-07,-4.34722047e-03
1163,1.74600000e-04,3.92920398e-08,2.25040320e-04
1164,1.74750000e-04,-2.76978974e-07,-1.58500128e-03
1165,1.74900000e-04,1.45369691e-07,8.31158894e-04
1166,1.75050000e-04,7.34258961e-07,4.19456704e-03
1167,1.75200000e-04,-2.45464724e-08,-1.40105436e-04
1168,1.75350000e-04,-4.24664893e-07,-2.42181291e-03
1169,1.75500000e-04,-6.10850629e-07,-3.48063036e-03
1170,1.75650000e-04,1.19726236e-07,6.81618195e-04
1171,1.75800000e-04,3.61330556e-07,2.05535015e-03
1172,1.75950000e-04,4.72193567e-07,2.68368040e-03
1173,1.76100000e-04,-3.78210354e-07,-2.14770218e-03
1174,1.76250000e-04,-1.38711070e-06,-7.87013163e-03
1175,1.76400000e-04,1.06068747e-07,6.01296750e-04
1176,1.76550000e-04,-2.20488971e-07,-1.24887551e-03
1177,1.76700000e-04,1.01714942e-06,5.75636345e-03
1178,1.76850000e-04,8.73294217e-07,4.93805042e-03
1179,1.77000000e-04,5.68644440e-07,3.21268045e-03
1180,1.77150000e-04,3.98030817e-08,2.24685756e-04
1181,1.77300000e-04,-7.52593672e-07,-4.24474716e-03
1182,1.77450000e-04,2.61547617e-07,1.47392289e-03
1183,1.77600000e-04,4.54621949e-07,2.55980827e-03
1184,1.77750000e-04,2.78208585e-07,1.56516785e-03
1185,1.77900000e-04,-6.32663102e-07,-3.55628500e-03
1186,1.78050000e-04,-2.13706991e-07,-1.20026392e-03
1187,1.78200000e-04,2.80809045e-07,1.57580834e-03
1188,1.78350000e-04,2.81220470e-07,1.57678985e-03
1189,1.78500000e-04,1.62738407e-07,9.11699758e-04
1190,1.78650000e-04,3.08173677e-07,1.72501358e-03
1191,1.78800000e-04,-3.84235140e-07,-2.14896611e-03
1192,1.78950000e-04,-1.82411903e-06,-1.01934564e-02
1193,1.79100000e-04,-4.74702276e-07,-2.65048730e-03
1194,1.79250000e-04,8.18950735e-07,4.56876282e-03
1195,1.79400000e-04,8.14632763e-07,4.54087382e-03
1196,1.79550000e-04,9.83251519e-07,5.47619894e-03
1197,1.79700000e-04,5.06669050e-07,2.81952727e-03
1198,1.79850000e-04,6.12014301e-07,3.40291522e-03
1199,1.80000000e-04,2.17413531e-07,1.20785295e-03
1200,1.80150000e-04,1.08671642e-06,6.03228654e-03
1201,1.80300000e-04,5.36480899e-07,2.97549029e-03
1202,1.80450000e-04,3.93346176e-07,2.17980702e-03
1203,1.80600000e-04,3.08118357e-07,1.70608171e-03
1204,1.80750000e-04,9.12596309e-07,5.04894223e-03
1205,1.80900000e-04,2.07097012e-07,1.14481488e-03
1206,1.81050000e-04,-4.64347069e-07,-2.56474493e-03
1207,1.81200000e-04,4.29098131e-07,2.36809123e-03
1208,1.81350000e-04,-5.59668294e-07,-3.08612238e-03
1209,1.81500000e-04,-6.35689514e-07,-3.50242157e-03
1210,1.81650000e-04,-2.99785616e-07,-1.65034746e-03
1211,1.81800000e-04,1.60304724e-07,8.81764159e-04
1212,1.81950000e-04,-3.56895082e-08,-1.96150086e-04
1213,1.82100000e-04,3.55887554e-07,1.95435230e-03
1214,1.82250000e-04,-2.91504607e-08,-1.59947658e-04
1215,1.82400000e-04,-1.81184962e-06,-9.93338608e-03
1216,1.82550000e-04,-4.88745338e-07,-2.67732313e-03
1217,1.82700000e-04,4.70268215e-08,2.57399133e-04
1218,1.82850000e-04,-8.38432477e-07,-4.58535673e-03
1219,1.83000000e-04,3.11441005e-07,1.70186342e-03
1220,1.83150000e-04,7.59575585e-07,4.14728684e-03
1221,1.83300000e-04,5.39941952e-07,2.94567350e-03
1222,1.83450000e-04,8.42176556e-07,4.59076890e-03
1223,1.83600000e-04,-7.49700346e-07,-4.08333522e-03
1224,1.83750000e-04,-9.59212406e-07,-5.22020357e-03
1225,1.83900000e-04,-1.08392057e-06,-5.89407594e-03
1226,1.84050000e-04,1.36690433e-07,7.42680974e-04
1227,1.84200000e-04,7.13389475e-07,3.87290703e-03
1228,1.84350000e-04,5.28597362e-07,2.86735754e-03
1229,1.84500000e-04,-2.42010021e-08,-1.31170743e-04
1230,1.84650000e-04,-5.99717173e-07,-3.24785905e-03
1231,1.84800000e-04,-7.31711214e-07,-3.95947627e-03
1232,1.84950000e-04,3.18815612e-07,1.72379352e-03
1233,1.85100000e-04,-8.86968643e-07,-4.79183491e-03
1234,1.85250000e-04,5.43239535e-07,2.93246713e-03
1235,1.85400000e-04,8.86275411e-07,4.78034202e-03
1236,1.85550000e-04,3.87299117e-07,2.08730325e-03
1237,1.85700000e-04,3.79273676e-07,2.04239998e-03
1238,1.85850000e-04,-3.64960465e-07,-1.96373670e-03
1239,1.86000000e-04,-1.13822361e-06,-6.11948178e-03
1240,1.86150000e-04,1.18168096e-07,6.34800407e-04
1241,1.86300000e-04,1.17679017e-06,6.31664076e-03
1242,1.86450000e-04,4.93399846e-07,2.64628504e-03
1243,1.86600000e-04,7.05492822e-07,3.78077611e-03
1244,1.86750000e-04,6.56535974e-07,3.51558755e-03
1245,1.86900000e-04,-3.11050166e-07,-1.66425985e-03
1246,1.87050000e-04,4.08215945e-08,2.18238944e-04
1247,1.87200000e-04,-7.02644091e-07,-3.75344066e-03
1248,1.87350000e-04,-4.91377032e-07,-2.62277572e-03
1249,1.87500000e-04,-1.27988233e-08,-6.82603911e-05
1250,1.87650000e-04,-7.24946862e-07,-3.86329263e-03
1251,1.87800000e-04,-8.21166512e-07,-4.37255864e-03
1252,1.87950000e-04,-4.71833310e-07,-2.51041931e-03
1253,1.88100000e-04,5.02115638e-07,2.66940796e-03
1254,1.88250000e-04,4.70664922e-07,2.50021207e-03
1255,1.88400000e-04,3.52703644e-08,1.87210002e-04
1256,1.88550000e-04,-2.83388315e-07,-1.50298761e-03
1257,1.88700000e-04,-5.91914100e-08,-3.13679968e-04
1258,1.88850000e-04,1.48333400e-06,7.85456185e-03
1259,1.89000000e-04,1.76034742e-07,9.31400753e-04
1260,1.89150000e-04,-1.19079349e-06,-6.29549823e-03
1261,1.89300000e-04,2.59060988e-07,1.36852080e-03
1262,1.89450000e-04,1.86003355e-08,9.81807099e-05
1263,1.89600000e-04,4.03838243e-07,2.12994854e-03
1264,1.89750000e-04,-1.70351932e-07,-8.97770391e-04
1265,1.89900000e-04,-1.36953112e-06,-7.21185422e-03
1266,1.90050000e-04,-6.20164689e-07,-3.26316595e-03
1267,1.90200000e-04,2.94776529e-07,1.54982402e-03
1268,1.90350000e-04,5.33724827e-07,2.80391293e-03
1269,1.90500000e-04,7.68550447e-07,4.03438555e-03
1270,1.90650000e-04,6.72782522e-07,3.52888813e-03
1271,1.90800000e-04,9.28680783e-07,4.86729970e-03
1272,1.90950000e-04,-2.70423236e-07,-1.41619919e-03
1273,1.91100000e-04,-1.46046270e-07,-7.64240032e-04
1274,1.91250000e-04,5.60786438e-07,2.93221667e-03
1275,1.91400000e-04,8.81536213e-08,4.60572734e-04
1276,1.91550000e-04,-3.95243876e-07,-2.06339794e-03
1277,1.91700000e-04,-5.36306313e-07,-2.79763335e-03
1278,1.91850000e-04,-3.77192002e-07,-1.96607768e-03
1279,1.92000000e-04,-4.63401938e-07,-2.41355176e-03
1280,1.92150000e-04,-4.15929744e-07,-2.16460965e-03
1281,1.92300000e-04,4.49890289e-07,2.33952308e-03
1282,1.92450000e-04,9.81097728e-08,5.09793571e-04
1283,1.92600000e-04,1.45193764e-07,7.53861701e-04
1284,1.92750000e-04,-6.18742817e-08,-3.21007947e-04
1285,1.92900000e-04,-1.32945353e-06,-6.89193122e-03
1286,1.93050000e-04,1.08644287e-06,5.62777968e-03
1287,1.93200000e-04,1.92508338e-07,9.96419970e-04
1288,1.93350000e-04,8.04175087e-07,4.15916777e-03
1289,1.93500000e-04,-1.27290190e-07,-6.57830439e-04
1290,1.93650000e-04,7.69141606e-07,3.97181309e-03
1291,1.93800000e-04,-4.90610773e-07,-2.53153134e-03
1292,1.93950000e-04,2.10436573e-07,1.08500424e-03
1293,1.94100000e-04,-3.85093057e-07,-1.98399308e-03
1294,1.94250000e-04,5.93250902e-07,3.05405870e-03
1295,1.94400000e-04,-1.11680412e-07,-5.74487718e-04
1296,1.94550000e-04,1.08499020e-07,5.57692213e-04
1297,1.94700000e-04,4.41522396e-07,2.26770619e-03
1298,1.94850000e-04,4.72265496e-07,2.42373876e-03
1299,1.95000000e-04,2.51166211e-07,1.28803185e-03
1300,1.95150000e-04,-1.59295955e-07,-8.16274428e-04
1301,1.95300000e-04,-1.00719934e-07,-5.15719067e-04
1302,1.95450000e-04,5.53588177e-07,2.83237747e-03
1303,1.95600000e-04,-2.78178295e-07,-1.42217942e-03
1304,1.95750000e-04,-2.38834071e-07,-1.22009742e-03
1305,1.95900000e-04,-5.81017481e-07,-2.96588811e-03
1306,1.96050000e-04,-2.37753214e-07,-1.21271724e-03
1307,1.96200000e-04,-3.82256250e-07,-1.94829893e-03
1308,1.96350000e-04,6.63579744e-08,3.37957598e-04
1309,1.96500000e-04,-1.55440389e-08,-7.91045239e-05
1310,1.96650000e-04,-4.24463303e-07,-2.15847090e-03
1311,1.96800000e-04,3.24971689e-07,1.65127891e-03
1312,1.96950000e-04,7.25965535e-07,3.68603978e-03
1313,1.97100000e-04,1.99600487e-08,1.01268639e-04
1314,1.97250000e-04,-5.64703000e-07,-2.86287959e-03
1315,1.97400000e-04,-2.30949796e-07,-1.16995844e-03
1316,1.97550000e-04,-2.68534244e-08,-1.35932292e-04
1317,1.97700000e-04,4.16197401e-07,2.10519677e-03
1318,1.97850000e-04,3.29702026e-08,1.66642419e-04
1319,1.98000000e-04,-1.03902934e-06,-5.24762292e-03
1320,1.98150000e-04,2.81770157e-07,1.42200432e-03
1321,1.98300000e-04,-2.00763036e-07,-1.01242076e-03
1322,1.98450000e-04,1.93444295e-07,9.74775988e-04
1323,1.98600000e-04,4.11344344e-07,2.07122026e-03
1324,1.98750000e-04,4.35148581e-07,2.18942682e-03
1325,1.98900000e-04,-2.90764520e-07,-1.46186285e-03
1326,1.99050000e-04,-4.80520741e-07,-2.41407054e-03
1327,1.99200000e-04,-1.77481558e-06,-8.90971676e-03
1328,1.99350000e-04,-3.86058018e-07,-1.93658399e-03
1329,1.99500000e-04,1.07277401e-07,5.37731334e-04
1330,1.99650000e-04,-2.70669043e-07,-1.35571772e-03
1331,1.99800000e-04,1.01053449e-06,5.05773018e-03
1332,1.99950000e-04,4.28886413e-07,2.14496831e-03
1333,2.00100000e-04,3.48935103e-10,1.74380361e-06
1334,2.00250000e-04,-5.72730470e-07,-2.86007725e-03
1335,2.00400000e-04,-3.33729002e-07,-1.66531438e-03
1336,2.00550000e-04,-6.98831693e-07,-3.48457588e-03
1337,2.00700000e-04,1.35372815e-08,6.74503314e-05
1338,2.00850000e-04,1.90299035e-07,9.47468435e-04
1339,2.01000000e-04,4.41759304e-07,2.19780748e-03
1340,2.01150000e-04,8.64754839e-07,4.29905463e-03
1341,2.01300000e-04,4.41468190e-07,2.19308589e-03
1342,2.01450000e-04,-1.19054118e-06,-5.90985944e-03
1343,2.01600000e-04,-7.93997787e-07,-3.93848109e-03
1344,2.01750000e-04,4.20030216e-07,2.08193416e-03
1345,2.01900000e-04,5.92688867e-07,2.93555655e-03
1346,2.02050000e-04,8.05690298e-07,3.98757881e-03
1347,2.02200000e-04,2.50504455e-07,1.23889443e-03
1348,2.02350000e-04,-4.29492811e-07,-2.12252439e-03
1349,2.02500000e-04,-3.44614790e-07,-1.70180143e-03
1350,2.02650000e-04,5.58850406e-07,2.75771234e-03
1351,2.02800000e-04,1.45617469e-07,7.18034858e-04
1352,2.02950000e-04,2.01140749e-09,9.91085235e-06
1353,2.03100000e-04,4.84996479e-07,2.38796888e-03
1354,2.03250000e-04,-1.37303183e-07,-6.75538415e-04
1355,2.03400000e-04,-4.33000416e-07,-2.12881227e-03
1356,2.03550000e-04,-2.89956147e-07,-1.42449593e-03
1357,2.03700000e-04,7.42676325e-08,3.64593188e-04
1358,2.03850000e-04,-3.38279776e-07,-1.65945438e-03
1359,2.04000000e-04,1.95306041e-07,9.57382552e-04
1360,2.04150000e-04,2.32438612e-07,1.13856778e-03
1361,2.04300000e-04,-7.51763634e-07,-3.67970452e-03
1362,2.04450000e-04,-3.84839298e-07,-1.88231498e-03
1363,2.04600000e-04,3.77428563e-07,1.84471438e-03
1364,2.04750000e-04,5.64126013e-07,2.75519420e-03
1365,2.04900000e-04,4.33020414e-07,2.11332559e-03
1366,2.05050000e-04,4.52243334e-07,2.20552711e-03
1367,2.05200000e-04,7.18314049e-07,3.50055579e-03
1368,2.05350000e-04,4.68645014e-07,2.28217684e-03
1369,2.05500000e-04,5.00902954e-07,2.43748396e-03
1370,2.05650000e-04,-3.99041390e-07,-1.94039091e-03
1371,2.05800000e-04,1.42041247e-07,6.90190706e-04
1372,2.05950000e-04,3.85245112e-07,1.87057593e-03
1373,2.06100000e-04,2.70591644e-07,1.31291433e-03
1374,2.06250000e-04,-5.13026020e-07,-2.48739888e-03
1375,2.06400000e-04,1.13420175e-07,5.49516350e-04
1376,2.06550000e-04,-9.61348893e-07,-4.65431563e-03
1377,2.06700000e-04,-3.15863674e-07,-1.52812614e-03
1378,2.06850000e-04,3.50045921e-07,1.69226938e-03
1379,2.07000000e-04,1.01073164e-06,4.88276152e-03
1380,2.07150000e-04,2.22119354e-08,1.07226336e-04
1381,2.07300000e-04,-2.52288753e-07,-1.21702245e-03
1382,2.07450000e-04,-3.77927813e-07,-1.82177784e-03
1383,2.07600000e-04,-4.20989808e-07,-2.02788925e-03
1384,2.07750000e-04,-4.56973109e-07,-2.19962989e-03
1385,2.07900000e-04,1.05060908e-06,5.05343472e-03
1386,2.08050000e-04,-5.25212383e-07,-2.52445269e-03
1387,2.08200000e-04,-4.42291206e-07,-2.12435738e-03
1388,2.08350000e-04,4.89022334e-08,2.34711943e-04
1389,2.08500000e-04,-3.93141494e-07,-1.88557071e-03
1390,2.08650000e-04,1.74392363e-07,8.35812906e-04
1391,2.08800000e-04,-7.94352479e-07,-3.80437011e-03
1392,2.08950000e-04,5.82019100e-07,2.78544676e-03
1393,2.09100000e-04,3.07641992e-07,1.47126730e-03
1394,2.09250000e-04,1.86115483e-07,8.89440779e-04
1395,2.09400000e-04,-4.18421573e-07,-1.99819280e-03
1396,2.09550000e-04,1.32459580e-07,6.32114437e-04
1397,2.09700000e-04,-3.21991678e-07,-1.53548726e-03
1398,2.09850000e-04,1.54929691e-07,7.38287783e-04
1399,2.10000000e-04,-1.20817370e-07,-5.75320811e-04
1400,2.10150000e-04,-6.43968928e-07,-3.06432990e-03
1401,2.10300000e-04,3.15548218e-07,1.50046704e-03
1402,2.10450000e-04,7.84415920e-07,3.72732678e-03
1403,2.10600000e-04,9.25007253e-08,4.39224717e-04
1404,2.10750000e-04,1.88001612e-07,8.92059846e-04
1405,2.10900000e-04,4.85014448e-07,2.29973660e-03
1406,2.11050000e-04,5.07471920e-07,2.40451040e-03
1407,2.11200000e-04,-2.93905638e-07,-1.39159866e-03
1408,2.11350000e-04,2.24635918e-07,1.06286216e-03
1409,2.11500000e-04,-5.42145067e-08,-2.56333365e-04
1410,2.11650000e-04,-5.77577300e-07,-2.72892653e-03
1411,2.11800000e-04,-1.70571688e-07,-8.05343193e-04
1412,2.11950000e-04,-1.59481118e-06,-7.52446889e-03
1413,2.12100000e-04,-4.68875611e-07,-2.21063466e-03
1414,2.12250000e-04,7.94675709e-07,3.74405517e-03
1415,2.12400000e-04,-3.62599470e-07,-1.70715382e-03
1416,2.12550000e-04,7.33202430e-07,3.44955272e-03
1417,2.12700000e-04,-3.08627267e-07,-1.45099796e-03
1418,2.12850000e-04,2.88314999e-08,1.35454545e-04
1419,2.13000000e-04,-1.06159684e-07,-4.98402271e-04
1420,2.13150000e-04,2.70245808e-08,1.26786680e-04
1421,2.13300000e-04,-3.96074607e-07,-1.85688986e-03
1422,2.13450000e-04,2.21742496e-07,1.03884983e-03
1423,2.13600000e-04,1.46444505e-06,6.85601617e-03
1424,2.13750000e-04,-3.58160870e-07,-1.67560641e-03
1425,2.13900000e-04,1.06545970e-06,4.98111127e-03
1426,2.14050000e-04,1.64366700e-07,7.67889277e-04
1427,2.14200000e-04,-4.66884527e-07,-2.17966633e-03
1428,2.14350000e-04,-1.38597373e-06,-6.46593762e-03
1429,2.14500000e-04,-1.16772961e-06,-5.44396086e-03
1430,2.14650000e-04,-5.36490385e-07,-2.49937286e-03
1431,2.14800000e-04,6.14093355e-07,2.85890761e-03
1432,2.14950000e-04,3.79598724e-07,1.76598615e-03
1433,2.15100000e-04,5.13207242e-07,2.38590071e-03
1434,2.15250000e-04,3.16217328e-07,1.46907005e-03
1435,2.15400000e-04,-9.22289463e-08,-4.28175238e-04
1436,2.15550000e-04,3.36108018e-07,1.55930419e-03
1437,2.15700000e-04,1.01349210e-07,4.69861891e-04
1438,2.15850000e-04,-1.22868059e-06,-5.69228904e-03
1439,2.16000000e-04,4.56074380e-07,2.11145546e-03
1440,2.16150000e-04,2.58679494e-07,1.19675917e-03
1441,2.16300000e-04,7.66240316e-08,3.54248875e-04
1442,2.16450000e-04,-1.75524872e-07,-8.10925721e-04
1443,2.16600000e-04,-9.66181361e-07,-4.46067110e-03
1444,2.16750000e-04,3.48046163e-07,1.60574931e-03
1445,2.16900000e-04,-1.50700270e-07,-6.94791469e-04
1446,2.17050000e-04,-4.48611743e-08,-2.06685899e-04
1447,2.17200000e-04,-2.72473168e-07,-1.25448052e-03
1448,2.17350000e-04,4.16726785e-07,1.91730750e-03
1449,2.17500000e-04,-3.72961333e-07,-1.71476475e-03
1450,2.17650000e-04,-1.57491465e-07,-7.23599656e-04
1451,2.17800000e-04,-4.01642524e-07,-1.84408872e-03
1452,2.17950000e-04,-1.42353711e-07,-6.53148479e-04
1453,2.18100000e-04,6.69071715e-07,3.06772909e-03
1454,2.18250000e-04,-1.33883873e-07,-6.13442717e-04
1455,2.18400000e-04,2.66757781e-07,1.22141841e-03
1456,2.18550000e-04,3.54588134e-07,1.62245772e-03
1457,2.18700000e-04,9.77337100e-08,4.46884819e-04
1458,2.18850000e-04,-2.73006941e-07,-1.24746146e-03
1459,2.19000000e-04,2.35510822e-07,1.07539188e-03
1460,2.19150000e-04,-1.56760404e-07,-7.15310991e-04
1461,2.19300000e-04,1.43435081e-07,6.54058736e-04
1462,2.19450000e-04,6.20014990e-08,2.82531324e-04
1463,2.19600000e-04,2.02110828e-07,9.20358960e-04
1464,2.19750000e-04,3.42755826e-07,1.55975348e-03
1465,2.19900000e-04,8.10171082e-07,3.68427050e-03
1466,2.20050000e-04,8.42998229e-07,3.83093947e-03
1467,2.20200000e-04,3.79681396e-07,1.72425702e-03
1468,2.20350000e-04,-7.85810972e-09,-3.56619456e-05
1469,2.20500000e-04,-2.83189800e-08,-1.28430749e-04
1470,2.20650000e-04,-1.50055214e-07,-6.80059885e-04
1471,2.20800000e-04,-1.20346019e-06,-5.45045377e-03
1472,2.20950000e-04,-8.17870964e-07,-3.70161106e-03
1473,2.21100000e-04,-2.15872384e-07,-9.76356329e-04
1474,2.21250000e-04,3.41282219e-07,1.54251851e-03
1475,2.21400000e-04,1.85885769e-08,8.39592453e-05
1476,2.21550000e-04,-1.08840976e-08,-4.91270486e-05
1477,2.21700000e-04,3.34960804e-07,1.51087417e-03
1478,2.21850000e-04,1.45220380e-07,6.54588144e-04
1479,2.22000000e-04,3.63712010e-07,1.63834239e-03
1480,2.22150000e-04,1.86932461e-07,8.41469550e-04
1481,2.22300000e-04,1.93769672e-07,8.71658445e-04
1482,2.22450000e-04,-1.99418794e-07,-8.96465697e-04
1483,2.22600000e-04,-2.77573275e-07,-1.24695990e-03
1484,2.22750000e-04,7.71807963e-07,3.46490668e-03
1485,2.22900000e-04,4.38374655e-07,1.96668755e-03
1486,2.23050000e-04,-1.85979963e-08,-8.33803912e-05
1487,2.23200000e-04,-5.62766569e-07,-2.52135560e-03
1488,2.23350000e-04,8.00185007e-08,3.58265058e-04
1489,2.23500000e-04,-2.81997456e-07,-1.26173359e-03
1490,2.23650000e-04,7.18947671e-07,3.21461065e-03
1491,2.23800000e-04,-1.74758509e-07,-7.80869120e-04
1492,2.23950000e-04,-1.19019386e-07,-5.31455175e-04
1493,2.24100000e-04,3.06265663e-07,1.36664732e-03
1494,2.24250000e-04,4.23865309e-07,1.89014631e-03
1495,2.24400000e-04,7.62400756e-07,3.39750782e-03
1496,2.24550000e-04,-2.01326372e-07,-8.96577032e-04
1497,2.24700000e-04,-6.75831387e-07,-3.00770533e-03
1498,2.24850000e-04,-4.57802334e-08,-2.03603440e-04
1499,2.25000000e-04,-7.59467689e-08,-3.37541195e-04
1500,2.25150000e-04,2.53692524e-07,1.12677115e-03
1501,2.25300000e-04,-4.42840792e-07,-1.96556055e-03
1502,2.25450000e-04,-6.44986500e-07,-2.86088490e-03
1503,2.25600000e-04,1.88353246e-07,8.34899140e-04
1504,2.25750000e-04,7.67091102e-08,3.39796723e-04
1505,2.25900000e-04,1.54282117e-06,6.82966431e-03
1506,2.26050000e-04,4.79729376e-08,2.12222684e-04
1507,2.26200000e-04,4.18025186e-07,1.84803354e-03
1508,2.26350000e-04,-3.15833272e-07,-1.39533144e-03
1509,2.26500000e-04,4.32738959e-07,1.91054728e-03
1510,2.26650000e-04,-4.77086614e-07,-2.10494866e-03
1511,2.26800000e-04,4.26102361e-07,1.87875820e-03
1512,2.26950000e-04,-1.14104887e-07,-5.02775445e-04
1513,2.27100000e-04,-3.59944035e-07,-1.58495832e-03
1514,2.27250000e-04,8.43045420e-08,3.70977083e-04
1515,2.27400000e-04,-1.65312088e-07,-7.26966088e-04
1516,2.27550000e-04,-1.71721677e-08,-7.54654700e-05
1517,2.27700000e-04,4.68205439e-07,2.05623820e-03
1518,2.27850000e-04,-1.44890491e-07,-6.35902966e-04
1519,2.28000000e-04,-6.68368953e-07,-2.93144278e-03
1520,2.28150000e-04,2.33415423e-07,1.02307878e-03
1521,2.28300000e-04,-1.69740245e-07,-7.43496476e-04
1522,2.28450000e-04,-4.08269463e-07,-1.78712831e-03
1523,2.28600000e-04,5.26200046e-07,2.30183747e-03
1524,2.28750000e-04,7.61516114e-07,3.32903219e-03
1525,2.28900000e-04,1.68042388e-07,7.34130134e-04
1526,2.29050000e-04,-3.08985456e-07,-1.34898693e-03
1527,2.29200000e-04,-1.52095005e-07,-6.63590772e-04
1528,2.29350000e-04,4.62035155e-07,2.01454177e-03
1529,2.29500000e-04,1.14232939e-08,4.97747009e-05
1530,2.29650000e-04,-6.34736050e-07,-2.76392794e-03
1531,2.29800000e-04,-1.61236210e-07,-7.01637120e-04
1532,2.29950000e-04,-6.09877704e-07,-2.65221876e-03
1533,2.30100000e-04,-4.82196754e-08,-2.09559650e-04
1534,2.30250000e-04,1.86980486e-07,8.12075944e-04
1535,2.30400000e-04,3.65366940e-07,1.58579401e-03
1536,2.30550000e-04,6.30825610e-07,2.73617701e-03
1537,2.30700000e-04,2.43961417e-07,1.05748338e-03
1538,2.30850000e-04,5.78965839e-07,2.50797418e-03
1539,2.31000000e-04,-1.54620951e-06,-6.69354766e-03
1540,2.31150000e-04,-2.44009679e-08,-1.05563348e-04
1541,2.31300000e-04,5.53956480e-07,2.39496965e-03
1542,2.31450000e-04,6.32809424e-07,2.73410855e-03
1543,2.31600000e-04,1.02447886e-07,4.42348384e-04
1544,2.31750000e-04,-1.66951788e-07,-7.20396063e-04
1545,2.31900000e-04,-1.42701976e-07,-6.15359967e-04
1546,2.32050000e-04,-2.65501431e-07,-1.14415613e-03
1547,2.32200000e-04,-1.81953475e-09,-7.83606695e-06
1548,2.32350000e-04,-1.09911555e-06,-4.73043058e-03
1549,2.32500000e-04,1.32487052e-07,5.69836785e-04
1550,2.32650000e-04,-2.50556208e-07,-1.07696629e-03
1551,2.32800000e-04,4.31389379e-07,1.85304716e-03
1552,2.32950000e-04,-4.69823926e-07,-2.01684450e-03
1553,2.33100000e-04,4.82260095e-07,2.06889788e-03
1554,2.33250000e-04,4.19690676e-07,1.79931694e-03
1555,2.33400000e-04,-8.80122748e-07,-3.77087724e-03
1556,2.33550000e-04,4.53621125e-07,1.94228698e-03
1557,2.33700000e-04,2.77902069e-07,1.18914022e-03
1558,2.33850000e-04,6.50006744e-07,2.77958839e-03
1559,2.34000000e-04,4.76072795e-07,2.03449913e-03
1560,2.34150000e-04,6.76276446e-07,2.88821886e-03
1561,2.34300000e-04,-8.22972838e-07,-3.51247477e-03
1562,2.34450000e-04,-3.74716471e-08,-1.59827883e-04
1563,2.34600000e-04,-4.72192283e-07,-2.01275483e-03
1564,2.34750000e-04,-1.03810593e-06,-4.42217648e-03
1565,2.34900000e-04,-1.88692937e-08,-8.03290493e-05
1566,2.35050000e-04,-9.03511971e-07,-3.84391394e-03
1567,2.35200000e-04,9.12050426e-07,3.87776542e-03
1568,2.35350000e-04,2.03199047e-07,8.63390894e-04
1569,2.35500000e-04,-5.35363732e-07,-2.27330672e-03
1570,2.35650000e-04,2.79785242e-07,1.18729150e-03
1571,2.35800000e-04,-9.25818267e-07,-3.92628612e-03
1572,2.35950000e-04,3.11812229e-08,1.32151824e-04
1573,2.36100000e-04,9.75985772e-08,4.13378133e-04
1574,2.36250000e-04,3.27562792e-07,1.38650917e-03
1575,2.36400000e-04,4.02975322e-07,1.70463334e-03
1576,2.36550000e-04,7.38192943e-07,3.12066347e-03
1577,2.36700000e-04,-1.62569691e-09,-6.86817453e-06
1578,2.36850000e-04,-8.76977939e-08,-3.70267232e-04
1579,2.37000000e-04,-5.85319242e-08,-2.46970144e-04
1580,2.37150000e-04,7.85017918e-07,3.31021682e-03
1581,2.37300000e-04,-2.43271396e-07,-1.02516391e-03
1582,2.37450000e-04,2.32064401e-07,9.77319021e-04
1583,2.37600000e-04,-1.15457635e-07,-4.85932805e-04
1584,2.37750000e-04,7.37192405e-08,3.10070412e-04
1585,2.37900000e-04,-2.46851518e-07,-1.03762723e-03
1586,2.38050000e-04,-7.76256961e-08,-3.26089881e-04
1587,2.38200000e-04,-4.24254278e-07,-1.78108429e-03
1588,2.38350000e-04,-8.26507012e-07,-3.46761910e-03
1589,2.38500000e-04,7.05457467e-07,2.95789294e-03
1590,2.38650000e-04,-1.52127504e-07,-6.37450259e-04
1591,2.38800000e-04,-1.12678936e-06,-4.71854842e-03
1592,2.38950000e-04,-8.32199099e-07,-3.48273320e-03
1593,2.39100000e-04,1.43608434e-07,6.00620801e-04
1594,2.39250000e-04,5.49739218e-07,2.29776058e-03
1595,2.39400000e-04,7.25270941e-07,3.02953609e-03
1596,2.39550000e-04,1.03460676e-06,4.31895953e-03
1597,2.39700000e-04,6.48861505e-07,2.70697332e-03
1598,2.39850000e-04,3.30668545e-07,1.37864726e-03
1599,2.40000000e-04,-3.35913549e-07,-1.39963979e-03
1600,2.40150000e-04,8.85684907e-07,3.68804875e-03
1601,2.40300000e-04,-7.48838058e-08,-3.11626325e-04
1602,2.40450000e-04,-1.04790590e-06,-4.35810313e-03
1603,2.40600000e-04,-8.56467969e-06,-3.55971724e-02
1604,2.40750000e-04,-9.95026994e-09,-4.13303009e-05
1605,2.40900000e-04,1.84238553e-08,7.64792666e-05
1606,2.41050000e-04,-7.29369276e-08,-3.02580077e-04
1607,2.41200000e-04,7.72313320e-07,3.20196235e-03
1608,2.41350000e-04,-9.15053258e-07,-3.79139531e-03
1609,2.41500000e-04,-1.40270639e-06,-5.80830802e-03
1610,2.41650000e-04,-7.04092375e-07,-2.91368663e-03
1611,2.41800000e-04,5.15248598e-07,2.13088750e-03
1612,2.41950000e-04,7.17713597e-07,2.96637155e-03
1613,2.42100000e-04,-2.92748542e-07,-1.20920505e-03
1614,2.42250000e-04,-6.28630032e-07,-2.59496401e-03
1615,2.42400000e-04,8.19290246e-07,3.37991026e-03
1616,2.42550000e-04,7.29579437e-08,3.00795480e-04
1617,2.42700000e-04,6.75671161e-07,2.78397676e-03
1618,2.42850000e-04,-2.05087331e-06,-8.44502085e-03
1619,2.43000000e-04,3.55124998e-07,1.46141974e-03
1620,2.43150000e-04,1.14563804e-06,4.71165141e-03
1621,2.43300000e-04,8.33618000e-07,3.42629675e-03
1622,2.43450000e-04,-3.58692466e-07,-1.47337222e-03
1623,2.43600000e-04,-7.23204895e-07,-2.96882141e-03
1624,2.43750000e-04,-3.19817726e-07,-1.31207272e-03
1625,2.43900000e-04,-4.35913517e-07,-1.78726329e-03
1626,2.44050000e-04,-7.54990279e-07,-3.09358852e-03
1627,2.44200000e-04,-1.18047749e-07,-4.83406017e-04
1628,2.44350000e-04,-1.41689612e-06,-5.79863358e-03
1629,2.44500000e-04,-6.49517366e-07,-2.65651274e-03
1630,2.44650000e-04,-1.22465508e-06,-5.00574325e-03
1631,2.44800000e-04,1.56774609e-07,6.40419156e-04
1632,2.44950000e-04,-2.15187534e-07,-8.78495752e-04
1633,2.45100000e-04,8.09536305e-09,3.30288170e-05
1634,2.45250000e-04,4.29784885e-07,1.75243582e-03
1635,2.45400000e-04,7.47213898e-07,3.04488141e-03
1636,2.45550000e-04,-6.96108286e-07,-2.83489426e-03
1637,2.45700000e-04,2.61885936e-07,1.06587683e-03
1638,2.45850000e-04,1.74011580e-07,7.07795730e-04
1639,2.46000000e-04,-4.35009415e-08,-1.76833096e-04
1640,2.46150000e-04,1.34505544e-07,5.46437313e-04
1641,2.46300000e-04,-1.44391414e-08,-5.86242040e-05
1642,2.46450000e-04,-6.08531933e-07,-2.46919023e-03
1643,2.46600000e-04,-2.47265598e-07,-1.00269910e-03
1644,2.46750000e-04,2.00118157e-06,8.11015833e-03
1645,2.46900000e-04,1.47816554e-07,5.98689970e-04
1646,2.47050000e-04,-7.47275521e-07,-3.02479466e-03
1647,2.47200000e-04,-8.22623508e-07,-3.32776500e-03
1648,2.47350000e-04,5.91879966e-07,2.39288444e-03
1649,2.47500000e-04,2.93069474e-07,1.18411909e-03
1650,2.47650000e-04,2.01159705e-07,8.12274199e-04
1651,2.47800000e-04,-3.76106007e-07,-1.51778050e-03
1652,2.47950000e-04,-5.02153679e-07,-2.02522153e-03
1653,2.48100000e-04,-6.31506040e-07,-2.54536897e-03
1654,2.48250000e-04,5.25425488e-07,2.11651758e-03
1655,2.48400000e-04,2.20598441e-07,8.88077459e-04
1656,2.48550000e-04,-5.69673624e-07,-2.29198803e-03
1657,2.48700000e-04,-3.97244906e-07,-1.59728551e-03
1658,2.48850000e-04,-1.82510806e-08,-7.33416944e-05
1659,2.49000000e-04,8.72217324e-07,3.50288082e-03
1660,2.49150000e-04,6.86128792e-07,2.75387835e-03
1661,2.49300000e-04,-1.18227547e-06,-4.74238054e-03
1662,2.49450000e-04,2.93673983e-07,1.17728596e-03
1663,2.49600000e-04,-2.88884595e-07,-1.15739021e-03
1664,2.49750000e-04,5.11752519e-07,2.04905914e-03
1665,2.49900000e-04,-6.81541624e-07,-2.72725740e-03
1666,2.50050000e-04,8.62258736e-07,3.44834527e-03
1667,2.50200000e-04,1.88357141e-06,7.52826305e-03
1668,2.50350000e-04,-8.98507691e-07,-3.58900616e-03
1669,2.50500000e-04,3.26717678e-07,1.30426219e-03
1670,2.50650000e-04,5.50415577e-07,2.19595283e-03
1671,2.50800000e-04,1.33634261e-07,5.32831982e-04
1672,2.50950000e-04,2.59712336e-07,1.03491666e-03
1673,2.51100000e-04,-1.48739788e-07,-5.92352802e-04
1674,2.51250000e-04,-6.20160722e-07,-2.46830138e-03
1675,2.51400000e-04,-4.47145188e-07,-1.77862048e-03
1676,2.51550000e-04,-2.21870682e-07,-8.82014239e-04
1677,2.51700000e-04,-1.73963081e-06,-6.91152488e-03
1678,2.51850000e-04,-2.94825517e-07,-1.17063934e-03
1679,2.52000000e-04,-2.63135831e-07,-1.04418981e-03
1680,2.52150000e-04,-7.09047526e-07,-2.81200685e-03
1681,2.52300000e-04,7.34502448e-07,2.91122651e-03
1682,2.52450000e-04,-3.05543155e-08,-1.21031157e-04
1683,2.52600000e-04,4.60580365e-07,1.82335853e-03
1684,2.52750000e-04,-3.13520482e-07,-1.24043712e-03
1685,2.52900000e-04,-2.02094943e-06,-7.99110095e-03
1686,2.53050000e-04,-8.76090303e-07,-3.46212331e-03
1687,2.53200000e-04,7.37887677e-07,2.91424833e-03
1688,2.53350000e-04,-6.33582564e-08,-2.50081928e-04
1689,2.53500000e-04,4.45556084e-07,1.75761769e-03
1690,2.53650000e-04,4.28887269e-07,1.69086248e-03
1691,2.53800000e-04,1.09804559e-06,4.32642078e-03
1692,2.53950000e-04,-4.94593948e-08,-1.94760365e-04
1693,2.54100000e-04,-7.70600603e-07,-3.03266668e-03
1694,2.54250000e-04,-9.17467080e-08,-3.60852342e-04
1695,2.54400000e-04,9.48512415e-08,3.72842931e-04
1696,2.54550000e-04,1.17462026e-06,4.61449720e-03
1697,2.54700000e-04,1.24690338e-07,4.89557668e-04
1698,2.54850000e-04,-6.28565974e-07,-2.46641544e-03
1699,2.55000000e-04,-4.81526325e-07,-1.88833853e-03
1700,2.55150000e-04,-2.64879255e-07,-1.03813151e-03
1701,2.55300000e-04,7.46769087e-07,2.92506497e-03
1702,2.55450000e-04,9.18066679e-07,3.59391928e-03
1703,2.55600000e-04,2.11952607e-07,8.29235553e-04
1704,2.55750000e-04,-4.52773495e-07,-1.77037535e-03
1705,2.55900000e-04,-1.10074942e-06,-4.30148268e-03
1706,2.56050000e-04,1.70910860e-06,6.67490176e-03
1707,2.56200000e-04,5.05045834e-07,1.97129522e-03
1708,2.56350000e-04,5.60247120e-07,2.18547735e-03
1709,2.56500000e-04,-3.18293757e-06,-1.24091133e-02
1710,2.56650000e-04,1.70977183e-07,6.66188126e-04
1711,2.56800000e-04,-8.65178365e-07,-3.36907463e-03
1712,2.56950000e-04,-9.11200686e-07,-3.54621789e-03
1713,2.57100000e-04,-2.96651804e-07,-1.15383821e-03
1714,2.57250000e-04,4.26822884e-07,1.65917545e-03
1715,2.57400000e-04,3.40793802e-08,1.32398525e-04
1716,2.57550000e-04,2.02274714e-07,7.85380370e-04
1717,2.57700000e-04,1.58289280e-07,6.14238573e-04
1718,2.57850000e-04,1.55485910e-07,6.03009154e-04
1719,2.58000000e-04,-3.22386003e-07,-1.24955815e-03
1720,2.58150000e-04,1.74591519e-07,6.76318106e-04
1721,2.58300000e-04,4.30798806e-07,1.66782349e-03
1722,2.58450000e-04,-5.41027805e-07,-2.09335579e-03
1723,2.58600000e-04,-1.53641946e-06,-5.94129723e-03
1724,2.58750000e-04,-8.97272448e-07,-3.46771961e-03
1725,2.58900000e-04,2.67141257e-06,1.03183182e-02
1726,2.59050000e-04,-9.54032087e-07,-3.68281060e-03
1727,2.59200000e-04,-5.87479523e-07,-2.26651050e-03
1728,2.59350000e-04,3.38851454e-07,1.30654117e-03
1729,2.59500000e-04,4.47665915e-07,1.72510950e-03
1730,2.59650000e-04,-3.21057493e-07,-1.23650103e-03
1731,2.59800000e-04,8.39283299e-07,3.23049769e-03
1732,2.59950000e-04,4.42374738e-07,1.70176856e-03
1733,2.60100000e-04,9.30478308e-07,3.57738680e-03
1734,2.60250000e-04,5.24758285e-07,2.01636229e-03
1735,2.60400000e-04,-5.05381130e-07,-1.94078775e-03
1736,2.60550000e-04,-5.18317436e-07,-1.98932042e-03
1737,2.60700000e-04,7.89533665e-08,3.02851425e-04
1738,2.60850000e-04,-1.59363785e-07,-6.10940331e-04
1739,2.61000000e-04,4.41711768e-07,1.69238225e-03
1740,2.61150000e-04,-1.37145183e-06,-5.25158656e-03
1741,2.61300000e-04,4.00669466e-07,1.53336956e-03
1742,2.61450000e-04,4.40261727e-07,1.68392322e-03
1743,2.61600000e-04,7.80149011e-07,2.98222099e-03
1744,2.61750000e-04,3.30905773e-07,1.26420544e-03
1745,2.61900000e-04,2.18174572e-07,8.33045329e-04
1746,2.62050000e-04,-8.03443369e-07,-3.06599263e-03
1747,2.62200000e-04,2.92101460e-07,1.11404066e-03
1748,2.62350000e-04,-1.21251595e-07,-4.62174936e-04
1749,2.62500000e-04,-6.91368349e-07,-2.63378419e-03
1750,2.62650000e-04,-4.76119276e-07,-1.81275186e-03
1751,2.62800000e-04,1.75613691e-06,6.68240832e-03
1752,2.62950000e-04,1.71403142e-07,6.51846900e-04
1753,2.63100000e-04,-7.32777696e-08,-2.78516798e-04
1754,2.63250000e-04,2.97791265e-07,1.13121088e-03
1755,2.63400000e-04,2.63888040e-08,1.00185285e-04
1756,2.63550000e-04,-8.53101288e-07,-3.23696182e-03
1757,2.63700000e-04,-5.06511606e-07,-1.92078728e-03
1758,2.63850000e-04,-1.06175819e-06,-4.02409774e-03
1759,2.64000000e-04,-3.33065763e-07,-1.26161274e-03
1760,2.64150000e-04,2.38074733e-07,9.01286138e-04
1761,2.64300000e-04,-1.71716540e-07,-6.49703139e-04
1762,2.64450000e-04,-3.25290057e-07,-1.23006261e-03
1763,2.64600000e-04,-1.39880628e-07,-5.28649388e-04
1764,2.64750000e-04,5.03008711e-07,1.89993847e-03
1765,2.64900000e-04,-2.76801519e-07,-1.04492835e-03
1766,2.65050000e-04,8.55068087e-07,3.22606334e-03
1767,2.65200000e-04,-7.50230225e-08,-2.82892242e-04
1768,2.65350000e-04,-7.46575262e-07,-2.81354913e-03
1769,2.65500000e-04,-2.18903413e-07,-8.24494963e-04
1770,2.65650000e-04,4.99718802e-07,1.88111727e-03
1771,2.65800000e-04,2.25429862e-07,8.48118368e-04
1772,2.65950000e-04,-5.49582955e-07,-2.06648977e-03
1773,2.66100000e-04,-3.47477027e-07,-1.30581370e-03
1774,2.66250000e-04,2.38942414e-07,8.97436298e-04
1775,2.66400000e-04,1.58806049e-06,5.96118803e-03
1776,2.66550000e-04,5.30062625e-07,1.98860486e-03
1777,2.66700000e-04,3.19186806e-08,1.19680092e-04
1778,2.66850000e-04,3.84214478e-07,1.43981442e-03
1779,2.67000000e-04,-1.31391854e-06,-4.92104321e-03
1780,2.67150000e-04,-4.92783262e-07,-1.84459391e-03
1781,2.67300000e-04,5.23813873e-07,1.95964786e-03
1782,2.67450000e-04,9.75062753e-07,3.64577586e-03
1783,2.67600000e-04,-3.25977104e-07,-1.21815061e-03
1784,2.67750000e-04,2.31390314e-07,8.64202853e-04
1785,2.67900000e-04,-1.08710110e-06,-4.05786153e-03
1786,2.68050000e-04,-5.22076862e-07,-1.94768462e-03
1787,2.68200000e-04,-1.05769059e-06,-3.94366365e-03
1788,2.68350000e-04,-8.66214640e-07,-3.22792860e-03
1789,2.68500000e-04,-1.01425654e-07,-3.77749176e-04
1790,2.68650000e-04,-6.67462247e-07,-2.48450492e-03
1791,2.68800000e-04,2.99105639e-07,1.11274419e-03
1792,2.68950000e-04,7.68487221e-08,2.85736092e-04
1793,2.69100000e-04,7.00008529e-07,2.60129517e-03
1794,2.69250000e-04,-6.33690860e-08,-2.35354080e-04
1795,2.69400000e-04,5.37764647e-07,1.99615682e-03
1796,2.69550000e-04,-2.80215575e-07,-1.03956808e-03
1797,2.69700000e-04,-1.33981200e-07,-4.96778644e-04
1798,2.69850000e-04,5.20231622e-07,1.92785481e-03
1799,2.70000000e-04,6.21992643e-07,2.30367646e-03
1800,2.70150000e-04,-9.67889753e-08,-3.58278643e-04
1801,2.70300000e-04,6.07417281e-08,2.24719675e-04
1802,2.70450000e-04,2.22684241e-07,8.23384141e-04
1803,2.70600000e-04,5.75766107e-07,2.12773875e-03
1804,2.70750000e-04,2.76028037e-06,1.01949413e-02
1805,2.70900000e-04,6.19072496e-07,2.28524362e-03
1806,2.71050000e-04,-8.04522475e-07,-2.96816999e-03
1807,2.71200000e-04,-4.70101641e-07,-1.73341313e-03
1808,2.71350000e-04,-2.22724696e-08,-8.20802272e-05
1809,2.71500000e-04,1.39783922e-07,5.14857909e-04
1810,2.71650000e-04,-6.93345781e-09,-2.55234964e-05
1811,2.71800000e-04,7.26218672e-07,2.67188621e-03
1812,2.71950000e-04,-9.12636281e-07,-3.35589734e-03
1813,2.72100000e-04,-9.32290076e-08,-3.42627738e-04
1814,2.72250000e-04,-1.25910164e-06,-4.62479943e-03
1815,2.72400000e-04,2.94555289e-07,1.08133366e-03
1816,2.72550000e-04,-1.36107060e-07,-4.99383818e-04
1817,2.72700000e-04,-4.65875104e-07,-1.70837955e-03
1818,2.72850000e-04,-3.71959828e-07,-1.36323925e-03
1819,2.73000000e-04,-3.28939467e-07,-1.20490647e-03
1820,2.73150000e-04,5.37521266e-07,1.96786112e-03
1821,2.73300000e-04,8.47789752e-07,3.10204812e-03
1822,2.73450000e-04,6.10150867e-07,2.23130688e-03
1823,2.73600000e-04,-6.47531177e-07,-2.36670752e-03
1824,2.73750000e-04,-9.85615834e-07,-3.60042314e-03
1825,2.73900000e-04,3.85882010e-07,1.40884268e-03
1826,2.74050000e-04,5.90164229e-07,2.15349107e-03
1827,2.74200000e-04,2.94547256e-07,1.07420589e-03
1828,2.74350000e-04,-3.80261447e-07,-1.38604501e-03
1829,2.74500000e-04,-1.32726600e-07,-4.83521313e-04
1830,2.74650000e-04,3.41536056e-07,1.24353197e-03
1831,2.74800000e-04,1.43984280e-07,5.23960264e-04
1832,2.74950000e-04,8.39446557e-08,3.05308804e-04
1833,2.75100000e-04,-7.53245410e-07,-2.73807855e-03
1834,2.75250000e-04,7.31076018e-08,2.65604366e-04
1835,2.75400000e-04,5.59739751e-07,2.03246097e-03
1836,2.75550000e-04,7.36064640e-07,2.67125618e-03
1837,2.75700000e-04,6.32486818e-08,2.29411251e-04
1838,2.75850000e-04,-1.73114799e-06,-6.27568603e-03
1839,2.76000000e-04,-9.03691824e-07,-3.27424574e-03
1840,2.76150000e-04,8.49435720e-07,3.07599392e-03
1841,2.76300000e-04,-5.70546175e-07,-2.06495177e-03
1842,2.76450000e-04,1.40798750e-06,5.09310004e-03
1843,2.76600000e-04,-5.08052509e-07,-1.83677697e-03
1844,2.76750000e-04,9.81395735e-07,3.54614539e-03
1845,2.76900000e-04,-1.24382280e-07,-4.49195668e-04
1846,2.77050000e-04,-4.92803076e-07,-1.77875140e-03
1847,2.77200000e-04,-3.24386919e-07,-1.17022698e-03
1848,2.77350000e-04,8.79653594e-09,3.17163726e-05
1849,2.77500000e-04,-3.95801647e-07,-1.42631224e-03
1850,2.77650000e-04,1.31651093e-06,4.74162050e-03
1851,2.77800000e-04,6.02313666e-08,2.16815574e-04
1852,2.77950000e-04,-4.38240445e-07,-1.57668805e-03
1853,2.78100000e-04,1.35765179e-06,4.88188347e-03
1854,2.78250000e-04,5.81503664e-07,2.08986043e-03
1855,2.78400000e-04,-1.18942548e-06,-4.27236164e-03
1856,2.78550000e-04,-6.01099488e-07,-2.15795903e-03
1857,2.78700000e-04,-7.46236669e-07,-2.67756250e-03
1858,2.78850000e-04,1.21480258e-06,4.35647331e-03
1859,2.79000000e-04,-1.41160614e-07,-5.05952021e-04
1860,2.79150000e-04,-6.75312296e-07,-2.41917355e-03
1861,2.79300000e-04,-3.28194893e-07,-1.17506228e-03
1862,2.79450000e-04,-2.39810516e-07,-8.58151785e-04
1863,2.79600000e-04,-2.38151914e-07,-8.51759350e-04
1864,2.79750000e-04,9.22615534e-07,3.29800012e-03
1865,2.79900000e-04,7.47025746e-07,2.66890227e-03
1866,2.80050000e-04,-5.36685976e-07,-1.91639341e-03
1867,2.80200000e-04,4.04142845e-07,1.44233706e-03
1868,2.80350000e-04,-3.91078672e-07,-1.39496583e-03
1869,2.80500000e-04,-9.38965429e-07,-3.34747033e-03
1870,2.80650000e-04,4.75337312e-07,1.69370145e-03
1871,2.80800000e-04,4.02722024e-07,1.43419524e-03
1872,2.80950000e-04,-3.72333519e-07,-1.32526613e-03
1873,2.81100000e-04,4.66707431e-07,1.66028969e-03
1874,2.81250000e-04,5.34641165e-07,1.90094636e-03
1875,2.81400000e-04,-2.59618131e-08,-9.22594639e-05
1876,2.81550000e-04,-1.26256403e-06,-4.48433325e-03
1877,2.81700000e-04,-4.57365703e-07,-1.62359142e-03
1878,2.81850000e-04,-1.46583588e-06,-5.20076594e-03
1879,2.82000000e-04,-1.07871178e-06,-3.82521909e-03
1880,2.82150000e-04,-7.46393072e-07,-2.64537683e-03
1881,2.82300000e-04,-6.63430722e-07,-2.35009112e-03
1882,2.82450000e-04,2.12789456e-07,7.53370351e-04
1883,2.82600000e-04,3.52576281e-07,1.24761600e-03
1884,2.82750000e-04,1.16762740e-07,4.12953987e-04
1885,2.82900000e-04,8.85109254e-07,3.12870009e-03
1886,2.83050000e-04,6.24205472e-07,2.20528342e-03
1887,2.83200000e-04,3.86763350e-08,1.36568980e-04
1888,2.83350000e-04,5.78195088e-07,2.04056851e-03
1889,2.83500000e-04,-1.95130045e-07,-6.88289402e-04
1890,2.83650000e-04,-3.22910898e-07,-1.13841318e-03
1891,2.83800000e-04,-4.74893007e-07,-1.67333688e-03
1892,2.83950000e-04,1.14789826e-07,4.04260700e-04
1893,2.84100000e-04,8.37386088e-07,2.94750471e-03
1894,2.84250000e-04,4.90034087e-07,1.72395457e-03
1895,2.84400000e-04,1.24444559e-06,4.37568774e-03
1896,2.84550000e-04,-2.40167736e-07,-8.44026485e-04
1897,2.84700000e-04,-5.86974238e-07,-2.06172897e-03
1898,2.84850000e-04,-4.00876135e-07,-1.40732363e-03
1899,2.85000000e-04,-1.49472587e-07,-5.24465218e-04
1900,2.85150000e-04,3.82842135e-07,1.34259911e-03
1901,2.85300000e-04,3.03476480e-07,1.06371006e-03
1902,2.85450000e-04,-4.47781831e-07,-1.56868744e-03
1903,2.85600000e-04,-4.27688670e-07,-1.49750935e-03
1904,2.85750000e-04,2.10938129e-07,7.38191178e-04
1905,2.85900000e-04,-5.39775218e-07,-1.88798607e-03
1906,2.86050000e-04,-7.37984159e-07,-2.57991316e-03
1907,2.86200000e-04,7.85038576e-08,2.74297196e-04
1908,2.86350000e-04,-1.13660568e-06,-3.96928822e-03
1909,2.86500000e-04,6.41050876e-07,2.23752487e-03
1910,2.86650000e-04,4.09376330e-07,1.42814000e-03
1911,2.86800000e-04,-4.89775651e-07,-1.70772542e-03
1912,2.86950000e-04,3.52178780e-07,1.22731758e-03
1913,2.87100000e-04,-5.50954469e-08,-1.91903333e-04
1914,2.87250000e-04,1.38185868e-06,4.81064815e-03
1915,2.87400000e-04,5.76373836e-07,2.00547612e-03
1916,2.87550000e-04,2.75035637e-07,9.56479349e-04
1917,2.87700000e-04,-7.31479000e-07,-2.54250608e-03
1918,2.87850000e-04,-9.22777136e-07,-3.20575694e-03
1919,2.88000000e-04,5.74621019e-07,1.99521187e-03
1920,2.88150000e-04,1.00007279e-06,3.47066731e-03
1921,2.88300000e-04,-4.01815701e-07,-1.39374159e-03
1922,2.88450000e-04,4.06160371e-07,1.40807894e-03
1923,2.88600000e-04,8.16804436e-07,2.83023020e-03
1924,2.88750000e-04,-8.80074484e-08,-3.04787700e-04
1925,2.88900000e-04,2.53516413e-06,8.77523064e-03
1926,2.89050000e-04,1.03521798e-07,3.58144950e-04
1927,2.89200000e-04,5.55655189e-07,1.92135266e-03
1928,2.89350000e-04,-4.17851435e-07,-1.44410380e-03
1929,2.89500000e-04,1.35730999e-07,4.68846283e-04
1930,2.89650000e-04,-1.09996634e-08,-3.79757066e-05
1931,2.89800000e-04,5.13312770e-09,1.77126560e-05
1932,2.89950000e-04,-1.11057700e-06,-3.83023623e-03
1933,2.90100000e-04,-8.28321626e-07,-2.85529689e-03
1934,2.90250000e-04,-8.12017227e-08,-2.79764764e-04
1935,2.90400000e-04,-5.24971415e-07,-1.80775281e-03
1936,2.90550000e-04,-2.66018278e-07,-9.15567984e-04
1937,2.90700000e-04,3.02384953e-07,1.04019592e-03
1938,2.90850000e-04,1.97664827e-07,6.79610888e-04
1939,2.91000000e-04,2.82961844e-07,9.72377471e-04
1940,2.91150000e-04,-1.85366222e-07,-6.36669146e-04
1941,2.91300000e-04,-3.29069909e-07,-1.12965983e-03
1942,2.91450000e-04,-8.76570001e-07,-3.00761709e-03
1943,2.91600000e-04,-1.29272898e-06,-4.43322695e-03
1944,2.91750000e-04,5.63682905e-07,1.93207508e-03
1945,2.91900000e-04,9.09230735e-07,3.11487062e-03
1946,2.92050000e-04,1.45372498e-06,4.97765787e-03
1947,2.92200000e-04,8.67376186e-07,2.96843322e-03
1948,2.92350000e-04,1.08028390e-07,3.69517324e-04
1949,2.92500000e-04,4.69600821e-07,1.60547289e-03
1950,2.92650000e-04,1.05131670e-06,3.59240287e-03
1951,2.92800000e-04,-1.47539794e-07,-5.03892738e-04
1952,2.92950000e-04,-3.85749638e-07,-1.31677637e-03
1953,2.93100000e-04,-5.16462205e-07,-1.76206825e-03
1954,2.93250000e-04,-6.49429603e-07,-2.21459370e-03
1955,2.93400000e-04,-6.89616838e-07,-2.35043231e-03
1956,2.93550000e-04,-8.99509186e-07,-3.06424523e-03
1957,2.93700000e-04,-4.13787806e-07,-1.40887915e-03
1958,2.93850000e-04,-4.95787987e-07,-1.68721452e-03
1959,2.94000000e-04,-7.27402732e-07,-2.47415895e-03
1960,2.94150000e-04,1.05796953e-08,3.59670078e-05
1961,2.94300000e-04,-3.53573759e-07,-1.20140591e-03
1962,2.94450000e-04,8.11106485e-07,2.75464930e-03
1963,2.94600000e-04,-2.65976731e-07,-9.02840228e-04
1964,2.94750000e-04,-4.28525656e-07,-1.45386143e-03
1965,2.94900000e-04,4.50164320e-07,1.52649820e-03
1966,2.95050000e-04,1.08604682e-06,3.68089075e-03
1967,2.95200000e-04,-9.39752187e-07,-3.18344237e-03
1968,2.95350000e-04,3.20912266e-07,1.08654906e-03
1969,2.95500000e-04,-6.16444384e-07,-2.08610620e-03
1970,2.95650000e-04,-5.20883436e-07,-1.76182458e-03
1971,2.95800000e-04,-1.38544887e-07,-4.68373519e-04
1972,2.95950000e-04,-1.33900044e-07,-4.52441439e-04
1973,2.96100000e-04,-2.94078935e-07,-9.93174385e-04
1974,2.96250000e-04,6.98943300e-07,2.35930228e-03
1975,2.96400000e-04,7.64544953e-07,2.57943641e-03
1976,2.96550000e-04,6.87984764e-07,2.31996211e-03
1977,2.96700000e-04,-6.24114697e-07,-2.10352105e-03
1978,2.96850000e-04,5.53034905e-07,1.86301130e-03
1979,2.97000000e-04,9.88976664e-07,3.32988776e-03
1980,2.97150000e-04,7.38001181e-07,2.48359812e-03
1981,2.97300000e-04,-7.78647838e-07,-2.61906437e-03
1982,2.97450000e-04,-1.44670684e-07,-4.86369757e-04
1983,2.97600000e-04,-2.37703377e-07,-7.98734466e-04
1984,2.97750000e-04,-5.78410351e-07,-1.94260403e-03
1985,2.97900000e-04,2.86978969e-07,9.63339942e-04
1986,2.98050000e-04,-1.77271836e-07,-5.94772140e-04
1987,2.98200000e-04,-7.98387241e-08,-2.67735493e-04
1988,2.98350000e-04,1.04526552e-06,3.50348757e-03
1989,2.98500000e-04,3.55156118e-07,1.18980274e-03
1990,2.98650000e-04,1.02863750e-07,3.44429099e-04
1991,2.98800000e-04,9.08852653e-07,3.04167554e-03
1992,2.98950000e-04,2.44614451e-07,8.18245363e-04
1993,2.99100000e-04,5.39814931e-07,1.80479750e-03
1994,2.99250000e-04,6.94912865e-08,2.32218167e-04
1995,2.99400000e-04,4.99558878e-07,1.66853333e-03
1996,2.99550000e-04,3.49755925e-07,1.16760449e-03
1997,2.99700000e-04,4.41184202e-07,1.47208609e-03
1998,2.99850000e-04,3.99599726e-07,1.33266542e-03
1999,3.00000000e-04,-1.19982309e-06,-3.99941028e-03
2000,3.00000000e-04,2.69394461e-07,8.97981538e-04
2001,2.99962500e-04,5.45107769e-07,1.81725305e-03
2002,2.99925000e-04,2.58716426e-09,8.62603738e-06
2003,2.99887500e-04,4.40689302e-07,1.46951541e-03
2004,2.99850000e-04,2.18652948e-07,7.29207765e-04
2005,2.99812500e-04,7.67410315e-07,2.55963415e-03
2006,2.99775000e-04,1.33075989e-07,4.43919571e-04
2007,2.99737500e-04,-1.05756117e-06,-3.52829116e-03
2008,2.99700000e-04,-5.72089386e-07,-1.90887349e-03
2009,2.99662500e-04,-2.97686015e-07,-9.93404295e-04
2010,2.99625000e-04,-9.60424368e-07,-3.20542134e-03
2011,2.99587500e-04,-1.23402918e-06,-4.11909434e-03
2012,2.99550000e-04,-4.98345464e-07,-1.66364702e-03
2013,2.99512500e-04,7.45162662e-07,2.48791841e-03
2014,2.99475000e-04,8.54742739e-07,2.85413720e-03
2015,2.99437500e-04,-7.89421023e-07,-2.63634656e-03
2016,2.99400000e-04,4.26332504e-07,1.42395626e-03
2017,2.99362500e-04,-8.65571433e-07,-2.89138230e-03
2018,2.99325000e-04,-8.47156074e-07,-2.83022158e-03
2019,2.99287500e-04,7.02361199e-07,2.34677759e-03
2020,2.99250000e-04,7.35880253e-07,2.45908188e-03
2021,2.99212500e-04,1.71961187e-07,5.74712576e-04
2022,2.99175000e-04,4.06845777e-07,1.35989229e-03
2023,2.99137500e-04,-4.03341480e-07,-1.34834810e-03
2024,2.99100000e-04,-4.57006979e-08,-1.52794042e-04
2025,2.99062500e-04,-7.43900250e-07,-2.48744075e-03
2026,2.99025000e-04,-1.39976087e-07,-4.68108308e-04
2027,2.98987500e-04,2.02653698e-07,6.77799902e-04
2028,2.98950000e-04,3.68393863e-07,1.23229257e-03
2029,2.98912500e-04,1.21790935e-06,4.07446778e-03
2030,2.98875000e-04,-7.28246754e-07,-2.43662653e-03
2031,2.98837500e-04,-7.89037502e-08,-2.64035639e-04
2032,2.98800000e-04,-3.50668159e-07,-1.17358821e-03
2033,2.98762500e-04,-3.63924640e-07,-1.21810682e-03
2034,2.98725000e-04,-2.78946924e-07,-9.33791695e-04
2035,2.98687500e-04,1.19400777e-06,3.99751503e-03
2036,2.98650000e-04,3.66043860e-07,1.22566168e-03
2037,2.98612500e-04,-2.00464437e-07,-6.71319645e-04
2038,2.98575000e-04,-4.06224387e-08,-1.36054387e-04
2039,2.98537500e-04,1.94498837e-07,6.51505548e-04
2040,2.98500000e-04,6.00059575e-07,2.01024983e-03
2041,2.98462500e-04,5.80709200e-07,1.94566889e-03
2042,2.98425000e-04,5.07069336e-07,1.69915167e-03
2043,2.98387500e-04,8.30043243e-07,2.78176279e-03
2044,2.98350000e-04,-2.11380218e-07,-7.08497463e-04
2045,2.98312500e-04,-1.72937033e-07,-5.79717688e-04
2046,2.98275000e-04,-2.13994507e-07,-7.17440307e-04
2047,2.98237500e-04,-3.88222473e-07,-1.30172253e-03
2048,2.98200000e-04,-5.46486644e-07,-1.83261786e-03
2049,2.98162500e-04,-6.29512176e-07,-2.11130567e-03
2050,2.98125000e-04,-1.00667623e-06,-3.37669176e-03
2051,2.98087500e-04,9.89061428e-08,3.31802383e-04
2052,2.98050000e-04,1.23519150e-08,4.14424259e-05
2053,2.98012500e-04,4.91391209e-07,1.64889462e-03
2054,2.97975000e-04,6.27780379e-08,2.10682231e-04
2055,2.97937500e-04,-2.92598366e-07,-9.82079686e-04
2056,2.97900000e-04,9.34174089e-08,3.13586468e-04
2057,2.97862500e-04,-8.96546499e-08,-3.00993411e-04
2058,2.97825000e-04,-2.85715866e-07,-9.59341444e-04
2059,2.97787500e-04,-8.88503218e-07,-2.98368205e-03
2060,2.97750000e-04,-4.76930770e-07,-1.60178260e-03
2061,2.97712500e-04,-4.37967086e-07,-1.47110748e-03
2062,2.97675000e-04,1.02744006e-06,3.45154970e-03
2063,2.97637500e-04,-6.25759927e-07,-2.10242300e-03
2064,2.97600000e-04,-2.68992846e-07,-9.03873810e-04
2065,2.97562500e-04,8.19923643e-07,2.75546698e-03
2066,2.97525000e-04,4.68529599e-07,1.57475708e-03
2067,2.97487500e-04,-2.54647824e-07,-8.55995037e-04
2068,2.97450000e-04,2.28546050e-07,7.68351152e-04
2069,2.97412500e-04,-8.07590338e-07,-2.71538801e-03
2070,2.97375000e-04,-1.27690747e-07,-4.29393012e-04
2071,2.97337500e-04,5.76019026e-07,1.93725657e-03
2072,2.97300000e-04,-1.82597404e-08,-6.14185684e-05
2073,2.97262500e-04,-1.07503354e-06,-3.61644519e-03
2074,2.97225000e-04,2.62690913e-07,8.83811633e-04
2075,2.97187500e-04,6.26962233e-08,2.10965210e-04
2076,2.97150000e-04,-1.59740717e-07,-5.37576028e-04
2077,2.97112500e-04,-8.96418067e-07,-3.01709981e-03
2078,2.97075000e-04,-2.27260331e-07,-7.64993118e-04
2079,2.97037500e-04,9.30929103e-07,3.13404571e-03
2080,2.97000000e-04,4.17767198e-07,1.40662356e-03
2081,2.96962500e-04,1.60848099e-06,5.41644480e-03
2082,2.96925000e-04,-3.05007855e-07,-1.02722188e-03
2083,2.96887500e-04,-4.94904601e-07,-1.66697689e-03
2084,2.96850000e-04,3.02475818e-07,1.01895172e-03
2085,2.96812500e-04,-6.27225115e-07,-2.11320317e-03
2086,2.96775000e-04,-1.10617847e-07,-3.72733038e-04
2087,2.96737500e-04,1.63675359e-07,5.51582997e-04
2088,2.96700000e-04,-1.54808585e-06,-5.21768065e-03
2089,2.96662500e-04,3.08893552e-07,1.04122884e-03
2090,2.96625000e-04,-3.46730047e-07,-1.16891714e-03
2091,2.96587500e-04,-3.06457881e-07,-1.03327983e-03
2092,2.96550000e-04,-1.06057121e-07,-3.57636557e-04
2093,2.96512500e-04,5.60478018e-07,1.89023403e-03
2094,2.96475000e-04,4.24262996e-07,1.43102453e-03
2095,2.96437500e-04,-2.68117542e-07,-9.04465671e-04
2096,2.96400000e-04,-3.98512459e-07,-1.34450897e-03
2097,2.96362500e-04,-8.96108503e-08,-3.02369059e-04
2098,2.96325000e-04,-1.81087711e-07,-6.11111823e-04
2099,2.96287500e-04,1.51106855e-07,5.10000776e-04
2100,2.96250000e-04,5.44355842e-07,1.83748807e-03
2101,2.96212500e-04,6.49018563e-08,2.19105731e-04
2102,2.96175000e-04,1.89296367e-07,6.39136885e-04
2103,2.96137500e-04,1.81152470e-07,6.11717428e-04
2104,2.96100000e-04,-7.65993970e-08,-2.58694350e-04
2105,2.96062500e-04,-1.04144936e-07,-3.51766726e-04
2106,2.96025000e-04,2.36339810e-08,7.98377873e-05
2107,2.95987500e-04,-4.09646992e-07,-1.38400099e-03
2108,2.95950000e-04,2.00218325e-07,6.76527537e-04
2109,2.95912500e-04,9.37536239e-07,3.16828873e-03
2110,2.95875000e-04,-5.67002693e-07,-1.91635891e-03
2111,2.95837500e-04,1.50496634e-07,5.08713851e-04
2112,2.95800000e-04,2.99031030e-07,1.01092302e-03
2113,2.95762500e-04,-3.69979370e-07,-1.25093401e-03
2114,2.95725000e-04,-5.70283815e-07,-1.92842612e-03
2115,2.95687500e-04,1.24656802e-06,4.21582927e-03
2116,2.95650000e-04,1.04452734e-06,3.53298608e-03
2117,2.95612500e-04,3.90163799e-07,1.31984879e-03
2118,2.95575000e-04,2.49075295e-07,8.42680523e-04
2119,2.95537500e-04,-1.21717755e-06,-4.11852150e-03
2120,2.95500000e-04,-7.37672332e-07,-2.49635307e-03
2121,2.95462500e-04,-1.48446551e-06,-5.02420954e-03
2122,2.95425000e-04,-6.20569617e-07,-2.10059953e-03
2123,2.95387500e-04,-9.30016895e-08,-3.14846395e-04
2124,2.95350000e-04,-1.78102777e-07,-6.03022776e-04
2125,2.95312500e-04,-6.71304573e-07,-2.27320067e-03
2126,2.95275000e-04,2.18994356e-07,7.41662369e-04
2127,2.95237500e-04,-8.45968552e-07,-2.86538313e-03
2128,2.95200000e-04,-1.35022112e-06,-4.57391979e-03
2129,2.95162500e-04,-1.49494568e-07,-5.06482252e-04
2130,2.95125000e-04,1.00750634e-06,3.41382920e-03
2131,2.95087500e-04,9.21480492e-09,3.12273645e-05
2132,2.95050000e-04,6.15868050e-07,2.08733452e-03
2133,2.95012500e-04,-4.09012174e-07,-1.38642320e-03
2134,2.94975000e-04,-8.68420486e-07,-2.94404775e-03
2135,2.94937500e-04,-7.59121207e-07,-2.57383753e-03
2136,2.94900000e-04,1.10395734e-06,3.74349726e-03
2137,2.94862500e-04,-7.18759638e-08,-2.43760952e-04
2138,2.94825000e-04,5.49994418e-07,1.86549451e-03
2139,2.94787500e-04,-2.77018931e-07,-9.39724145e-04
2140,2.94750000e-04,-4.71335139e-07,-1.59910140e-03
2141,2.94712500e-04,3.52507628e-07,1.19610681e-03
2142,2.94675000e-04,-4.00714537e-08,-1.35985251e-04
2143,2.94637500e-04,-4.94758668e-07,-1.67921146e-03
2144,2.94600000e-04,2.95001431e-07,1.00136263e-03
2145,2.94562500e-04,4.31410255e-07,1.46457969e-03
2146,2.94525000e-04,1.37930053e-06,4.68313566e-03
2147,2.94487500e-04,-4.32228545e-07,-1.46773138e-03
2148,2.94450000e-04,2.32588404e-07,7.89907976e-04
2149,2.94412500e-04,3.62452051e-07,1.23110279e-03
2150,2.94375000e-04,9.36863191e-08,3.18255012e-04
2151,2.94337500e-04,5.53581518e-07,1.88077128e-03
2152,2.94300000e-04,1.56089135e-07,5.30374228e-04
2153,2.94262500e-04,1.17221434e-07,3.98356686e-04
2154,2.94225000e-04,1.73035661e-06,5.88106588e-03
2155,2.94187500e-04,-4.82800095e-07,-1.64113055e-03
2156,2.94150000e-04,-2.58949131e-07,-8.80330211e-04
2157,2.94112500e-04,5.51340491e-07,1.87459047e-03
2158,2.94075000e-04,-1.42966742e-07,-4.86157417e-04
2159,2.94037500e-04,9.43895149e-08,3.21011826e-04
2160,2.94000000e-04,-5.13188505e-07,-1.74553913e-03
2161,2.93962500e-04,7.01241598e-08,2.38547977e-04
2162,2.93925000e-04,-1.61874121e-07,-5.50732742e-04
2163,2.93887500e-04,-1.50185871e-07,-5.11031843e-04
2164,2.93850000e-04,-1.02542285e-07,-3.48961325e-04
2165,2.93812500e-04,7.34423100e-08,2.49963191e-04
2166,2.93775000e-04,-3.04452765e-08,-1.03634675e-04
2167,2.93737500e-04,7.85998042e-07,2.67585188e-03
2168,2.93700000e-04,6.59862263e-08,2.24672204e-04
2169,2.93662500e-04,1.19068894e-07,4.05461691e-04
2170,2.93625000e-04,1.17994196e-06,4.01853370e-03
2171,2.93587500e-04,-1.66874512e-07,-5.68397879e-04
2172,2.93550000e-04,-1.06952351e-06,-3.64341172e-03
2173,2.93512500e-04,-8.62158519e-07,-2.93738263e-03
2174,2.93475000e-04,-3.45988536e-07,-1.17893700e-03
2175,2.93437500e-04,-8.85651237e-07,-3.01819378e-03
2176,2.93400000e-04,-8.55727170e-07,-2.91658885e-03
2177,2.93362500e-04,2.08416758e-07,7.10441033e-04
2178,2.93325000e-04,-1.00977161e-07,-3.44250101e-04
2179,2.93287500e-04,6.11355990e-07,2.08449385e-03
2180,2.93250000e-04,-7.75406356e-07,-2.64418195e-03
2181,2.93212500e-04,-3.60184740e-07,-1.22840854e-03
2182,2.93175000e-04,6.36715453e-07,2.17179314e-03
2183,2.93137500e-04,7.05824384e-07,2.40782699e-03
2184,2.93100000e-04,-2.93760823e-07,-1.00225460e-03
2185,2.93062500e-04,-1.94417094e-07,-6.63398060e-04
2186,2.93025000e-04,6.94825264e-07,2.37121496e-03
2187,2.92987500e-04,-6.04765238e-08,-2.06413324e-04
2188,2.92950000e-04,2.25094746e-07,7.68372577e-04
2189,2.92912500e-04,-1.01230641e-06,-3.45600278e-03
2190,2.92875000e-04,-6.91251712e-07,-2.36022778e-03
2191,2.92837500e-04,-9.62113011e-07,-3.28548431e-03
2192,2.92800000e-04,-1.00136845e-06,-3.41997420e-03
2193,2.92762500e-04,1.40749766e-07,4.80764325e-04
2194,2.92725000e-04,3.27417773e-07,1.11851660e-03
2195,2.92687500e-04,8.44154485e-07,2.88414943e-03
2196,2.92650000e-04,-2.71300316e-07,-9.27047038e-04
2197,2.92612500e-04,9.61721694e-07,3.28667331e-03
2198,2.92575000e-04,1.84908679e-07,6.32004370e-04
2199,2.92537500e-04,6.58000214e-08,2.24928501e-04
2200,2.92500000e-04,-1.68775391e-07,-5.77009884e-04
2201,2.92462500e-04,-7.97947337e-07,-2.72837487e-03
2202,2.92425000e-04,-8.80469102e-07,-3.01092281e-03
2203,2.92387500e-04,2.48666353e-07,8.50468482e-04
2204,2.92350000e-04,8.65193696e-07,2.95944483e-03
2205,2.92312500e-04,6.02032141e-07,2.05954977e-03
2206,2.92275000e-04,-4.78962092e-08,-1.63873781e-04
2207,2.92237500e-04,9.19391866e-07,3.14604343e-03
2208,2.92200000e-04,-4.36370081e-07,-1.49339521e-03
2209,2.92162500e-04,-3.33619361e-07,-1.14189659e-03
2210,2.92125000e-04,-1.06791937e-06,-3.65569319e-03
2211,2.92087500e-04,-8.78327092e-07,-3.00706840e-03
2212,2.92050000e-04,-6.59006120e-07,-2.25648389e-03
2213,2.92012500e-04,-3.76528320e-08,-1.28942535e-04
2214,2.91975000e-04,3.00738996e-07,1.03001626e-03
2215,2.91937500e-04,-4.12586436e-07,-1.41326974e-03
2216,2.91900000e-04,4.87626806e-07,1.67052691e-03
2217,2.91862500e-04,-1.56982445e-08,-5.37864388e-05
2218,2.91825000e-04,8.12067420e-07,2.78272054e-03
2219,2.91787500e-04,4.90024918e-07,1.67938969e-03
2220,2.91750000e-04,-8.71155379e-08,-2.98596531e-04
2221,2.91712500e-04,3.41330619e-07,1.17009254e-03
2222,2.91675000e-04,2.77074957e-07,9.49944139e-04
2223,2.91637500e-04,-1.53639538e-07,-5.26816813e-04
2224,2.91600000e-04,-4.96103961e-07,-1.70131674e-03
2225,2.91562500e-04,-2.90985142e-07,-9.98019779e-04
2226,2.91525000e-04,3.77550364e-07,1.29508743e-03
2227,2.91487500e-04,2.59519687e-07,8.90328700e-04
2228,2.91450000e-04,3.70439619e-07,1.27102288e-03
2229,2.91412500e-04,8.33733989e-08,2.86100970e-04
2230,2.91375000e-04,5.63630039e-07,1.93438023e-03
2231,2.91337500e-04,-7.66718346e-07,-2.63171870e-03
2232,2.91300000e-04,-2.56858933e-07,-8.81767708e-04
2233,2.91262500e-04,-8.35494186e-07,-2.86852645e-03
2234,2.91225000e-04,3.77928375e-07,1.29771955e-03
2235,2.91187500e-04,-1.52251295e-07,-5.22863430e-04
2236,2.91150000e-04,-3.49849667e-07,-1.20161315e-03
2237,2.91112500e-04,5.20872650e-07,1.78924866e-03
2238,2.91075000e-04,-4.44182949e-07,-1.52600859e-03
2239,2.91037500e-04,-4.12076744e-07,-1.41588883e-03
2240,2.91000000e-04,8.56904662e-07,2.94468956e-03
2241,2.90962500e-04,-3.36543847e-07,-1.15665712e-03
2242,2.90925000e-04,-5.93699230e-07,-2.04072950e-03
2243,2.90887500e-04,-8.03533510e-08,-2.76235146e-04
2244,2.90850000e-04,-4.29029461e-07,-1.47508840e-03
2245,2.90812500e-04,-5.74380332e-07,-1.97508818e-03
2246,2.90775000e-04,2.81910590e-07,9.69514537e-04
2247,2.90737500e-04,-1.13668430e-06,-3.90965836e-03
2248,2.90700000e-04,-5.09303090e-07,-1.75198861e-03
2249,2.90662500e-04,-8.28885929e-07,-2.85171265e-03
2250,2.90625000e-04,3.33846561e-07,1.14871935e-03
2251,2.90587500e-04,1.85969684e-07,6.39978265e-04
2252,2.90550000e-04,5.04376264e-07,1.73593620e-03
2253,2.90512500e-04,7.98901152e-07,2.74997169e-03
2254,2.90475000e-04,7.43235575e-07,2.55869034e-03
2255,2.90437500e-04,2.62422981e-07,9.03543727e-04
2256,2.90400000e-04,-1.79069600e-07,-6.16630854e-04
2257,2.90362500e-04,-3.22043903e-09,-1.10910983e-05
2258,2.90325000e-04,-6.96629332e-08,-2.39948104e-04
2259,2.90287500e-04,-5.16813581e-07,-1.78035079e-03
2260,2.90250000e-04,-1.76993997e-07,-6.09798439e-04
2261,2.90212500e-04,4.95538673e-07,1.70750286e-03
2262,2.90175000e-04,3.22757868e-07,1.11228696e-03
2263,2.90137500e-04,-8.36402761e-07,-2.88278062e-03
2264,2.90100000e-04,-1.53251298e-07,-5.28270591e-04
2265,2.90062500e-04,6.91679304e-07,2.38458713e-03
2266,2.90025000e-04,5.84178927e-08,2.01423645e-04
2267,2.89987500e-04,7.02343243e-07,2.42197765e-03
2268,2.89950000e-04,3.91615465e-07,1.35063102e-03
2269,2.89912500e-04,-4.24131321e-07,-1.46296321e-03
2270,2.89875000e-04,2.85355066e-07,9.84407299e-04
2271,2.89837500e-04,4.93584424e-07,1.70296951e-03
2272,2.89800000e-04,2.36409878e-08,8.15769076e-05
2273,2.89762500e-04,2.23824660e-07,7.72441776e-04
2274,2.89725000e-04,2.79168011e-07,9.63562038e-04
2275,2.89687500e-04,-1.11254210e-06,-3.84049054e-03
2276,2.89650000e-04,-3.38768807e-07,-1.16957986e-03
2277,2.89612500e-04,-2.34287590e-07,-8.08969192e-04
2278,2.89575000e-04,8.98390526e-07,3.10244505e-03
2279,2.89537500e-04,2.03752379e-07,7.03716716e-04
2280,2.89500000e-04,9.43505540e-09,3.25908650e-05
2281,2.89462500e-04,-3.64043059e-07,-1.25765189e-03
2282,2.89425000e-04,-3.91028125e-07,-1.35105166e-03
2283,2.89387500e-04,-8.35895614e-07,-2.88849938e-03
2284,2.89350000e-04,-1.56161656e-07,-5.39698139e-04
2285,2.89312500e-04,8.84215535e-07,3.05626454e-03
2286,2.89275000e-04,-1.67932365e-07,-5.80528441e-04
2287,2.89237500e-04,-3.00005377e-07,-1.03722850e-03
2288,2.89200000e-04,5.66736254e-07,1.95966893e-03
2289,2.89162500e-04,-1.96509774e-07,-6.79582497e-04
2290,2.89125000e-04,-6.03800707e-07,-2.08837253e-03
2291,2.89087500e-04,-6.98274566e-07,-2.41544365e-03
2292,2.89050000e-04,5.05283081e-07,1.74808193e-03
2293,2.89012500e-04,-3.51661872e-07,-1.21677046e-03
2294,2.88975000e-04,-3.70439567e-07,-1.28190870e-03
2295,2.88937500e-04,-4.36536952e-07,-1.51083522e-03
2296,2.88900000e-04,-9.40595474e-07,-3.25578219e-03
2297,2.88862500e-04,5.00270029e-07,1.73186215e-03
2298,2.88825000e-04,-5.39670640e-07,-1.86850390e-03
2299,2.88787500e-04,7.93422883e-07,2.74742807e-03
2300,2.88750000e-04,1.90569743e-07,6.59981794e-04
2301,2.88712500e-04,3.81629643e-07,1.32183277e-03
2302,2.88675000e-04,-5.91167821e-07,-2.04786636e-03
2303,2.88637500e-04,-1.16452973e-07,-4.03457532e-04
2304,2.88600000e-04,-3.05409896e-07,-1.05824635e-03
2305,2.88562500e-04,-1.96845116e-07,-6.82157648e-04
2306,2.88525000e-04,-4.46800768e-07,-1.54856864e-03
2307,2.88487500e-04,3.35108094e-07,1.16160352e-03
2308,2.88450000e-04,5.82293792e-07,2.01869923e-03
2309,2.88412500e-04,1.89158740e-07,6.55861796e-04
2310,2.88375000e-04,-1.56109277e-08,-5.41341228e-05
2311,2.88337500e-04,-4.97061805e-08,-1.72388886e-04
2312,2.88300000e-04,5.85945801e-07,2.03241693e-03
2313,2.88262500e-04,4.92358005e-07,1.70801962e-03
2314,2.88225000e-04,-8.28060607e-08,-2.87296594e-04
2315,2.88187500e-04,4.98049442e-07,1.72821320e-03
2316,2.88150000e-04,-3.94594413e-07,-1.36940626e-03
2317,2.88112500e-04,-5.48722727e-07,-1.90454328e-03
2318,2.88075000e-04,1.52032063e-07,5.27751674e-04
2319,2.88037500e-04,6.24098381e-07,2.16672614e-03
2320,2.88000000e-04,4.58351873e-07,1.59149956e-03
2321,2.87962500e-04,1.59268993e-07,5.53089352e-04
2322,2.87925000e-04,2.24814985e-07,7.80810924e-04
2323,2.87887500e-04,3.64822789e-07,1.26724081e-03
2324,2.87850000e-04,5.14372964e-07,1.78694794e-03
2325,2.87812500e-04,-5.62291690e-07,-1.95367362e-03
2326,2.87775000e-04,4.41389490e-07,1.53380068e-03
2327,2.87737500e-04,1.56250103e-07,5.43030028e-04
2328,2.87700000e-04,1.98822460e-07,6.91075635e-04
2329,2.87662500e-04,3.16730658e-07,1.10104952e-03
2330,2.87625000e-04,-3.09669918e-07,-1.07664465e-03
2331,2.87587500e-04,-8.40550216e-07,-2.92276339e-03
2332,2.87550000e-04,-6.03480796e-07,-2.09869865e-03
2333,2.87512500e-04,1.50168512e-06,5.22302549e-03
2334,2.87475000e-04,3.90830846e-07,1.35952986e-03
2335,2.87437500e-04,-2.53046927e-07,-8.80354604e-04
2336,2.87400000e-04,1.55047424e-08,5.39483033e-05
2337,2.87362500e-04,-3.01548146e-07,-1.04936499e-03
2338,2.87325000e-04,-4.84100395e-07,-1.68485302e-03
2339,2.87287500e-04,3.94666955e-07,1.37377002e-03
2340,2.87250000e-04,-1.67572148e-07,-5.83366921e-04
2341,2.87212500e-04,-7.52706322e-07,-2.62072968e-03
2342,2.87175000e-04,1.91996810e-07,6.68570765e-04
2343,2.87137500e-04,-2.98383037e-07,-1.03916429e-03
2344,2.87100000e-04,5.76277353e-07,2.00723564e-03
2345,2.87062500e-04,-2.06243026e-07,-7.18460357e-04
2346,2.87025000e-04,-2.82016588e-07,-9.82550607e-04
2347,2.86987500e-04,-1.64784640e-06,-5.74187517e-03
2348,2.86950000e-04,-9.31794620e-07,-3.24723687e-03
2349,2.86912500e-04,-2.08866500e-07,-7.27979785e-04
2350,2.86875000e-04,2.51186846e-07,8.75596847e-04
2351,2.86837500e-04,-3.66294913e-07,-1.27701194e-03
2352,2.86800000e-04,-6.66173190e-07,-2.32277960e-03
2353,2.86762500e-04,1.48318656e-06,5.17217753e-03
2354,2.86725000e-04,7.42186405e-07,2.58849561e-03
2355,2.86687500e-04,7.75690800e-08,2.70570151e-04
2356,2.86650000e-04,-3.66649987e-07,-1.27908595e-03
2357,2.86612500e-04,2.43809229e-07,8.50658045e-04
2358,2.86575000e-04,3.91976911e-07,1.36779870e-03
2359,2.86537500e-04,2.33161843e-07,8.13721913e-04
2360,2.86500000e-04,1.93569523e-07,6.75635334e-04
2361,2.86462500e-04,2.32310152e-07,8.10961827e-04
2362,2.86425000e-04,5.77513386e-07,2.01628135e-03
2363,2.86387500e-04,-6.00963950e-07,-2.09842940e-03
2364,2.86350000e-04,1.17512670e-07,4.10381246e-04
2365,2.86312500e-04,1.17068310e-06,4.08882986e-03
2366,2.86275000e-04,-3.56250448e-07,-1.24443436e-03
2367,2.86237500e-04,6.22539542e-07,2.17490560e-03
2368,2.86200000e-04,4.26727539e-07,1.49101167e-03
2369,2.86162500e-04,-5.23342909e-07,-1.82883120e-03
2370,2.86125000e-04,3.91634668e-07,1.36875375e-03
2371,2.86087500e-04,-4.43551064e-07,-1.55040351e-03
2372,2.86050000e-04,6.97795823e-07,2.43941906e-03
2373,2.86012500e-04,2.25762187e-07,7.89343778e-04
2374,2.85975000e-04,9.05156181e-08,3.16515843e-04
2375,2.85937500e-04,2.43816352e-07,8.52691069e-04
2376,2.85900000e-04,-2.22734513e-07,-7.79064405e-04
2377,2.85862500e-04,1.01119265e-06,3.53733929e-03
2378,2.85825000e-04,1.97997220e-07,6.92721839e-04
2379,2.85787500e-04,3.70623193e-07,1.29684886e-03
2380,2.85750000e-04,-4.54549594e-07,-1.59072474e-03
2381,2.85712500e-04,-1.67746689e-07,-5.87117079e-04
2382,2.85675000e-04,-2.55047279e-07,-8.92788236e-04
2383,2.85637500e-04,6.67620125e-07,2.33729858e-03
2384,2.85600000e-04,-5.29768400e-07,-1.85493137e-03
2385,2.85562500e-04,-3.89752195e-07,-1.36485776e-03
2386,2.85525000e-04,4.96483250e-07,1.73884336e-03
2387,2.85487500e-04,-1.15097339e-06,-4.03160696e-03
2388,2.85450000e-04,7.13444456e-07,2.49936751e-03
2389,2.85412500e-04,7.63309624e-08,2.67440853e-04
2390,2.85375000e-04,3.65769370e-07,1.28171483e-03
2391,2.85337500e-04,5.10434264e-07,1.78887901e-03
2392,2.85300000e-04,-2.99196010e-08,-1.04870666e-04
2393,2.85262500e-04,7.52142815e-07,2.63666908e-03
2394,2.85225000e-04,-3.84444805e-07,-1.34786504e-03
2395,2.85187500e-04,-3.82576562e-07,-1.34149134e-03
2396,2.85150000e-04,-2.39107942e-07,-8.38533903e-04
2397,2.85112500e-04,4.60249208e-07,1.61427229e-03
2398,2.85075000e-04,-4.75776764e-07,-1.66895296e-03
2399,2.85037500e-04,-6.29708023e-07,-2.20921115e-03
2400,2.85000000e-04,4.18165920e-07,1.46724884e-03
2401,2.84962500e-04,-3.85480634e-07,-1.35274162e-03
2402,2.84925000e-04,-9.12849529e-08,-3.20382392e-04
2403,2.84887500e-04,-7.82063672e-07,-2.74516668e-03
2404,2.84850000e-04,-1.02555124e-06,-3.60032029e-03
2405,2.84812500e-04,1.29466768e-07,4.54568418e-04
2406,2.84775000e-04,-4.51235101e-07,-1.58453200e-03
2407,2.84737500e-04,4.06185928e-07,1.42652769e-03
2408,2.84700000e-04,-5.97704595e-07,-2.09941902e-03
2409,2.84662500e-04,-7.69770972e-07,-2.70415306e-03
2410,2.84625000e-04,1.90852826e-07,6.70541330e-04
2411,2.84587500e-04,1.87361000e-07,6.58359905e-04
2412,2.84550000e-04,1.49749729e-07,5.26268595e-04
2413,2.84512500e-04,-9.40535481e-08,-3.30577912e-04
2414,2.84475000e-04,1.00183377e-06,3.52169355e-03
2415,2.84437500e-04,4.52731017e-07,1.59167134e-03
2416,2.84400000e-04,7.94987639e-07,2.79531519e-03
2417,2.84362500e-04,-2.42931898e-07,-8.54303567e-04
2418,2.84325000e-04,-4.21273377e-07,-1.48166140e-03
2419,2.84287500e-04,-8.80220557e-07,-3.09623377e-03
2420,2.84250000e-04,-5.53362369e-07,-1.94674536e-03
2421,2.84212500e-04,-8.50483333e-08,-2.99242057e-04
2422,2.84175000e-04,-2.03355293e-07,-7.15598816e-04
2423,2.84137500e-04,-7.10658281e-07,-2.50110697e-03
2424,2.84100000e-04,1.53047168e-07,5.38708792e-04
2425,2.84062500e-04,2.43116112e-07,8.55854300e-04
2426,2.84025000e-04,2.50479435e-07,8.81892209e-04
2427,2.83987500e-04,5.72346686e-07,2.01539394e-03
2428,2.83950000e-04,4.76103994e-07,1.67671771e-03
2429,2.83912500e-04,5.56769265e-07,1.96105936e-03
2430,2.83875000e-04,-1.67548372e-06,-5.90218837e-03
2431,2.83837500e-04,-5.78392668e-07,-2.03775987e-03
2432,2.83800000e-04,6.30894759e-07,2.22302593e-03
2433,2.83762500e-04,5.36788098e-07,1.89168089e-03
2434,2.83725000e-04,5.01663218e-07,1.76813188e-03
2435,2.83687500e-04,3.23472590e-07,1.14024266e-03
2436,2.83650000e-04,5.06201466e-07,1.78459886e-03
2437,2.83612500e-04,4.40490902e-07,1.55314347e-03
2438,2.83575000e-04,-3.59464951e-08,-1.26761862e-04
2439,2.83537500e-04,6.85518163e-07,2.41773368e-03
2440,2.83500000e-04,3.88467623e-08,1.37025616e-04
2441,2.83462500e-04,6.22731751e-08,2.19687525e-04
2442,2.83425000e-04,8.45694030e-08,2.98383710e-04
2443,2.83387500e-04,-6.34548185e-07,-2.23915375e-03
2444,2.83350000e-04,-4.55104949e-08,-1.60615828e-04
2445,2.83312500e-04,-8.38217494e-07,-2.95863223e-03
2446,2.83275000e-04,1.39300605e-07,4.91750436e-04
2447,2.83237500e-04,7.88440147e-07,2.78367146e-03
2448,2.83200000e-04,8.21785189e-07,2.90178386e-03
2449,2.83162500e-04,1.33087654e-07,4.70004518e-04
2450,2.83125000e-04,-1.48655436e-07,-5.25052314e-04
2451,2.83087500e-04,6.03488989e-07,2.13181080e-03
2452,2.83050000e-04,2.85570695e-07,1.00890548e-03
2453,2.83012500e-04,-4.22240709e-07,-1.49195074e-03
2454,2.82975000e-04,-2.18311266e-07,-7.71486053e-04
2455,2.82937500e-04,3.03496472e-07,1.07266259e-03
2456,2.82900000e-04,7.26728481e-07,2.56885288e-03
2457,2.82862500e-04,-3.63388637e-07,-1.28468297e-03
2458,2.82825000e-04,4.67017121e-07,1.65125827e-03
2459,2.82787500e-04,1.10710134e-07,3.91495856e-04
2460,2.82750000e-04,-1.14696807e-06,-4.05647417e-03
2461,2.82712500e-04,-5.52903385e-07,-1.95570902e-03
2462,2.82675000e-04,1.07719073e-07,3.81070393e-04
2463,2.82637500e-04,1.36457241e-07,4.82799491e-04
2464,2.82600000e-04,3.48725408e-07,1.23398941e-03
2465,2.82562500e-04,4.64275828e-07,1.64309074e-03
2466,2.82525000e-04,1.27080883e-06,4.49804028e-03
2467,2.82487500e-04,1.84126847e-08,6.51805291e-05
2468,2.82450000e-04,-1.08923311e-06,-3.85637498e-03
2469,2.82412500e-04,-1.64875889e-06,-5.83812291e-03
2470,2.82375000e-04,7.38136077e-08,2.61402772e-04
2471,2.82337500e-04,-1.01525010e-06,-3.59587410e-03
2472,2.82300000e-04,-2.36613758e-07,-8.38164215e-04
2473,2.82262500e-04,-7.31069488e-07,-2.59003406e-03
2474,2.82225000e-04,-3.79005854e-07,-1.34292091e-03
2475,2.82187500e-04,6.07426911e-07,2.15256491e-03
2476,2.82150000e-04,4.95282624e-07,1.75538764e-03
2477,2.82112500e-04,2.03442394e-07,7.21139241e-04
2478,2.82075000e-04,-3.74126732e-07,-1.32633779e-03
2479,2.82037500e-04,-8.47244364e-07,-3.00401317e-03
2480,2.82000000e-04,2.34358727e-07,8.31059316e-04
2481,2.81962500e-04,-3.70636506e-07,-1.31448865e-03
2482,2.81925000e-04,5.75303726e-07,2.04062686e-03
2483,2.81887500e-04,-3.54342484e-07,-1.25703511e-03
2484,2.81850000e-04,-6.23869489e-08,-2.21348054e-04
2485,2.81812500e-04,1.04657945e-06,3.71374391e-03
2486,2.81775000e-04,2.56316034e-07,9.09647890e-04
2487,2.81737500e-04,4.61305129e-07,1.63735793e-03
2488,2.81700000e-04,4.28150024e-07,1.51987939e-03
2489,2.81662500e-04,-6.88071745e-07,-2.44289441e-03
2490,2.81625000e-04,3.07681468e-07,1.09252186e-03
2491,2.81587500e-04,4.19584540e-07,1.49006806e-03
2492,2.81550000e-04,-3.08718297e-07,-1.09649546e-03
2493,2.81512500e-04,-2.88978066e-07,-1.02651948e-03
2494,2.81475000e-04,1.40684220e-09,4.99810711e-06
2495,2.81437500e-04,1.04467755e-06,3.71193443e-03
2496,2.81400000e-04,4.15961281e-07,1.47818508e-03
2497,2.81362500e-04,1.41961835e-07,5.04551371e-04
2498,2.81325000e-04,-1.20340846e-06,-4.27764493e-03
2499,2.81287500e-04,-8.11969029e-07,-2.88661611e-03
2500,2.81250000e-04,-1.29839471e-06,-4.61651453e-03
2501,2.81212500e-04,2.27891665e-07,8.10389526e-04
2502,2.81175000e-04,-1.78290950e-07,-6.34092471e-04
2503,2.81137500e-04,4.83570814e-07,1.72005091e-03
2504,2.81100000e-04,1.19716699e-06,4.25886515e-03
2505,2.81062500e-04,1.67341851e-07,5.95390173e-04
2506,2.81025000e-04,3.62593667e-07,1.29025413e-03
2507,2.80987500e-04,-2.15043030e-07,-7.65311730e-04
2508,2.80950000e-04,-3.05889626e-07,-1.08876891e-03
2509,2.80912500e-04,-8.93621444e-07,-3.18113805e-03
2510,2.80875000e-04,3.67152850e-08,1.30717526e-04
2511,2.80837500e-04,2.87083670e-07,1.02224123e-03
2512,2.80800000e-04,-3.97794271e-07,-1.41664627e-03
2513,2.80762500e-04,3.58061898e-07,1.27531953e-03
2514,2.80725000e-04,-6.20436520e-08,-2.21012208e-04
2515,2.80687500e-04,1.38362268e-07,4.92940613e-04
2516,2.80650000e-04,4.59727900e-08,1.63808267e-04
2517,2.80612500e-04,-6.12755480e-07,-2.18363573e-03
2518,2.80575000e-04,5.59247988e-07,1.99322102e-03
2519,2.80537500e-04,-2.72041922e-07,-9.69716784e-04
2520,2.80500000e-04,-4.35347711e-07,-1.55204175e-03
2521,2.80462500e-04,-3.33077437e-07,-1.18760061e-03
2522,2.80425000e-04,-4.05377262e-07,-1.44558175e-03
2523,2.80387500e-04,-1.70674656e-07,-6.08709931e-04
2524,2.80350000e-04,2.14435998e-07,7.64886741e-04
2525,2.80312500e-04,2.27459756e-07,8.11450634e-04
2526,2.80275000e-04,-8.87966938e-07,-3.16819887e-03
2527,2.80237500e-04,4.49852374e-07,1.60525402e-03
2528,2.80200000e-04,-3.04338341e-07,-1.08614683e-03
2529,2.80162500e-04,5.17284437e-07,1.84637286e-03
2530,2.80125000e-04,-2.93179564e-07,-1.04660264e-03
2531,2.80087500e-04,2.28348686e-07,8.15276247e-04
2532,2.80050000e-04,1.30098178e-07,4.64553392e-04
2533,2.80012500e-04,-5.06531425e-07,-1.80896005e-03
2534,2.79975000e-04,-2.96972981e-07,-1.06071250e-03
2535,2.79937500e-04,-6.69659486e-07,-2.39217499e-03
2536,2.79900000e-04,-9.57338866e-07,-3.42028891e-03
2537,2.79862500e-04,-1.07497499e-06,-3.84108263e-03
2538,2.79825000e-04,-3.74381916e-07,-1.33791447e-03
2539,2.79787500e-04,8.79209283e-07,3.14241802e-03
2540,2.79750000e-04,6.21114472e-07,2.22024834e-03
2541,2.79712500e-04,1.00772455e-06,3.60271548e-03
2542,2.79675000e-04,6.32529389e-08,2.26165867e-04
2543,2.79637500e-04,-4.74036388e-07,-1.69518175e-03
2544,2.79600000e-04,5.80471901e-07,2.07607976e-03
2545,2.79562500e-04,1.67873194e-07,6.00485381e-04
2546,2.79525000e-04,6.16061422e-07,2.20395822e-03
2547,2.79487500e-04,3.20234540e-07,1.14579199e-03
2548,2.79450000e-04,4.63224472e-08,1.65762917e-04
2549,2.79412500e-04,5.77096428e-07,2.06539231e-03
2550,2.79375000e-04,4.33846825e-07,1.55291928e-03
2551,2.79337500e-04,-3.97875457e-07,-1.42435390e-03
2552,2.79300000e-04,-2.06159871e-07,-7.38130581e-04
2553,2.79262500e-04,-8.94298484e-07,-3.20235794e-03
2554,2.79225000e-04,1.78292851e-07,6.38527534e-04
2555,2.79187500e-04,-5.47253975e-07,-1.96016646e-03
2556,2.79150000e-04,1.06859185e-07,3.82802023e-04
2557,2.79112500e-04,-7.36914889e-07,-2.64020740e-03
2558,2.79075000e-04,3.10516479e-07,1.11266319e-03
2559,2.79037500e-04,3.79024675e-07,1.35832881e-03
2560,2.79000000e-04,6.94913847e-07,2.49073064e-03
2561,2.78962500e-04,-1.70122372e-07,-6.09839574e-04
2562,2.78925000e-04,-8.01782059e-07,-2.87454355e-03
2563,2.78887500e-04,4.73998574e-07,1.69960494e-03
2564,2.78850000e-04,-1.66389018e-08,-5.96697214e-05
2565,2.78812500e-04,2.58625636e-07,9.27596992e-04
2566,2.78775000e-04,-1.68072116e-07,-6.02895225e-04
2567,2.78737500e-04,3.74671018e-07,1.34417155e-03
2568,2.78700000e-04,5.33802435e-07,1.91532987e-03
2569,2.78662500e-04,5.92393448e-07,2.12584559e-03
2570,2.78625000e-04,-2.85030502e-07,-1.02298969e-03
2571,2.78587500e-04,-1.17540447e-07,-4.21915724e-04
2572,2.78550000e-04,5.87676034e-07,2.10976857e-03
2573,2.78512500e-04,-3.88316916e-07,-1.39425310e-03
2574,2.78475000e-04,-1.17695664e-06,-4.22643556e-03
2575,2.78437500e-04,5.01734100e-07,1.80196310e-03
2576,2.78400000e-04,-3.06705026e-08,-1.10167035e-04
2577,2.78362500e-04,5.16376257e-08,1.85504965e-04
2578,2.78325000e-04,-2.87033579e-08,-1.03128925e-04
2579,2.78287500e-04,7.40448453e-07,2.66073199e-03
2580,2.78250000e-04,5.68428362e-08,2.04286923e-04
2581,2.78212500e-04,6.19944631e-07,2.22831336e-03
2582,2.78175000e-04,-5.85916684e-08,-2.10628807e-04
2583,2.78137500e-04,-4.12997888e-07,-1.48486949e-03
2584,2.78100000e-04,9.41998597e-07,3.38726572e-03
2585,2.78062500e-04,-1.50063864e-07,-5.39676740e-04
2586,2.78025000e-04,5.13519103e-08,1.84702492e-04
2587,2.77987500e-04,-1.43634831e-06,-5.16695286e-03
2588,2.77950000e-04,4.92863499e-07,1.77320921e-03
2589,2.77912500e-04,2.35091942e-07,8.45920721e-04
2590,2.77875000e-04,4.50461089e-07,1.62109254e-03
2591,2.77837500e-04,2.75125648e-07,9.90239431e-04
2592,2.77800000e-04,1.05674228e-07,3.80396791e-04
2593,2.77762500e-04,-1.00298838e-07,-3.61095676e-04
2594,2.77725000e-04,-9.28030666e-08,-3.34154529e-04
2595,2.77687500e-04,2.18452250e-07,7.86683772e-04
2596,2.77650000e-04,-3.77889611e-07,-1.36102867e-03
2597,2.77612500e-04,3.14656792e-07,1.13343885e-03
2598,2.77575000e-04,4.04418468e-07,1.45697007e-03
2599,2.77537500e-04,1.09203554e-06,3.93473150e-03
2600,2.77500000e-04,-4.50725588e-07,-1.62423635e-03
2601,2.77462500e-04,-6.74394869e-07,-2.43058024e-03
2602,2.77425000e-04,3.30954075e-07,1.19294972e-03
2603,2.77387500e-04,4.77576418e-08,1.72169409e-04
2604,2.77350000e-04,7.29807027e-07,2.63135759e-03
2605,2.77312500e-04,8.08042593e-07,2.91383401e-03
2606,2.77275000e-04,-6.80035424e-07,-2.45256667e-03
2607,2.77237500e-04,5.74853978e-08,2.07350729e-04
2608,2.77200000e-04,1.38041908e-07,4.97986680e-04
2609,2.77162500e-04,7.57222277e-07,2.73205169e-03
2610,2.77125000e-04,-2.87584391e-07,-1.03774250e-03
2611,2.77087500e-04,5.85232698e-08,2.11208625e-04
2612,2.77050000e-04,1.49256770e-07,5.38735862e-04
2613,2.77012500e-04,2.43816523e-07,8.80164337e-04
2614,2.76975000e-04,-6.09162473e-07,-2.19934100e-03
2615,2.76937500e-04,1.27250016e-06,4.59490014e-03
2616,2.76900000e-04,-1.51936218e-07,-5.48704291e-04
2617,2.76862500e-04,-2.13643034e-07,-7.71657534e-04
2618,2.76825000e-04,3.53375215e-07,1.27652927e-03
2619,2.76787500e-04,1.62954613e-07,5.88735450e-04
2620,2.76750000e-04,-5.50926096e-07,-1.99069953e-03
2621,2.76712500e-04,4.43216999e-07,1.60172381e-03
2622,2.76675000e-04,1.99749165e-07,7.21963187e-04
2623,2.76637500e-04,3.86502885e-07,1.39714567e-03
2624,2.76600000e-04,2.50752451e-07,9.06552606e-04
2625,2.76562500e-04,-8.26491000e-08,-2.98844203e-04
2626,2.76525000e-04,-4.97026834e-07,-1.79740289e-03
2627,2.76487500e-04,5.32322073e-07,1.92530249e-03
2628,2.76450000e-04,1.91943101e-07,6.94313983e-04
2629,2.76412500e-04,3.39962130e-07,1.22990867e-03
2630,2.76375000e-04,-8.65290997e-07,-3.13085842e-03
2631,2.76337500e-04,1.24152554e-06,4.49278706e-03
2632,2.76300000e-04,4.35539736e-07,1.57632912e-03
2633,2.76262500e-04,-7.64080563e-07,-2.76577734e-03
2634,2.76225000e-04,-1.76180075e-07,-6.37813648e-04
2635,2.76187500e-04,-2.67264618e-07,-9.67692664e-04
2636,2.76150000e-04,2.09921248e-07,7.60171097e-04
2637,2.76112500e-04,-3.51778002e-07,-1.27403867e-03
2638,2.76075000e-04,-5.89666213e-07,-2.13589138e-03
2639,2.76037500e-04,3.20710516e-08,1.16183676e-04
2640,2.76000000e-04,-6.50861718e-07,-2.35819463e-03
2641,2.75962500e-04,-2.53748578e-07,-9.19503837e-04
2642,2.75925000e-04,-4.95800171e-07,-1.79686571e-03
2643,2.75887500e-04,-6.53255118e-07,-2.36783152e-03
2644,2.75850000e-04,1.90097913e-07,6.89135086e-04
2645,2.75812500e-04,3.34550504e-07,1.21296353e-03
2646,2.75775000e-04,-2.30110599e-07,-8.34414283e-04
2647,2.75737500e-04,8.70806455e-07,3.15809948e-03
2648,2.75700000e-04,8.00093722e-07,2.90204469e-03
2649,2.75662500e-04,-5.03256763e-07,-1.82562649e-03
2650,2.75625000e-04,-1.21875737e-06,-4.42179544e-03
2651,2.75587500e-04,-9.86245045e-07,-3.57870021e-03
2652,2.75550000e-04,3.92920620e-07,1.42595036e-03
2653,2.75512500e-04,1.65429144e-06,6.00441518e-03
2654,2.75475000e-04,-2.25038883e-07,-8.16912179e-04
2655,2.75437500e-04,4.04456864e-08,1.46841611e-04
2656,2.75400000e-04,-6.19041761e-07,-2.24779143e-03
2657,2.75362500e-04,6.37219330e-07,2.31411078e-03
2658,2.75325000e-04,4.96050273e-07,1.80168990e-03
2659,2.75287500e-04,6.72254510e-07,2.44200884e-03
2660,2.75250000e-04,1.71186144e-07,6.21929680e-04
2661,2.75212500e-04,2.72679024e-07,9.90794474e-04
2662,2.75175000e-04,-2.06956017e-08,-7.52088732e-05
2663,2.75137500e-04,2.35278588e-07,8.55130935e-04
2664,2.75100000e-04,-5.31665315e-07,-1.93262565e-03
2665,2.75062500e-04,4.93118936e-07,1.79275232e-03
2666,2.75025000e-04,-1.13168367e-07,-4.11483927e-04
2667,2.74987500e-04,1.06831183e-06,3.88494689e-03
2668,2.74950000e-04,-6.87359657e-07,-2.49994420e-03
2669,2.74912500e-04,-3.90129069e-07,-1.41910269e-03
2670,2.74875000e-04,-5.41860809e-07,-1.97129899e-03
2671,2.74837500e-04,4.00994308e-07,1.45902327e-03
2672,2.74800000e-04,3.36628867e-07,1.22499588e-03
2673,2.74762500e-04,-1.99893418e-07,-7.27513464e-04
2674,2.74725000e-04,-2.61481299e-08,-9.51792880e-05
2675,2.74687500e-04,1.19483845e-07,4.34981006e-04
2676,2.74650000e-04,-8.06650347e-07,-2.93701200e-03
2677,2.74612500e-04,-1.42291999e-06,-5.18155579e-03
2678,2.74575000e-04,-1.68019122e-06,-6.11924325e-03
2679,2.74537500e-04,-5.03073537e-07,-1.83244015e-03
2680,2.74500000e-04,1.09757263e-06,3.99844310e-03
2681,2.74462500e-04,1.48602284e-07,5.41430191e-04
2682,2.74425000e-04,7.88213441e-07,2.87223628e-03
2683,2.74387500e-04,9.33839720e-07,3.40336101e-03
2684,2.74350000e-04,2.65968586e-07,9.69449921e-04
2685,2.74312500e-04,-4.64608769e-07,-1.69372074e-03
2686,2.74275000e-04,-4.91746429e-07,-1.79289556e-03
2687,2.74237500e-04,-2.90110840e-07,-1.05788173e-03
2688,2.74200000e-04,-1.62732004e-07,-5.93479226e-04
2689,2.74162500e-04,-3.20874634e-08,-1.17038119e-04
2690,2.74125000e-04,3.94739933e-07,1.43999976e-03
2691,2.74087500e-04,4.43446288e-07,1.61790044e-03
2692,2.74050000e-04,1.59718963e-07,5.82809573e-04
2693,2.74012500e-04,4.13734438e-07,1.50991082e-03
2694,2.73975000e-04,7.70951406e-07,2.81394801e-03
2695,2.73937500e-04,4.12297604e-07,1.50507909e-03
2696,2.73900000e-04,-2.00482606e-07,-7.31955479e-04
2697,2.73862500e-04,-1.18722986e-06,-4.33513117e-03
2698,2.73825000e-04,-1.39915317e-07,-5.10966189e-04
2699,2.73787500e-04,-6.93122438e-07,-2.53160731e-03
2700,2.73750000e-04,-5.01205136e-07,-1.83088634e-03
2701,2.73712500e-04,-1.14545943e-06,-4.18489995e-03
2702,2.73675000e-04,7.57125546e-07,2.76651337e-03
2703,2.73637500e-04,-1.18742821e-07,-4.33942062e-04
2704,2.73600000e-04,6.73068287e-07,2.46004491e-03
2705,2.73562500e-04,4.48338909e-07,1.63889023e-03
2706,2.73525000e-04,1.09384131e-06,3.99905422e-03
2707,2.73487500e-04,1.18105124e-07,4.31848344e-04
2708,2.73450000e-04,3.75009499e-08,1.37140062e-04
2709,2.73412500e-04,-2.77514039e-07,-1.01500129e-03
2710,2.73375000e-04,9.99836466e-08,3.65738076e-04
2711,2.73337500e-04,-1.38826111e-08,-5.07892662e-05
2712,2.73300000e-04,-4.43113598e-07,-1.62134504e-03
2713,2.73262500e-04,2.81083139e-07,1.02861951e-03
2714,2.73225000e-04,5.52328210e-08,2.02151417e-04
2715,2.73187500e-04,5.53515314e-08,2.02613704e-04
2716,2.73150000e-04,-7.21605055e-07,-2.64179043e-03
2717,2.73112500e-04,-7.00480118e-07,-2.56480431e-03
2718,2.73075000e-04,-4.49060427e-07,-1.64445822e-03
2719,2.73037500e-04,1.01045035e-07,3.70077500e-04
2720,2.73000000e-04,-4.15091406e-07,-1.52048134e-03
2721,2.72962500e-04,-2.55021583e-07,-9.34273325e-04
2722,2.72925000e-04,-3.93560748e-08,-1.44201062e-04
2723,2.72887500e-04,2.29014674e-08,8.39227425e-05
2724,2.72850000e-04,-3.35166281e-07,-1.22839025e-03
2725,2.72812500e-04,1.87928374e-06,6.88855439e-03
2726,2.72775000e-04,4.30429864e-07,1.57796669e-03
2727,2.72737500e-04,-1.59826972e-07,-5.86010256e-04
2728,2.72700000e-04,-6.51086896e-07,-2.38755738e-03
2729,2.72662500e-04,-1.73515941e-07,-6.36376257e-04
2730,2.72625000e-04,-4.15997848e-07,-1.52589765e-03
2731,2.72587500e-04,3.01126217e-08,1.10469562e-04
2732,2.72550000e-04,3.73961097e-07,1.37208254e-03
2733,2.72512500e-04,-3.61567202e-07,-1.32679126e-03
2734,2.72475000e-04,-1.06162649e-06,-3.89623449e-03
2735,2.72437500e-04,6.69327289e-07,2.45681042e-03
2736,2.72400000e-04,-1.69401519e-07,-6.21885164e-04
2737,2.72362500e-04,8.10054134e-07,2.97417645e-03
2738,2.72325000e-04,-8.03554816e-07,-2.95071997e-03
2739,2.72287500e-04,9.82675761e-07,3.60896391e-03
2740,2.72250000e-04,-3.87394321e-07,-1.42293598e-03
2741,2.72212500e-04,4.42657601e-07,1.62614722e-03
2742,2.72175000e-04,4.21738715e-07,1.54951305e-03
2743,2.72137500e-04,-5.51076784e-07,-2.02499392e-03
2744,2.72100000e-04,-7.85437013e-07,-2.88657484e-03
2745,2.72062500e-04,-1.38662913e-06,-5.09673008e-03
2746,2.72025000e-04,1.11257791e-07,4.08998403e-04
2747,2.71987500e-04,7.13004091e-07,2.62145904e-03
2748,2.71950000e-04,3.61207848e-07,1.32821419e-03
2749,2.71912500e-04,1.23365907e-06,4.53697078e-03
2750,2.71875000e-04,5.69575016e-07,2.09498857e-03
2751,2.71837500e-04,5.23348613e-08,1.92522597e-04
2752,2.71800000e-04,-8.95681571e-07,-3.29537002e-03
2753,2.71762500e-04,-8.75544247e-07,-3.22172576e-03
2754,2.71725000e-04,1.57394647e-07,5.79242420e-04
2755,2.71687500e-04,-1.81946104e-07,-6.69688905e-04
2756,2.71650000e-04,2.64710553e-07,9.74454458e-04
2757,2.71612500e-04,1.07325324e-06,3.95141327e-03
2758,2.71575000e-04,7.08900298e-08,2.61032974e-04
2759,2.71537500e-04,-8.79297738e-07,-3.23821843e-03
2760,2.71500000e-04,-1.47800101e-07,-5.44383429e-04
2761,2.71462500e-04,4.49829912e-07,1.65706096e-03
2762,2.71425000e-04,-6.00262148e-07,-2.21152122e-03
2763,2.71387500e-04,4.63273164e-07,1.70705417e-03
2764,2.71350000e-04,-5.76051173e-07,-2.12290832e-03
2765,2.71312500e-04,-1.97552303e-07,-7.28135649e-04
2766,2.71275000e-04,4.70930814e-07,1.73599047e-03
2767,2.71237500e-04,9.22205285e-07,3.39999183e-03
2768,2.71200000e-04,2.39535471e-07,8.83242889e-04
2769,2.71162500e-04,-5.79826301e-07,-2.13829826e-03
2770,2.71125000e-04,-1.48366712e-07,-5.47226231e-04
2771,2.71087500e-04,4.92730436e-07,1.81760663e-03
2772,2.71050000e-04,-3.04660909e-07,-1.12400262e-03
2773,2.71012500e-04,-6.46965469e-07,-2.38721634e-03
2774,2.70975000e-04,-4.79035915e-07,-1.76782329e-03
2775,2.70937500e-04,-9.63349276e-08,-3.55561440e-04
2776,2.70900000e-04,7.89148814e-07,2.91306317e-03
2777,2.70862500e-04,2.39320258e-07,8.83548878e-04
2778,2.70825000e-04,4.27360849e-08,1.57799630e-04
2779,2.70787500e-04,-6.44162228e-07,-2.37884772e-03
2780,2.70750000e-04,-6.83173276e-07,-2.52326233e-03
2781,2.70712500e-04,3.28954565e-07,1.21514361e-03
2782,2.70675000e-04,2.25063133e-07,8.31488437e-04
2783,2.70637500e-04,6.89211106e-08,2.54662087e-04
2784,2.70600000e-04,4.71848440e-07,1.74371190e-03
2785,2.70562500e-04,7.92487516e-07,2.92903679e-03
2786,2.70525000e-04,-4.46340653e-08,-1.64990538e-04
2787,2.70487500e-04,-1.23510298e-06,-4.56621093e-03
2788,2.70450000e-04,-4.36618546e-08,-1.61441503e-04
2789,2.70412500e-04,1.52075529e-07,5.62383503e-04
2790,2.70375000e-04,2.63767491e-07,9.75561686e-04
2791,2.70337500e-04,-3.05638753e-07,-1.13058216e-03
2792,2.70300000e-04,-3.05046624e-07,-1.12854837e-03
2793,2.70262500e-04,2.03574206e-08,7.53246219e-05
2794,2.70225000e-04,-9.62116484e-07,-3.56042736e-03
2795,2.70187500e-04,2.82025940e-07,1.04381565e-03
2796,2.70150000e-04,-1.03334095e-06,-3.82506366e-03
2797,2.70112500e-04,4.67921874e-07,1.73232218e-03
2798,2.70075000e-04,2.81120585e-08,1.04089821e-04
2799,2.70037500e-04,-4.52658549e-07,-1.67628033e-03
2800,2.70000000e-04,1.01849335e-07,3.77219760e-04
2801,2.69962500e-04,1.30261094e-07,4.82515514e-04
2802,2.69925000e-04,3.79518981e-07,1.40601641e-03
2803,2.69887500e-04,2.35245168e-07,8.71641585e-04
2804,2.69850000e-04,-5.01211765e-08,-1.85737175e-04
2805,2.69812500e-04,6.02870605e-07,2.23440576e-03
2806,2.69775000e-04,-1.24929572e-06,-4.63088024e-03
2807,2.69737500e-04,-9.61485086e-07,-3.56452138e-03
2808,2.69700000e-04,-2.01685502e-06,-7.47814246e-03
2809,2.69662500e-04,5.62954834e-08,2.08762744e-04
2810,2.69625000e-04,-6.34209655e-07,-2.35219158e-03
2811,2.69587500e-04,-3.53967705e-07,-1.31299747e-03
2812,2.69550000e-04,3.30422110e-07,1.22582864e-03
2813,2.69512500e-04,5.37298600e-07,1.99359436e-03
2814,2.69475000e-04,5.71738097e-08,2.12167398e-04
2815,2.69437500e-04,8.29134255e-07,3.07727861e-03
2816,2.69400000e-04,5.89576665e-07,2.18848057e-03
2817,2.69362500e-04,1.28106112e-08,4.75590004e-05
2818,2.69325000e-04,1.90470319e-07,7.07213660e-04
2819,2.69287500e-04,2.87789970e-09,1.06870898e-05
2820,2.69250000e-04,-4.41756429e-07,-1.64069240e-03
2821,2.69212500e-04,2.32894093e-07,8.65093907e-04
2822,2.69175000e-04,7.73027340e-08,2.87183929e-04
2823,2.69137500e-04,2.70127912e-07,1.00367995e-03
2824,2.69100000e-04,-2.65778487e-07,-9.87656957e-04
2825,2.69062500e-04,6.65004414e-07,2.47156112e-03
2826,2.69025000e-04,1.22513548e-06,4.55398377e-03
2827,2.68987500e-04,1.07861326e-06,4.00990106e-03
2828,2.68950000e-04,-1.19363966e-07,-4.43814708e-04
2829,2.68912500e-04,-2.58475779e-07,-9.61189155e-04
2830,2.68875000e-04,2.92094208e-07,1.08635689e-03
2831,2.68837500e-04,4.82315835e-07,1.79407945e-03
2832,2.68800000e-04,-7.14639620e-07,-2.65862954e-03
2833,2.68762500e-04,-1.90282274e-07,-7.07994138e-04
2834,2.68725000e-04,3.02284812e-07,1.12488534e-03
2835,2.68687500e-04,-9.75200011e-07,-3.62949527e-03
2836,2.68650000e-04,-4.00118132e-07,-1.48936583e-03
2837,2.68612500e-04,-6.70980109e-07,-2.49794819e-03
2838,2.68575000e-04,-6.64231157e-07,-2.47316823e-03
2839,2.68537500e-04,-2.85833445e-07,-1.06440793e-03
2840,2.68500000e-04,-5.28005661e-07,-1.96650153e-03
2841,2.68462500e-04,-1.16110367e-07,-4.32501249e-04
2842,2.68425000e-04,1.30976430e-07,4.87944229e-04
2843,2.68387500e-04,5.46199099e-08,2.03511378e-04
2844,2.68350000e-04,-8.56037115e-07,-3.19000229e-03
2845,2.68312500e-04,-9.88370026e-08,-3.68365255e-04
2846,2.68275000e-04,1.16427033e-07,4.33983910e-04
2847,2.68237500e-04,-6.90705395e-08,-2.57497701e-04
2848,2.68200000e-04,2.23358649e-07,8.32806297e-04
2849,2.68162500e-04,-7.85394505e-09,-2.92880065e-05
2850,2.68125000e-04,1.94207477e-07,7.24316930e-04
2851,2.68087500e-04,4.36015295e-07,1.62639174e-03
2852,2.68050000e-04,5.98289298e-08,2.23200634e-04
2853,2.68012500e-04,-3.53468245e-07,-1.31884985e-03
2854,2.67975000e-04,-2.54339546e-07,-9.49116693e-04
2855,2.67937500e-04,-7.73611745e-07,-2.88728433e-03
2856,2.67900000e-04,7.93149905e-07,2.96061928e-03
2857,2.67862500e-04,2.20472442e-07,8.23080655e-04
2858,2.67825000e-04,-1.73233887e-07,-6.46817465e-04
2859,2.67787500e-04,-3.44122032e-08,-1.28505637e-04
2860,2.67750000e-04,4.59184785e-07,1.71497586e-03
2861,2.67712500e-04,8.23835060e-07,3.07731264e-03
2862,2.67675000e-04,-3.31056083e-07,-1.23678372e-03
2863,2.67637500e-04,6.64714241e-07,2.48363641e-03
2864,2.67600000e-04,1.80978011e-07,6.76300490e-04
2865,2.67562500e-04,5.04952613e-08,1.88723238e-04
2866,2.67525000e-04,-6.64359501e-09,-2.48335483e-05
2867,2.67487500e-04,1.00223241e-06,3.74683828e-03
2868,2.67450000e-04,6.86259877e-07,2.56593710e-03
2869,2.67412500e-04,2.18930393e-07,8.18699174e-04
2870,2.67375000e-04,-6.07007800e-08,-2.27024890e-04
2871,2.67337500e-04,4.01501532e-07,1.50185265e-03
2872,2.67300000e-04,1.03611704e-06,3.87623286e-03
2873,2.67262500e-04,-1.53156126e-07,-5.73055053e-04
2874,2.67225000e-04,-8.78247556e-07,-3.28654713e-03
2875,2.67187500e-04,1.28595936e-07,4.81294730e-04
2876,2.67150000e-04,1.88613935e-07,7.06022591e-04
2877,2.67112500e-04,-1.44093976e-07,-5.39450516e-04
2878,2.67075000e-04,-1.04693802e-07,-3.92001505e-04
2879,2.67037500e-04,-4.95055763e-07,-1.85388106e-03
2880,2.67000000e-04,-8.43886830e-07,-3.16062483e-03
2881,2.66962500e-04,-5.60636477e-07,-2.10005704e-03
2882,2.66925000e-04,-7.23984455e-07,-2.71231415e-03
2883,2.66887500e-04,-1.15629548e-06,-4.33252016e-03
2884,2.66850000e-04,2.48627382e-07,9.31712130e-04
2885,2.66812500e-04,7.77806270e-07,2.91517927e-03
2886,2.66775000e-04,6.47224711e-07,2.42610706e-03
2887,2.66737500e-04,2.78663949e-07,1.04471231e-03
2888,2.66700000e-04,-6.33388433e-07,-2.37490976e-03
2889,2.66662500e-04,1.86735789e-07,7.00270152e-04
2890,2.66625000e-04,-5.30621824e-07,-1.99014280e-03
2891,2.66587500e-04,-2.98689734e-07,-1.12041913e-03
2892,2.66550000e-04,2.68608728e-07,1.00772361e-03
2893,2.66512500e-04,-3.10435508e-08,-1.16480656e-04
2894,2.66475000e-04,1.75904932e-07,6.60117953e-04
2895,2.66437500e-04,4.95498384e-07,1.85971713e-03
2896,2.66400000e-04,-3.50376972e-08,-1.31522887e-04
2897,2.66362500e-04,4.83355370e-07,1.81465248e-03
2898,2.66325000e-04,8.75052589e-07,3.28565696e-03
2899,2.66287500e-04,-1.54405489e-06,-5.79845050e-03
2900,2.66250000e-04,3.48607497e-07,1.30932393e-03
2901,2.66212500e-04,1.48034872e-07,5.56077840e-04
2902,2.66175000e-04,1.65436659e-07,6.21533425e-04
2903,2.66137500e-04,-2.95603753e-07,-1.11071816e-03
2904,2.66100000e-04,-6.49863367e-07,-2.44217725e-03
2905,2.66062500e-04,7.71680250e-07,2.90037209e-03
2906,2.66025000e-04,6.37357527e-08,2.39585575e-04
2907,2.65987500e-04,-5.90202407e-07,-2.21891031e-03
2908,2.65950000e-04,6.54336052e-08,2.46037245e-04
2909,2.65912500e-04,-7.52449745e-07,-2.82968926e-03
2910,2.65875000e-04,3.22210976e-07,1.21188896e-03
2911,2.65837500e-04,-3.10039145e-07,-1.16627318e-03
2912,2.65800000e-04,2.18086790e-07,8.20492062e-04
2913,2.65762500e-04,1.46498217e-06,5.51237354e-03
2914,2.65725000e-04,-3.19352937e-07,-1.20181743e-03
2915,2.65687500e-04,-7.17498766e-07,-2.70053641e-03
2916,2.65650000e-04,6.25977070e-08,2.35639778e-04
2917,2.65612500e-04,4.73271458e-07,1.78181169e-03
2918,2.65575000e-04,4.25304910e-07,1.60144934e-03
2919,2.65537500e-04,-2.72448315e-07,-1.02602576e-03
2920,2.65500000e-04,-6.10750144e-07,-2.30037719e-03
2921,2.65462500e-04,-5.68778393e-07,-2.14259413e-03
2922,2.65425000e-04,8.52590465e-07,3.21217091e-03
2923,2.65387500e-04,5.49040708e-07,2.06882656e-03
2924,2.65350000e-04,7.68725137e-08,2.89702332e-04
2925,2.65312500e-04,1.44602375e-07,5.45026621e-04
2926,2.65275000e-04,5.40824233e-07,2.03873050e-03
2927,2.65237500e-04,-2.35187326e-07,-8.86704654e-04
2928,2.65200000e-04,7.62336432e-08,2.87457176e-04
2929,2.65162500e-04,-1.22009726e-07,-4.60131904e-04
2930,2.65125000e-04,8.09374665e-08,3.05280402e-04
2931,2.65087500e-04,-2.42402933e-08,-9.14426117e-05
2932,2.65050000e-04,5.12921384e-07,1.93518726e-03
2933,2.65012500e-04,-6.41910081e-07,-2.42218794e-03
2934,2.64975000e-04,-9.38371322e-07,-3.54135795e-03
2935,2.64937500e-04,4.54078197e-09,1.71390685e-05
2936,2.64900000e-04,-2.62503654e-07,-9.90953773e-04
2937,2.64862500e-04,-2.95147446e-07,-1.11434214e-03
2938,2.64825000e-04,-1.77832900e-07,-6.71510999e-04
2939,2.64787500e-04,-4.55878438e-07,-1.72167658e-03
2940,2.64750000e-04,6.87552317e-07,2.59698703e-03
2941,2.64712500e-04,-2.88687369e-07,-1.09056946e-03
2942,2.64675000e-04,4.73130379e-07,1.78758999e-03
2943,2.64637500e-04,1.19733258e-07,4.52442522e-04
2944,2.64600000e-04,-9.92071680e-07,-3.74932608e-03
2945,2.64562500e-04,5.43494499e-07,2.05431419e-03
2946,2.64525000e-04,-1.57425368e-07,-5.95124725e-04
2947,2.64487500e-04,8.79095055e-08,3.32376787e-04
2948,2.64450000e-04,4.67986393e-07,1.76965927e-03
2949,2.64412500e-04,2.52804674e-07,9.56099557e-04
2950,2.64375000e-04,5.20551208e-07,1.96898802e-03
2951,2.64337500e-04,2.35444112e-07,8.90695086e-04
2952,2.64300000e-04,-4.66512358e-08,-1.76508648e-04
2953,2.64262500e-04,-1.15988244e-07,-4.38912991e-04
2954,2.64225000e-04,-1.00698430e-06,-3.81108638e-03
2955,2.64187500e-04,1.95725559e-07,7.40858516e-04
2956,2.64150000e-04,-1.56894195e-08,-5.93958718e-05
2957,2.64112500e-04,-3.61178172e-07,-1.36751639e-03
2958,2.64075000e-04,-4.13196529e-07,-1.56469385e-03
2959,2.64037500e-04,1.64262027e-07,6.22116279e-04
2960,2.64000000e-04,3.89353191e-07,1.47482269e-03
2961,2.63962500e-04,5.04839756e-07,1.91254347e-03
2962,2.63925000e-04,-2.42789504e-07,-9.19918553e-04
2963,2.63887500e-04,3.33196939e-07,1.26264768e-03
2964,2.63850000e-04,-2.38717323e-07,-9.04746345e-04
2965,2.63812500e-04,1.15235629e-07,4.36808828e-04
2966,2.63775000e-04,-5.94893770e-08,-2.25530763e-04
2967,2.63737500e-04,1.52200991e-06,5.77092720e-03
2968,2.63700000e-04,9.68728211e-07,3.67359959e-03
2969,2.63662500e-04,-2.54843699e-07,-9.66552693e-04
2970,2.63625000e-04,-2.04902166e-07,-7.77248616e-04
2971,2.63587500e-04,4.06070075e-07,1.54055134e-03
2972,2.63550000e-04,-8.36148256e-07,-3.17263614e-03
2973,2.63512500e-04,-4.16630130e-07,-1.58106401e-03
2974,2.63475000e-04,-8.53427853e-08,-3.23912270e-04
2975,2.63437500e-04,5.43505250e-08,2.06312788e-04
2976,2.63400000e-04,7.98644019e-07,3.03205778e-03
2977,2.63362500e-04,4.17029590e-07,1.58348128e-03
2978,2.63325000e-04,-2.29538684e-07,-8.71693472e-04
2979,2.63287500e-04,3.12080231e-07,1.18532111e-03
2980,2.63250000e-04,-2.24209166e-07,-8.51696737e-04
2981,2.63212500e-04,-8.62728466e-08,-3.27768805e-04
2982,2.63175000e-04,-6.19442279e-07,-2.35372767e-03
2983,2.63137500e-04,-4.13195947e-07,-1.57026629e-03
2984,2.63100000e-04,-1.25764746e-06,-4.78011196e-03
2985,2.63062500e-04,1.88335777e-07,7.15935480e-04
2986,2.63025000e-04,-3.13400287e-07,-1.19152281e-03
2987,2.62987500e-04,-1.45689320e-07,-5.53978117e-04
2988,2.62950000e-04,-3.47046511e-07,-1.31981940e-03
2989,2.62912500e-04,2.34676797e-07,8.92604182e-04
2990,2.62875000e-04,-1.00847335e-06,-3.83632279e-03
2991,2.62837500e-04,-8.59071333e-07,-3.26845040e-03
2992,2.62800000e-04,-1.01050606e-06,-3.84515243e-03
2993,2.62762500e-04,-2.56164610e-07,-9.74890292e-04
2994,2.62725000e-04,8.63507545e-07,3.28673535e-03
2995,2.62687500e-04,6.94351534e-07,2.64326066e-03
2996,2.62650000e-04,5.14476573e-07,1.95879144e-03
2997,2.62612500e-04,7.35981704e-07,2.80253874e-03
2998,2.62575000e-04,-5.18772971e-08,-1.97571350e-04
2999,2.62537500e-04,-7.10265986e-07,-2.70538870e-03
3000,2.62500000e-04,-5.59357360e-09,-2.13088518e-05
3001,2.62462500e-04,1.45482026e-08,5.54296429e-05
3002,2.62425000e-04,-8.82377813e-07,-3.36239997e-03
3003,2.62387500e-04,4.43699962e-07,1.69101029e-03
3004,2.62350000e-04,1.03569917e-08,3.94777652e-05
3005,2.62312500e-04,2.38513099e-07,9.09270809e-04
3006,2.62275000e-04,8.74281989e-07,3.33345530e-03
3007,2.62237500e-04,8.30551731e-07,3.16717377e-03
3008,2.62200000e-04,8.01761910e-07,3.05782574e-03
3009,2.62162500e-04,-2.53937777e-08,-9.68627387e-05
3010,2.62125000e-04,-4.94072111e-07,-1.88487215e-03
3011,2.62087500e-04,-1.44395908e-06,-5.50945420e-03
3012,2.62050000e-04,-2.31252457e-08,-8.82474555e-05
3013,2.62012500e-04,6.48059455e-08,2.47339136e-04
3014,2.61975000e-04,1.78725879e-07,6.82224940e-04
3015,2.61937500e-04,-4.32816645e-08,-1.65236610e-04
3016,2.61900000e-04,-1.02555024e-06,-3.91580848e-03
3017,2.61862500e-04,2.02830925e-07,7.74570339e-04
3018,2.61825000e-04,9.26083703e-07,3.53703314e-03
3019,2.61787500e-04,1.52364774e-06,5.82016997e-03
3020,2.61750000e-04,4.47038579e-07,1.70788378e-03
3021,2.61712500e-04,-4.96331184e-07,-1.89647489e-03
3022,2.61675000e-04,-7.35835691e-07,-2.81202137e-03
3023,2.61637500e-04,-1.05526423e-07,-4.03330651e-04
3024,2.61600000e-04,-1.08842356e-06,-4.16064052e-03
3025,2.61562500e-04,9.97458340e-07,3.81346080e-03
3026,2.61525000e-04,-1.36987809e-07,-5.23803876e-04
3027,2.61487500e-04,-6.41868748e-07,-2.45468234e-03
3028,2.61450000e-04,-1.41405944e-06,-5.40852723e-03
3029,2.61412500e-04,-2.96928002e-07,-1.13586000e-03
3030,2.61375000e-04,-3.87200529e-07,-1.48139849e-03
3031,2.61337500e-04,-5.58624255e-07,-2.13755873e-03
3032,2.61300000e-04,-1.24562564e-06,-4.76703268e-03
3033,2.61262500e-04,-1.10261929e-07,-4.22035039e-04
3034,2.61225000e-04,-1.79629435e-07,-6.87642589e-04
3035,2.61187500e-04,1.72890800e-07,6.61941327e-04
3036,2.61150000e-04,7.90875088e-07,3.02843227e-03
3037,2.61112500e-04,-3.56466003e-08,-1.36518169e-04
3038,2.61075000e-04,1.11063154e-07,4.25407081e-04
3039,2.61037500e-04,-2.65331231e-07,-1.01644871e-03
3040,2.61000000e-04,2.02718366e-07,7.76698719e-04
3041,2.60962500e-04,-4.58338749e-07,-1.75633951e-03
3042,2.60925000e-04,4.28120797e-07,1.64078106e-03
3043,2.60887500e-04,4.08762469e-07,1.56681508e-03
3044,2.60850000e-04,-2.47895681e-07,-9.50338054e-04
3045,2.60812500e-04,-2.98566902e-07,-1.14475687e-03
3046,2.60775000e-04,-1.20870537e-06,-4.63505077e-03
3047,2.60737500e-04,6.43894869e-07,2.46951385e-03
3048,2.60700000e-04,-4.18051934e-07,-1.60357474e-03
3049,2.60662500e-04,2.47118166e-08,9.48038809e-05
3050,2.60625000e-04,7.03962548e-07,2.70105534e-03
3051,2.60587500e-04,9.49015691e-07,3.64183121e-03
3052,2.60550000e-04,6.93436286e-09,2.66143269e-05
3053,2.60512500e-04,1.05893688e-07,4.06482175e-04
3054,2.60475000e-04,3.88603008e-07,1.49190136e-03
3055,2.60437500e-04,-3.63594634e-07,-1.39609171e-03
3056,2.60400000e-04,-5.00794567e-07,-1.92317422e-03
3057,2.60362500e-04,4.67552763e-07,1.79577613e-03
3058,2.60325000e-04,2.69591713e-07,1.03559671e-03
3059,2.60287500e-04,-3.39270301e-09,-1.30344446e-05
3060,2.60250000e-04,3.38078925e-08,1.29905447e-04
3061,2.60212500e-04,-9.18592924e-07,-3.53016448e-03
3062,2.60175000e-04,-2.31149522e-07,-8.88438635e-04
3063,2.60137500e-04,-3.21819723e-07,-1.23711392e-03
3064,2.60100000e-04,-7.47417162e-07,-2.87357617e-03
3065,2.60062500e-04,-4.26308803e-07,-1.63925519e-03
3066,2.60025000e-04,-7.60721196e-07,-2.92556945e-03
3067,2.59987500e-04,-9.55956850e-07,-3.67693389e-03
3068,2.59950000e-04,-1.01498099e-07,-3.90452390e-04
3069,2.59912500e-04,1.37805018e-06,5.30197731e-03
3070,2.59875000e-04,2.11110311e-07,8.12353291e-04
3071,2.59837500e-04,-8.36831974e-07,-3.22059739e-03
3072,2.59800000e-04,4.60819448e-07,1.77374691e-03
3073,2.59762500e-04,1.00854973e-06,3.88258400e-03
3074,2.59725000e-04,-5.53659798e-07,-2.13171546e-03
3075,2.59687500e-04,-1.58436897e-07,-6.10105983e-04
3076,2.59650000e-04,6.11235082e-07,2.35407311e-03
3077,2.59612500e-04,7.09222352e-08,2.73184978e-04
3078,2.59575000e-04,3.52196391e-07,1.35681938e-03
3079,2.59537500e-04,1.53555634e-07,5.91651048e-04
3080,2.59500000e-04,1.28638685e-06,4.95717476e-03
3081,2.59462500e-04,4.61244728e-07,1.77769322e-03
3082,2.59425000e-04,6.95833530e-07,2.68221463e-03
3083,2.59387500e-04,-5.32466053e-08,-2.05278224e-04
3084,2.59350000e-04,-1.73129502e-07,-6.67551580e-04
3085,2.59312500e-04,2.21049180e-07,8.52443210e-04
3086,2.59275000e-04,3.40311090e-07,1.31254880e-03
3087,2.59237500e-04,6.89097769e-07,2.65817163e-03
3088,2.59200000e-04,6.06309259e-07,2.33915609e-03
3089,2.59162500e-04,-5.46867572e-07,-2.11013388e-03
3090,2.59125000e-04,2.78231124e-07,1.07373323e-03
3091,2.59087500e-04,-5.84222638e-07,-2.25492406e-03
3092,2.59050000e-04,-8.15158852e-07,-3.14672400e-03
3093,2.59012500e-04,1.09812943e-06,4.23967734e-03
3094,2.58975000e-04,-1.01114214e-07,-3.90440057e-04
3095,2.58937500e-04,-1.98599483e-07,-7.66978451e-04
3096,2.58900000e-04,3.93913712e-07,1.52148981e-03
3097,2.58862500e-04,-4.00523500e-07,-1.54724419e-03
3098,2.58825000e-04,-2.43613126e-07,-9.41227185e-04
3099,2.58787500e-04,2.10573853e-07,8.13694064e-04
3100,2.58750000e-04,-4.44552713e-07,-1.71807812e-03
3101,2.58712500e-04,-1.32482892e-07,-5.12085393e-04
3102,2.58675000e-04,-3.78625443e-07,-1.46371100e-03
3103,2.58637500e-04,1.00520484e-07,3.88653944e-04
3104,2.58600000e-04,4.91177611e-07,1.89937204e-03
3105,2.58562500e-04,-6.36262499e-07,-2.46076867e-03
3106,2.58525000e-04,-9.54217816e-09,-3.69100789e-05
3107,2.58487500e-04,-4.59329761e-07,-1.77699023e-03
3108,2.58450000e-04,-3.85046125e-07,-1.48982830e-03
3109,2.58412500e-04,6.72780700e-07,2.60351453e-03
3110,2.58375000e-04,9.11696069e-07,3.52857695e-03
3111,2.58337500e-04,-1.75212280e-07,-6.78230144e-04
3112,2.58300000e-04,-3.36765964e-07,-1.30377841e-03
3113,2.58262500e-04,4.87041543e-07,1.88583919e-03
3114,2.58225000e-04,-3.58789210e-07,-1.38944413e-03
3115,2.58187500e-04,-3.52032901e-07,-1.36347771e-03
3116,2.58150000e-04,-1.06140922e-06,-4.11159877e-03
3117,2.58112500e-04,-2.92662866e-07,-1.13385778e-03
3118,2.58075000e-04,4.09880053e-07,1.58822068e-03
3119,2.58037500e-04,-6.84261956e-07,-2.65179269e-03
3120,2.58000000e-04,6.70798055e-07,2.59999246e-03
3121,2.57962500e-04,-1.86077762e-07,-7.21336481e-04
3122,2.57925000e-04,-3.40132152e-07,-1.31872502e-03
3123,2.57887500e-04,2.77041842e-07,1.07427402e-03
3124,2.57850000e-04,2.09858656e-07,8.13878828e-04
3125,2.57812500e-04,3.96344636e-07,1.53733677e-03
3126,2.57775000e-04,3.74754781e-07,1.45380576e-03
3127,2.57737500e-04,-1.84511443e-07,-7.15889009e-04
3128,2.57700000e-04,-3.76493065e-07,-1.46097425e-03
3129,2.57662500e-04,-2.19137494e-07,-8.50482682e-04
3130,2.57625000e-04,-2.29338833e-07,-8.90204108e-04
3131,2.57587500e-04,9.41311002e-08,3.65433494e-04
3132,2.57550000e-04,-1.66884210e-07,-6.47968199e-04
3133,2.57512500e-04,2.93720498e-07,1.14060676e-03
3134,2.57475000e-04,3.59448388e-07,1.39605161e-03
3135,2.57437500e-04,2.03679294e-07,7.91179583e-04
3136,2.57400000e-04,1.83682832e-07,7.13608518e-04
3137,2.57362500e-04,-7.41389883e-09,-2.88072226e-05
3138,2.57325000e-04,6.54463735e-07,2.54333522e-03
3139,2.57287500e-04,1.73409584e-07,6.73991483e-04
3140,2.57250000e-04,-5.86328602e-07,-2.27921711e-03
3141,2.57212500e-04,-5.54417512e-07,-2.15548432e-03
3142,2.57175000e-04,-2.79019989e-07,-1.08494212e-03
3143,2.57137500e-04,1.17577691e-07,4.57256101e-04
3144,2.57100000e-04,2.43666978e-07,9.47751763e-04
3145,2.57062500e-04,-2.34109589e-07,-9.10710775e-04
3146,2.57025000e-04,-7.33403473e-07,-2.85343244e-03
3147,2.56987500e-04,-7.10011127e-07,-2.76282359e-03
3148,2.56950000e-04,8.85876428e-07,3.44766074e-03
3149,2.56912500e-04,5.94864785e-07,2.31543730e-03
3150,2.56875000e-04,2.68593595e-07,1.04561984e-03
3151,2.56837500e-04,1.19950061e-06,4.67027053e-03
3152,2.56800000e-04,5.04772571e-07,1.96562528e-03
3153,2.56762500e-04,5.60946843e-07,2.18469147e-03
3154,2.56725000e-04,4.86877509e-07,1.89649434e-03
3155,2.56687500e-04,-8.24536084e-08,-3.21221752e-04
3156,2.56650000e-04,-2.73362328e-08,-1.06511720e-04
3157,2.56612500e-04,-2.55767246e-07,-9.96706106e-04
3158,2.56575000e-04,3.81422677e-07,1.48659330e-03
3159,2.56537500e-04,2.37156830e-07,9.24452878e-04
3160,2.56500000e-04,3.81659634e-07,1.48795179e-03
3161,2.56462500e-04,-5.92483591e-07,-2.31021530e-03
3162,2.56425000e-04,-1.01788146e-06,-3.96950943e-03
3163,2.56387500e-04,-1.18896397e-06,-4.63737106e-03
3164,2.56350000e-04,-3.20646187e-07,-1.25081407e-03
3165,2.56312500e-04,-3.19790706e-07,-1.24765942e-03
3166,2.56275000e-04,6.99172276e-07,2.72821101e-03
3167,2.56237500e-04,7.29593399e-07,2.84733265e-03
3168,2.56200000e-04,1.60290854e-07,6.25647363e-04
3169,2.56162500e-04,-1.60449113e-07,-6.26356758e-04
3170,2.56125000e-04,5.24219708e-08,2.04673385e-04
3171,2.56087500e-04,9.91435387e-08,3.87147122e-04
3172,2.56050000e-04,-3.66923946e-07,-1.43301678e-03
3173,2.56012500e-04,3.82214868e-07,1.49295393e-03
3174,2.55975000e-04,3.92710982e-07,1.53417710e-03
3175,2.55937500e-04,1.09281881e-07,4.26986594e-04
3176,2.55900000e-04,6.70276455e-07,2.61929056e-03
3177,2.55862500e-04,-4.06198133e-08,-1.58756415e-04
3178,2.55825000e-04,-8.44173512e-07,-3.29980851e-03
3179,2.55787500e-04,-6.01421773e-07,-2.35125553e-03
3180,2.55750000e-04,1.53032945e-07,5.98369285e-04
3181,2.55712500e-04,-8.98363384e-09,-3.51317743e-05
3182,2.55675000e-04,5.35122133e-08,2.09297793e-04
3183,2.55637500e-04,2.63600242e-07,1.03114857e-03
3184,2.55600000e-04,-1.13124982e-06,-4.42586001e-03
3185,2.55562500e-04,-6.14742354e-07,-2.40544819e-03
3186,2.55525000e-04,1.14167973e-08,4.46797663e-05
3187,2.55487500e-04,-2.98848144e-07,-1.16971728e-03
3188,2.55450000e-04,-7.50317573e-07,-2.93723849e-03
3189,2.55412500e-04,-1.10344666e-07,-4.32025315e-04
3190,2.55375000e-04,-8.03925708e-08,-3.14802039e-04
3191,2.55337500e-04,-3.09170837e-07,-1.21083208e-03
3192,2.55300000e-04,-3.30101878e-07,-1.29299600e-03
3193,2.55262500e-04,5.85588129e-07,2.29406250e-03
3194,2.55225000e-04,2.33151244e-07,9.13512562e-04
3195,2.55187500e-04,4.54435673e-07,1.78079127e-03
3196,2.55150000e-04,-5.68615295e-07,-2.22855299e-03
3197,2.55112500e-04,1.14196832e-06,4.47633227e-03
3198,2.55075000e-04,4.36313153e-07,1.71052887e-03
3199,2.55037500e-04,3.94759470e-07,1.54784873e-03
3200,2.55000000e-04,-3.43555902e-07,-1.34727805e-03
3201,2.54962500e-04,-1.96283704e-07,-7.69853229e-04
3202,2.54925000e-04,4.34073266e-07,1.70274891e-03
3203,2.54887500e-04,6.51015879e-07,2.55413027e-03
3204,2.54850000e-04,-9.15330691e-08,-3.59164485e-04
3205,2.54812500e-04,-3.73464915e-07,-1.46564597e-03
3206,2.54775000e-04,-4.13801338e-07,-1.62418345e-03
3207,2.54737500e-04,-4.43976292e-07,-1.74287764e-03
3208,2.54700000e-04,-5.81829422e-07,-2.28437150e-03
3209,2.54662500e-04,-5.28626141e-07,-2.07579106e-03
3210,2.54625000e-04,3.61312770e-07,1.41899959e-03
3211,2.54587500e-04,7.78655586e-07,3.05849889e-03
3212,2.54550000e-04,-2.62573801e-07,-1.03152151e-03
3213,2.54512500e-04,-1.57675789e-07,-6.19520805e-04
3214,2.54475000e-04,-1.69078484e-07,-6.64420802e-04
3215,2.54437500e-04,2.16928093e-07,8.52579094e-04
3216,2.54400000e-04,-4.46342932e-08,-1.75449266e-04
3217,2.54362500e-04,-1.72505575e-07,-6.78187920e-04
3218,2.54325000e-04,-3.90256680e-08,-1.53448021e-04
3219,2.54287500e-04,2.62179379e-07,1.03103526e-03
3220,2.54250000e-04,-2.77990862e-07,-1.09337606e-03
3221,2.54212500e-04,9.95774967e-07,3.91709679e-03
3222,2.54175000e-04,-2.31037045e-07,-9.08968410e-04
3223,2.54137500e-04,8.87303724e-08,3.49143170e-04
3224,2.54100000e-04,2.28661096e-07,8.99886251e-04
3225,2.54062500e-04,7.35906323e-07,2.89655625e-03
3226,2.54025000e-04,1.89367175e-07,7.45466687e-04
3227,2.53987500e-04,5.24201281e-07,2.06388614e-03
3228,2.53950000e-04,2.08027013e-07,8.19165243e-04
3229,2.53912500e-04,-1.47548375e-06,-5.81099296e-03
3230,2.53875000e-04,-3.23449125e-07,-1.27404875e-03
3231,2.53837500e-04,8.01276920e-07,3.15665306e-03
3232,2.53800000e-04,2.04279349e-09,8.04883172e-06
3233,2.53762500e-04,1.09624511e-07,4.31996498e-04
3234,2.53725000e-04,3.12586344e-07,1.23198875e-03
3235,2.53687500e-04,3.63686653e-07,1.43360100e-03
3236,2.53650000e-04,-3.23293600e-07,-1.27456574e-03
3237,2.53612500e-04,1.61369096e-08,6.36282107e-05
3238,2.53575000e-04,-3.17672417e-07,-1.25277498e-03
3239,2.53537500e-04,-2.84911888e-07,-1.12374654e-03
3240,2.53500000e-04,-1.10006959e-07,-4.33952501e-04
3241,2.53462500e-04,-3.55033134e-07,-1.40073239e-03
3242,2.53425000e-04,-4.59766809e-07,-1.81421252e-03
3243,2.53387500e-04,4.65162020e-09,1.83577335e-05
3244,2.53350000e-04,-2.21012142e-07,-8.72358958e-04
3245,2.53312500e-04,1.79214570e-07,7.07484117e-04
3246,2.53275000e-04,-4.95573047e-07,-1.95665994e-03
3247,2.53237500e-04,1.81257676e-07,7.15761593e-04
3248,2.53200000e-04,-3.14368829e-08,-1.24158305e-04
3249,2.53162500e-04,4.82718625e-08,1.90675406e-04
3250,2.53125000e-04,-2.80819200e-07,-1.10940918e-03
3251,2.53087500e-04,-8.63482434e-07,-3.41179408e-03
3252,2.53050000e-04,-2.36537987e-07,-9.34748020e-04
3253,2.53012500e-04,-1.47009443e-07,-5.81036286e-04
3254,2.52975000e-04,4.42483145e-07,1.74911808e-03
3255,2.52937500e-04,3.04694066e-07,1.20462195e-03
3256,2.52900000e-04,6.22814299e-07,2.46268999e-03
3257,2.52862500e-04,1.02794634e-07,4.06523839e-04
3258,2.52825000e-04,1.34225755e-07,5.30903807e-04
3259,2.52787500e-04,3.34905095e-07,1.32484832e-03
3260,2.52750000e-04,2.68877259e-07,1.06380716e-03
3261,2.52712500e-04,-4.86299133e-07,-1.92431768e-03
3262,2.52675000e-04,1.78539720e-07,7.06598278e-04
3263,2.52637500e-04,5.57404940e-08,2.20634284e-04
3264,2.52600000e-04,7.65447643e-08,3.03027570e-04
3265,2.52562500e-04,-2.58207988e-07,-1.02235284e-03
3266,2.52525000e-04,-8.03795619e-07,-3.18303384e-03
3267,2.52487500e-04,-2.35474320e-07,-9.32617732e-04
3268,2.52450000e-04,-2.93237430e-07,-1.16156637e-03
3269,2.52412500e-04,9.70386012e-07,3.84444515e-03
3270,2.52375000e-04,3.89329032e-07,1.54266085e-03
3271,2.52337500e-04,3.68869877e-07,1.46181157e-03
3272,2.52300000e-04,-2.38753227e-07,-9.46306885e-04
3273,2.52262500e-04,-2.97260178e-07,-1.17837641e-03
3274,2.52225000e-04,4.05450052e-07,1.60749352e-03
3275,2.52187500e-04,2.44228485e-07,9.68440087e-04
3276,2.52150000e-04,1.27108530e-07,5.04098869e-04
3277,2.52112500e-04,-7.63568865e-07,-3.02868309e-03
3278,2.52075000e-04,2.04195469e-08,8.10058393e-05
3279,2.52037500e-04,-1.24332118e-07,-4.93308011e-04
3280,2.52000000e-04,-3.65602758e-07,-1.45080459e-03
3281,2.51962500e-04,3.41949971e-07,1.35714629e-03
3282,2.51925000e-04,4.05279405e-07,1.60873039e-03
3283,2.51887500e-04,-1.33816334e-07,-5.31254366e-04
3284,2.51850000e-04,1.40938768e-06,5.59613927e-03
3285,2.51812500e-04,-1.03476324e-06,-4.10926081e-03
3286,2.51775000e-04,-6.95488382e-07,-2.76234091e-03
3287,2.51737500e-04,-2.22862006e-07,-8.85295223e-04
3288,2.51700000e-04,-3.38625032e-07,-1.34535174e-03
3289,2.51662500e-04,-6.71847669e-07,-2.66963759e-03
3290,2.51625000e-04,-1.16045424e-07,-4.61184000e-04
3291,2.51587500e-04,2.98436044e-07,1.18621173e-03
3292,2.51550000e-04,7.63331319e-07,3.03451131e-03
3293,2.51512500e-04,2.77148215e-07,1.10192621e-03
3294,2.51475000e-04,5.36893321e-07,2.13497692e-03
3295,2.51437500e-04,-2.20339127e-07,-8.76317683e-04
3296,2.51400000e-04,-2.51686636e-07,-1.00114016e-03
3297,2.51362500e-04,-1.54400785e-07,-6.14255446e-04
3298,2.51325000e-04,-4.08614502e-07,-1.62584105e-03
3299,2.51287500e-04,-2.47774853e-07,-9.86021402e-04
3300,2.51250000e-04,-1.71884246e-07,-6.84116404e-04
3301,2.51212500e-04,9.57665165e-08,3.81217163e-04
3302,2.51175000e-04,-2.42785647e-07,-9.66599569e-04
3303,2.51137500e-04,-1.17466373e-07,-4.67737288e-04
3304,2.51100000e-04,2.96474207e-07,1.18070174e-03
3305,2.51062500e-04,2.15762288e-08,8.59396716e-05
3306,2.51025000e-04,6.65325220e-07,2.65043410e-03
3307,2.50987500e-04,-5.58564359e-08,-2.22546684e-04
3308,2.50950000e-04,-8.09204972e-08,-3.22456653e-04
3309,2.50912500e-04,-4.00518375e-07,-1.59624720e-03
3310,2.50875000e-04,2.30604495e-08,9.19200779e-05
3311,2.50837500e-04,2.58257025e-08,1.02957901e-04
3312,2.50800000e-04,-1.20770896e-07,-4.81542649e-04
3313,2.50762500e-04,8.80513618e-09,3.51134487e-05
3314,2.50725000e-04,-4.95937647e-07,-1.97801435e-03
3315,2.50687500e-04,-8.37918842e-07,-3.34248354e-03
3316,2.50650000e-04,-5.69140367e-07,-2.27065776e-03
3317,2.50612500e-04,9.45040181e-07,3.77092197e-03
3318,2.50575000e-04,6.76949679e-08,2.70158507e-04
3319,2.50537500e-04,-2.94018760e-07,-1.17355190e-03
3320,2.50500000e-04,3.11706787e-07,1.24433847e-03
3321,2.50462500e-04,8.95266803e-08,3.57445447e-04
3322,2.50425000e-04,1.35547570e-07,5.41270121e-04
3323,2.50387500e-04,6.95222990e-09,2.77658825e-05
3324,2.50350000e-04,1.30676803e-08,5.21976444e-05
3325,2.50312500e-04,5.48490494e-07,2.19122295e-03
3326,2.50275000e-04,-5.25528074e-07,-2.09980251e-03
3327,2.50237500e-04,-1.32966874e-07,-5.31362701e-04
3328,2.50200000e-04,-1.21479609e-07,-4.85530014e-04
3329,2.50162500e-04,-4.21830033e-07,-1.68622409e-03
3330,2.50125000e-04,8.00730877e-08,3.20132285e-04
3331,2.50087500e-04,-1.69922822e-07,-6.79453479e-04
3332,2.50050000e-04,-5.39585490e-07,-2.15791038e-03
3333,2.50012500e-04,-7.28302695e-07,-2.91306513e-03
3334,2.49975000e-04,-7.27994184e-07,-2.91226796e-03
3335,2.49937500e-04,-1.16659056e-08,-4.66752911e-05
3336,2.49900000e-04,3.72599289e-08,1.49099355e-04
3337,2.49862500e-04,2.06480334e-07,8.26375843e-04
3338,2.49825000e-04,7.99874842e-08,3.20174059e-04
3339,2.49787500e-04,7.14813293e-08,2.86168560e-04
3340,2.49750000e-04,-6.61183899e-08,-2.64738298e-04
3341,2.49712500e-04,6.32732332e-07,2.53384325e-03
3342,2.49675000e-04,1.10167963e-07,4.41245472e-04
3343,2.49637500e-04,1.44560612e-07,5.79082117e-04
3344,2.49600000e-04,-4.34321453e-07,-1.74006992e-03
3345,2.49562500e-04,2.49911547e-07,1.00139864e-03
3346,2.49525000e-04,6.17346192e-08,2.47408553e-04
3347,2.49487500e-04,4.11280310e-07,1.64850067e-03
3348,2.49450000e-04,-1.14534899e-07,-4.59149725e-04
3349,2.49412500e-04,1.94452170e-07,7.79640837e-04
3350,2.49375000e-04,-1.80832629e-08,-7.25143374e-05
3351,2.49337500e-04,3.22206848e-08,1.29225186e-04
3352,2.49300000e-04,-1.71273820e-07,-6.87018933e-04
3353,2.49262500e-04,5.31966974e-07,2.13416368e-03
3354,2.49225000e-04,1.62927894e-07,6.53738165e-04
3355,2.49187500e-04,2.58421584e-07,1.03705677e-03
3356,2.49150000e-04,-1.32606579e-07,-5.32235918e-04
3357,2.49112500e-04,-2.69314731e-07,-1.08109682e-03
3358,2.49075000e-04,-4.52876426e-07,-1.81823317e-03
3359,2.49037500e-04,4.40538708e-07,1.76896535e-03
3360,2.49000000e-04,-1.79373689e-08,-7.20376262e-05
3361,2.48962500e-04,1.46796618e-07,5.89633449e-04
3362,2.48925000e-04,8.73429107e-08,3.50880429e-04
3363,2.48887500e-04,6.42255875e-08,2.58050676e-04
3364,2.48850000e-04,1.78025354e-07,7.15392222e-04
3365,2.48812500e-04,-1.00924688e-06,-4.05625474e-03
3366,2.48775000e-04,8.34146043e-07,3.35301394e-03
3367,2.48737500e-04,-2.57262837e-07,-1.03427443e-03
3368,2.48700000e-04,1.94905178e-07,7.83695932e-04
3369,2.48662500e-04,8.00084100e-07,3.21755030e-03
3370,2.48625000e-04,-6.63232306e-07,-2.66760103e-03
3371,2.48587500e-04,4.36489383e-07,1.75587825e-03
3372,2.48550000e-04,-1.08397371e-07,-4.36118973e-04
3373,2.48512500e-04,-5.49048274e-09,-2.20933866e-05
3374,2.48475000e-04,-2.46256558e-07,-9.91071771e-04
3375,2.48437500e-04,2.27952979e-07,9.17546583e-04
3376,2.48400000e-04,3.49062034e-07,1.40524168e-03
3377,2.48362500e-04,-3.39446795e-07,-1.36673932e-03
3378,2.48325000e-04,-4.07426467e-07,-1.64069855e-03
3379,2.48287500e-04,2.91426066e-07,1.17374441e-03
3380,2.48250000e-04,9.31798274e-08,3.75346737e-04
3381,2.48212500e-04,-2.46032315e-07,-9.91216456e-04
3382,2.48175000e-04,1.89480360e-07,7.63494954e-04
3383,2.48137500e-04,-2.57258698e-07,-1.03675864e-03
3384,2.48100000e-04,-8.90048515e-08,-3.58745875e-04
3385,2.48062500e-04,8.18981598e-08,3.30151312e-04
3386,2.48025000e-04,-2.27509735e-07,-9.17285496e-04
3387,2.47987500e-04,9.84715181e-08,3.97082587e-04
3388,2.47950000e-04,-1.72521666e-07,-6.95792161e-04
3389,2.47912500e-04,3.51923443e-07,1.41954699e-03
3390,2.47875000e-04,4.52463751e-07,1.82537065e-03
3391,2.47837500e-04,2.62993627e-10,1.06115349e-06
3392,2.47800000e-04,5.42805585e-07,2.19049873e-03
3393,2.47762500e-04,-1.98039939e-07,-7.99313613e-04
3394,2.47725000e-04,-1.26151284e-07,-5.09239213e-04
3395,2.47687500e-04,9.14207686e-07,3.69097224e-03
3396,2.47650000e-04,-2.93419244e-08,-1.18481423e-04
3397,2.47612500e-04,-6.77676218e-07,-2.73684171e-03
3398,2.47575000e-04,-3.32377037e-08,-1.34253070e-04
3399,2.47537500e-04,-1.20229625e-06,-4.85702673e-03
3400,2.47500000e-04,-9.19666767e-07,-3.71582532e-03
3401,2.47462500e-04,-8.39241141e-07,-3.39138714e-03
3402,2.47425000e-04,-5.80236792e-08,-2.34510172e-04
3403,2.47387500e-04,3.62979613e-07,1.46725123e-03
3404,2.47350000e-04,1.23568390e-06,4.99568990e-03
3405,2.47312500e-04,3.80956446e-07,1.54038492e-03
3406,2.47275000e-04,3.28154760e-07,1.32708426e-03
3407,2.47237500e-04,-2.06621566e-07,-8.35720981e-04
3408,2.47200000e-04,-6.08220210e-07,-2.46043774e-03
3409,2.47162500e-04,-1.42267965e-07,-5.75604978e-04
3410,2.47125000e-04,2.94846219e-07,1.19310559e-03
3411,2.47087500e-04,2.15619496e-07,8.72644292e-04
3412,2.47050000e-04,5.80391211e-07,2.34928642e-03
3413,2.47012500e-04,2.87182582e-07,1.16262368e-03
3414,2.46975000e-04,-5.96610370e-08,-2.41567110e-04
3415,2.46937500e-04,-4.42366429e-07,-1.79141049e-03
3416,2.46900000e-04,-8.85552144e-07,-3.58668345e-03
3417,2.46862500e-04,-6.29986447e-07,-2.55197305e-03
3418,2.46825000e-04,-2.57859369e-07,-1.04470523e-03
3419,2.46787500e-04,8.95155329e-07,3.62723124e-03
3420,2.46750000e-04,9.74359254e-07,3.94877104e-03
3421,2.46712500e-04,3.38553560e-07,1.37225945e-03
3422,2.46675000e-04,-5.80968037e-07,-2.35519626e-03
3423,2.46637500e-04,-2.81953758e-07,-1.14319095e-03
3424,2.46600000e-04,-8.46139661e-08,-3.43122328e-04
3425,2.46562500e-04,-3.81884641e-07,-1.54883505e-03
3426,2.46525000e-04,-3.45897632e-07,-1.40309353e-03
3427,2.46487500e-04,-2.42204613e-07,-9.82624323e-04
3428,2.46450000e-04,-6.26233447e-07,-2.54101622e-03
3429,2.46412500e-04,-1.10305423e-07,-4.47645405e-04
3430,2.46375000e-04,8.09068606e-07,3.28389084e-03
3431,2.46337500e-04,2.46858205e-08,1.00211379e-04
3432,2.46300000e-04,3.40816355e-07,1.38374484e-03
3433,2.46262500e-04,4.99199578e-07,2.02710351e-03
3434,2.46225000e-04,5.07136868e-07,2.05964816e-03
3435,2.46187500e-04,4.90944263e-08,1.99418843e-04
3436,2.46150000e-04,1.28296119e-07,5.21211126e-04
3437,2.46112500e-04,-8.76247826e-07,-3.56035482e-03
3438,2.46075000e-04,-5.57607605e-07,-2.26600673e-03
3439,2.46037500e-04,-6.19582016e-07,-2.51824220e-03
3440,2.46000000e-04,-6.12907387e-08,-2.49149344e-04
3441,2.45962500e-04,-3.57657959e-07,-1.45411581e-03
3442,2.45925000e-04,-3.85319895e-07,-1.56681873e-03
3443,2.45887500e-04,-6.32761168e-07,-2.57337672e-03
3444,2.45850000e-04,-4.92909964e-07,-2.00492155e-03
3445,2.45812500e-04,1.51245198e-07,6.15286845e-04
3446,2.45775000e-04,-3.58946576e-07,-1.46046822e-03
3447,2.45737500e-04,5.36231397e-08,2.18213092e-04
3448,2.45700000e-04,1.14395463e-07,4.65589999e-04
3449,2.45662500e-04,5.86146722e-08,2.38598371e-04
3450,2.45625000e-04,-2.58641084e-07,-1.05299169e-03
3451,2.45587500e-04,-2.87756829e-07,-1.17170796e-03
3452,2.45550000e-04,4.91425964e-07,2.00132749e-03
3453,2.45512500e-04,3.13283385e-07,1.27603843e-03
3454,2.45475000e-04,3.86156874e-07,1.57310062e-03
3455,2.45437500e-04,-2.60807001e-07,-1.06262083e-03
3456,2.45400000e-04,1.43463902e-07,5.84612478e-04
3457,2.45362500e-04,-4.20643378e-08,-1.71437517e-04
3458,2.45325000e-04,6.83551010e-07,2.78630800e-03
3459,2.45287500e-04,-6.09107616e-07,-2.48323953e-03
3460,2.45250000e-04,7.63475913e-07,3.11305163e-03
3461,2.45212500e-04,1.48070414e-07,6.03845292e-04
3462,2.45175000e-04,7.32564265e-07,2.98792399e-03
3463,2.45137500e-04,2.17451989e-07,8.87061298e-04
3464,2.45100000e-04,-9.80717010e-08,-4.00129339e-04
3465,2.45062500e-04,4.48080266e-08,1.82843261e-04
3466,2.45025000e-04,9.50950376e-08,3.88103408e-04
3467,2.44987500e-04,2.31200801e-07,9.43724887e-04
3468,2.44950000e-04,-3.76619461e-07,-1.53753607e-03
3469,2.44912500e-04,1.75748935e-07,7.17598879e-04
3470,2.44875000e-04,6.85950228e-07,2.80122604e-03
3471,2.44837500e-04,2.02317096e-08,8.26332144e-05
3472,2.44800000e-04,1.83662682e-07,7.50256054e-04
3473,2.44762500e-04,-4.31829356e-07,-1.76427907e-03
3474,2.44725000e-04,-8.37210754e-08,-3.42102668e-04
3475,2.44687500e-04,-4.38069483e-08,-1.79032228e-04
3476,2.44650000e-04,4.08052845e-07,1.66790454e-03
3477,2.44612500e-04,2.48245501e-07,1.01485206e-03
3478,2.44575000e-04,-1.56638214e-07,-6.40450635e-04
3479,2.44537500e-04,-1.60137328e-07,-6.54857960e-04
3480,2.44500000e-04,-4.88449027e-07,-1.99774653e-03
3481,2.44462500e-04,-7.93967594e-07,-3.24780935e-03
3482,2.44425000e-04,4.40011746e-07,1.80019125e-03
3483,2.44387500e-04,9.76193348e-07,3.99444877e-03
3484,2.44350000e-04,4.07767212e-07,1.66878335e-03
3485,2.44312500e-04,2.79711919e-07,1.14489402e-03
3486,2.44275000e-04,-1.50675185e-07,-6.16826056e-04
3487,2.44237500e-04,-4.70022563e-08,-1.92444880e-04
3488,2.44200000e-04,6.30642512e-08,2.58248367e-04
3489,2.44162500e-04,1.75308708e-07,7.18000135e-04
3490,2.44125000e-04,-7.48608229e-07,-3.06649556e-03
3491,2.44087500e-04,-5.89236726e-07,-2.41403892e-03
3492,2.44050000e-04,1.60446321e-07,6.57432170e-04
3493,2.44012500e-04,-1.94841002e-07,-7.98487791e-04
3494,2.43975000e-04,-4.29197461e-07,-1.75918623e-03
3495,2.43937500e-04,-8.38194261e-08,-3.43610253e-04
3496,2.43900000e-04,2.27170657e-07,9.31409009e-04
3497,2.43862500e-04,-4.95408886e-07,-2.03150909e-03
3498,2.43825000e-04,1.57215140e-07,6.44786796e-04
3499,2.43787500e-04,6.44232735e-07,2.64259954e-03
3500,2.43750000e-04,6.22375170e-07,2.55333403e-03
3501,2.43712500e-04,1.33231097e-06,5.46673221e-03
3502,2.43675000e-04,-3.80364574e-07,-1.56095034e-03
3503,2.43637500e-04,-5.11691139e-07,-2.10021503e-03
3504,2.43600000e-04,-5.74585007e-07,-2.35872335e-03
3505,2.43562500e-04,-7.14837346e-07,-2.93492367e-03
3506,2.43525000e-04,-7.30278938e-07,-2.99878426e-03
3507,2.43487500e-04,6.40109659e-08,2.62892205e-04
3508,2.43450000e-04,2.44591651e-07,1.00468947e-03
3509,2.43412500e-04,-8.71383063e-08,-3.57986161e-04
3510,2.43375000e-04,5.60382123e-07,2.30254596e-03
3511,2.43337500e-04,1.26908636e-07,5.21533411e-04
3512,2.43300000e-04,-3.51556263e-07,-1.44494970e-03
3513,2.43262500e-04,-2.13217598e-07,-8.76491848e-04
3514,2.43225000e-04,-3.00560174e-07,-1.23572895e-03
3515,2.43187500e-04,-6.73628389e-07,-2.76999594e-03
3516,2.43150000e-04,1.35001324e-07,5.55218276e-04
3517,2.43112500e-04,7.00874613e-07,2.88292298e-03
3518,2.43075000e-04,2.76070506e-07,1.13574208e-03
3519,2.43037500e-04,-7.40792960e-09,-3.04806032e-05
3520,2.43000000e-04,3.89547222e-07,1.60307499e-03
3521,2.42962500e-04,-1.64797825e-07,-6.78285024e-04
3522,2.42925000e-04,3.92918871e-08,1.61744930e-04
3523,2.42887500e-04,-1.88708054e-07,-7.76936045e-04
3524,2.42850000e-04,4.12831689e-08,1.69994519e-04
3525,2.42812500e-04,1.18667479e-07,4.88720636e-04
3526,2.42775000e-04,-7.75074994e-07,-3.19256511e-03
3527,2.42737500e-04,-2.31464110e-08,-9.53557279e-05
3528,2.42700000e-04,-6.34784302e-07,-2.61551010e-03
3529,2.42662500e-04,-5.57837861e-07,-2.29882187e-03
3530,2.42625000e-04,7.67677282e-07,3.16404856e-03
3531,2.42587500e-04,6.62695941e-07,2.73178107e-03
3532,2.42550000e-04,7.72142887e-08,3.18343800e-04
3533,2.42512500e-04,7.50535108e-07,3.09483061e-03
3534,2.42475000e-04,5.14606498e-07,2.12230745e-03
3535,2.42437500e-04,-3.15773425e-07,-1.30249415e-03
3536,2.42400000e-04,-3.73301500e-07,-1.54002269e-03
3537,2.42362500e-04,4.61273965e-07,1.90323984e-03
3538,2.42325000e-04,-1.70630251e-07,-7.04138043e-04
3539,2.42287500e-04,-6.38334363e-09,-2.63461534e-05
3540,2.42250000e-04,-1.14802843e-07,-4.73902344e-04
3541,2.42212500e-04,-5.81426332e-07,-2.40048029e-03
3542,2.42175000e-04,1.07186291e-07,4.42598497e-04
3543,2.42137500e-04,8.00359645e-09,3.30539320e-05
3544,2.42100000e-04,3.06167232e-07,1.26463128e-03
3545,2.42062500e-04,2.06030341e-07,8.51145226e-04
3546,2.42025000e-04,-7.62965559e-07,-3.15242458e-03
3547,2.41987500e-04,-8.24878926e-07,-3.40876668e-03
3548,2.41950000e-04,-6.32676906e-08,-2.61490765e-04
3549,2.41912500e-04,-2.77830971e-07,-1.14847712e-03
3550,2.41875000e-04,-7.04758376e-08,-2.91372972e-04
3551,2.41837500e-04,1.62993718e-07,6.73980330e-04
3552,2.41800000e-04,3.74111581e-07,1.54719430e-03
3553,2.41762500e-04,5.94798135e-07,2.46025804e-03
3554,2.41725000e-04,9.23841348e-07,3.82186926e-03
3555,2.41687500e-04,8.71692375e-07,3.60669201e-03
3556,2.41650000e-04,1.24689898e-07,5.15993782e-04
3557,2.41612500e-04,9.85285897e-08,4.07795912e-04
3558,2.41575000e-04,-4.68657980e-07,-1.94001027e-03
3559,2.41537500e-04,1.60667982e-07,6.65188561e-04
3560,2.41500000e-04,-4.43599255e-08,-1.83684992e-04
3561,2.41462500e-04,1.78788200e-07,7.40438786e-04
3562,2.41425000e-04,-5.53191993e-07,-2.29136168e-03
3563,2.41387500e-04,-3.39178458e-07,-1.40512022e-03
3564,2.41350000e-04,-5.41187434e-07,-2.24233451e-03
3565,2.41312500e-04,-3.36061210e-07,-1.39263905e-03
3566,2.41275000e-04,9.50479806e-08,3.93940444e-04
3567,2.41237500e-04,5.49008114e-07,2.27579922e-03
3568,2.41200000e-04,-2.14324364e-07,-8.88575307e-04
3569,2.41162500e-04,3.24402509e-08,1.34516150e-04
3570,2.41125000e-04,-6.83875085e-07,-2.83618491e-03
3571,2.41087500e-04,-2.67530166e-07,-1.10968079e-03
3572,2.41050000e-04,-1.69835366e-07,-7.04564889e-04
3573,2.41012500e-04,3.59402476e-07,1.49121923e-03
3574,2.40975000e-04,1.30960605e-06,5.43461374e-03
3575,2.40937500e-04,3.14347480e-07,1.30468474e-03
3576,2.40900000e-04,-9.95842036e-07,-4.13383992e-03
3577,2.40862500e-04,-3.97196752e-07,-1.64906016e-03
3578,2.40825000e-04,-8.80187221e-08,-3.65488309e-04
3579,2.40787500e-04,-1.00762797e-07,-4.18471878e-04
3580,2.40750000e-04,-2.84261112e-08,-1.18073152e-04
3581,2.40712500e-04,-7.45212061e-08,-3.09585942e-04
3582,2.40675000e-04,5.18276375e-07,2.15342838e-03
3583,2.40637500e-04,-8.89769831e-08,-3.69755267e-04
3584,2.40600000e-04,-5.34954638e-07,-2.22341911e-03
3585,2.40562500e-04,4.36406646e-07,1.81410921e-03
3586,2.40525000e-04,2.66403593e-07,1.10759211e-03
3587,2.40487500e-04,-3.89862773e-07,-1.62113529e-03
3588,2.40450000e-04,1.74516913e-07,7.25792942e-04
3589,2.40412500e-04,2.86475373e-07,1.19159933e-03
3590,2.40375000e-04,1.91780829e-07,7.97840160e-04
3591,2.40337500e-04,8.92829632e-08,3.71489939e-04
3592,2.40300000e-04,9.68579830e-08,4.03071090e-04
3593,2.40262500e-04,-2.11705498e-08,-8.81142490e-05
3594,2.40225000e-04,4.85973545e-07,2.02299321e-03
3595,2.40187500e-04,-5.78889791e-07,-2.41015786e-03
3596,2.40150000e-04,1.40904215e-07,5.86734187e-04
3597,2.40112500e-04,5.71416972e-07,2.37978853e-03
3598,2.40075000e-04,-5.94521872e-07,-2.47640059e-03
3599,2.40037500e-04,-1.64702620e-07,-6.86153703e-04
3600,2.40000000e-04,-1.47809665e-07,-6.15873604e-04
3601,2.39962500e-04,7.71047048e-09,3.21319810e-05
3602,2.39925000e-04,1.15851956e-07,4.82867378e-04
3603,2.39887500e-04,-3.80629697e-08,-1.58670084e-04
3604,2.39850000e-04,-3.58500573e-07,-1.49468657e-03
3605,2.39812500e-04,-7.08802990e-08,-2.95565490e-04
3606,2.39775000e-04,4.60710651e-07,1.92142905e-03
3607,2.39737500e-04,-1.91108601e-07,-7.97157730e-04
3608,2.39700000e-04,-3.21419435e-07,-1.34092380e-03
3609,2.39662500e-04,-1.69827980e-07,-7.08613071e-04
3610,2.39625000e-04,2.06803536e-07,8.63029885e-04
3611,2.39587500e-04,-7.67542151e-07,-3.20359848e-03
3612,2.39550000e-04,6.88708965e-08,2.87501134e-04
3613,2.39512500e-04,6.15551571e-07,2.57001856e-03
3614,2.39475000e-04,3.08245834e-07,1.28717333e-03
3615,2.39437500e-04,3.70860443e-07,1.54888204e-03
3616,2.39400000e-04,1.25048185e-08,5.22339955e-05
3617,2.39362500e-04,2.66388028e-07,1.11290627e-03
3618,2.39325000e-04,-5.12861021e-07,-2.14294796e-03
3619,2.39287500e-04,-2.35183059e-07,-9.82847239e-04
3620,2.39250000e-04,-3.29807163e-07,-1.37850434e-03
3621,2.39212500e-04,8.14400507e-08,3.40450648e-04
3622,2.39175000e-04,2.28245677e-07,9.54304073e-04
3623,2.39137500e-04,-3.15057373e-07,-1.31747372e-03
3624,2.39100000e-04,1.04183525e-07,4.35732016e-04
3625,2.39062500e-04,-3.68929474e-08,-1.54323440e-04
3626,2.39025000e-04,-1.60325550e-07,-6.70748040e-04
3627,2.38987500e-04,3.63271823e-07,1.52004529e-03
3628,2.38950000e-04,-1.65054528e-07,-6.90749229e-04
3629,2.38912500e-04,2.12548636e-07,8.89650544e-04
3630,2.38875000e-04,-1.65133608e-07,-6.91297156e-04
3631,2.38837500e-04,7.87998804e-08,3.29930938e-04
3632,2.38800000e-04,-1.46363035e-07,-6.12910530e-04
3633,2.38762500e-04,-7.86630734e-08,-3.29461592e-04
3634,2.38725000e-04,-2.50441159e-07,-1.04907806e-03
3635,2.38687500e-04,-1.70583422e-07,-7.14672624e-04
3636,2.38650000e-04,3.10838974e-07,1.30248889e-03
3637,2.38612500e-04,-5.78018522e-08,-2.42241510e-04
3638,2.38575000e-04,4.86247886e-07,2.03813428e-03
3639,2.38537500e-04,8.23277025e-07,3.45135262e-03
3640,2.38500000e-04,3.89443892e-07,1.63288843e-03
3641,2.38462500e-04,1.96576695e-07,8.24350558e-04
3642,2.38425000e-04,2.68460127e-07,1.12597306e-03
3643,2.38387500e-04,2.43712659e-08,1.02233825e-04
3644,2.38350000e-04,-4.44596955e-07,-1.86531133e-03
3645,2.38312500e-04,-6.25691579e-07,-2.62550886e-03
3646,2.38275000e-04,2.21362333e-08,9.29020388e-05
3647,2.38237500e-04,4.67962733e-07,1.96426983e-03
3648,2.38200000e-04,-2.21290797e-07,-9.29012583e-04
3649,2.38162500e-04,1.83147381e-07,7.69001758e-04
3650,2.38125000e-04,-2.96393365e-07,-1.24469655e-03
3651,2.38087500e-04,2.17808521e-07,9.14825522e-04
3652,2.38050000e-04,-1.87332295e-07,-7.86945160e-04
3653,2.38012500e-04,-8.56687480e-07,-3.59933819e-03
3654,2.37975000e-04,-6.84402084e-07,-2.87594110e-03
3655,2.37937500e-04,-9.74437842e-07,-4.09535211e-03
3656,2.37900000e-04,-1.75281411e-07,-7.36786090e-04
3657,2.37862500e-04,-2.42719304e-07,-1.02041854e-03
3658,2.37825000e-04,-2.21680517e-07,-9.32116125e-04
3659,2.37787500e-04,-2.84133009e-07,-1.19490305e-03
3660,2.37750000e-04,2.75861609e-08,1.16030120e-04
3661,2.37712500e-04,-1.82843177e-07,-7.69177797e-04
3662,2.37675000e-04,1.45994094e-07,6.14259361e-04
3663,2.37637500e-04,-1.96785072e-07,-8.28089303e-04
3664,2.37600000e-04,5.24926694e-07,2.20928743e-03
3665,2.37562500e-04,2.68220774e-07,1.12905351e-03
3666,2.37525000e-04,3.61686183e-08,1.52272891e-04
3667,2.37487500e-04,-5.35219807e-07,-2.25367570e-03
3668,2.37450000e-04,-9.04945459e-07,-3.81109901e-03
3669,2.37412500e-04,1.72218013e-07,7.25395728e-04
3670,2.37375000e-04,3.36918378e-07,1.41935072e-03
3671,2.37337500e-04,3.72648288e-07,1.57011972e-03
3672,2.37300000e-04,2.67770432e-07,1.12840469e-03
3673,2.37262500e-04,-2.08902469e-07,-8.80469812e-04
3674,2.37225000e-04,-6.19407547e-08,-2.61105511e-04
3675,2.37187500e-04,1.04585997e-07,4.40942279e-04
3676,2.37150000e-04,3.77829799e-08,1.59321020e-04
3677,2.37112500e-04,-5.57658867e-07,-2.35187460e-03
3678,2.37075000e-04,1.07418146e-07,4.53097739e-04
3679,2.37037500e-04,-3.36039889e-07,-1.41766551e-03
3680,2.37000000e-04,3.73668296e-08,1.57665948e-04
3681,2.36962500e-04,-1.02558612e-07,-4.32805242e-04
3682,2.36925000e-04,4.49057634e-07,1.89535775e-03
3683,2.36887500e-04,-1.03539899e-07,-4.37084689e-04
3684,2.36850000e-04,-1.82600878e-07,-7.70955788e-04
3685,2.36812500e-04,4.29198007e-07,1.81239591e-03
3686,2.36775000e-04,4.48684194e-07,1.89498129e-03
3687,2.36737500e-04,-2.47161888e-07,-1.04403353e-03
3688,2.36700000e-04,-4.19357908e-08,-1.77168529e-04
3689,2.36662500e-04,3.02941126e-07,1.28005546e-03
3690,2.36625000e-04,2.35839983e-07,9.96682443e-04
3691,2.36587500e-04,-3.59685863e-08,-1.52030798e-04
3692,2.36550000e-04,5.73156392e-07,2.42298200e-03
3693,2.36512500e-04,-9.30420017e-08,-3.93391477e-04
3694,2.36475000e-04,2.61019463e-07,1.10379306e-03
3695,2.36437500e-04,-3.45642035e-07,-1.46187485e-03
3696,2.36400000e-04,-5.95893650e-07,-2.52070072e-03
3697,2.36362500e-04,4.50768214e-07,1.90710546e-03
3698,2.36325000e-04,3.79162657e-09,1.60441196e-05
3699,2.36287500e-04,-1.38062745e-07,-5.84299825e-04
3700,2.36250000e-04,4.89930239e-07,2.07377879e-03
3701,2.36212500e-04,-1.49567363e-08,-6.33189873e-05
3702,2.36175000e-04,-5.14700496e-07,-2.17931828e-03
3703,2.36137500e-04,-5.38883754e-07,-2.28207614e-03
3704,2.36100000e-04,-3.28844326e-07,-1.39281798e-03
3705,2.36062500e-04,-4.10170935e-07,-1.73755228e-03
3706,2.36025000e-04,2.84526585e-07,1.20549342e-03
3707,2.35987500e-04,2.06975515e-07,8.77061348e-04
3708,2.35950000e-04,1.09077326e-07,4.62290001e-04
3709,2.35912500e-04,-5.97383973e-08,-2.53222688e-04
3710,2.35875000e-04,-1.00828936e-07,-4.27467669e-04
3711,2.35837500e-04,-1.89564085e-07,-8.03791106e-04
3712,2.35800000e-04,-2.40245495e-08,-1.01885282e-04
3713,2.35762500e-04,5.59130111e-08,2.37158204e-04
3714,2.35725000e-04,4.38989752e-07,1.86229612e-03
3715,2.35687500e-04,5.53445608e-07,2.34821791e-03
3716,2.35650000e-04,-3.50161144e-07,-1.48593738e-03
3717,2.35612500e-04,6.59999252e-07,2.80120644e-03
3718,2.35575000e-04,5.92309678e-07,2.51431467e-03
3719,2.35537500e-04,-7.95542503e-08,-3.37756197e-04
3720,2.35500000e-04,-5.86585153e-07,-2.49080745e-03
3721,2.35462500e-04,-2.54453815e-07,-1.08065537e-03
3722,2.35425000e-04,-6.73628042e-09,-2.86132757e-05
3723,2.35387500e-04,-2.03182761e-07,-8.63184157e-04
3724,2.35350000e-04,2.27553955e-07,9.66874677e-04
3725,2.35312500e-04,9.37889106e-07,3.98571732e-03
3726,2.35275000e-04,5.19974120e-07,2.21006958e-03
3727,2.35237500e-04,7.65712436e-07,3.25506110e-03
3728,2.35200000e-04,-8.85389380e-08,-3.76441063e-04
3729,2.35162500e-04,-7.42671412e-07,-3.15812008e-03
3730,2.35125000e-04,-6.02355016e-07,-2.56185015e-03
3731,2.35087500e-04,-1.21991174e-07,-5.18918163e-04
3732,2.35050000e-04,-3.23969836e-07,-1.37830179e-03
3733,2.35012500e-04,4.31166240e-07,1.83465237e-03
3734,2.34975000e-04,1.33531687e-07,5.68280400e-04
3735,2.34937500e-04,-1.86715410e-07,-7.94745027e-04
3736,2.34900000e-04,1.00817298e-06,4.29192413e-03
3737,2.34862500e-04,-2.25911411e-07,-9.61887961e-04
3738,2.34825000e-04,-1.95191040e-07,-8.31219164e-04
3739,2.34787500e-04,-3.20687020e-07,-1.36586070e-03
3740,2.34750000e-04,1.08352090e-07,4.61563749e-04
3741,2.34712500e-04,-1.02212363e-08,-4.35478992e-05
3742,2.34675000e-04,1.00465507e-08,4.28104856e-05
3743,2.34637500e-04,6.00152390e-08,2.55778548e-04
3744,2.34600000e-04,5.79473359e-07,2.47004842e-03
3745,2.34562500e-04,-1.41116959e-07,-6.01617729e-04
3746,2.34525000e-04,-5.46145791e-07,-2.32873165e-03
3747,2.34487500e-04,3.41823718e-07,1.45774814e-03
3748,2.34450000e-04,3.67477827e-07,1.56740383e-03
3749,2.34412500e-04,5.64561158e-07,2.40840893e-03
3750,2.34375000e-04,3.56797033e-07,1.52233401e-03
3751,2.34337500e-04,-7.96349577e-07,-3.39830192e-03
3752,2.34300000e-04,9.37829270e-07,4.00268575e-03
3753,2.34262500e-04,-9.88117735e-07,-4.21799364e-03
3754,2.34225000e-04,1.30993916e-07,5.59265304e-04
3755,2.34187500e-04,4.70668857e-07,2.00979496e-03
3756,2.34150000e-04,-8.72408545e-09,-3.72585328e-05
3757,2.34112500e-04,6.99337246e-08,2.98718456e-04
3758,2.34075000e-04,-4.69631237e-07,-2.00632804e-03
3759,2.34037500e-04,2.92553251e-07,1.25002724e-03
3760,2.34000000e-04,1.48306305e-08,6.33787628e-05
3761,2.33962500e-04,3.05238347e-07,1.30464646e-03
3762,2.33925000e-04,5.12214680e-08,2.18965343e-04
3763,2.33887500e-04,-3.90911437e-07,-1.67136524e-03
3764,2.33850000e-04,5.78277603e-07,2.47285697e-03
3765,2.33812500e-04,4.31305541e-07,1.84466417e-03
3766,2.33775000e-04,1.55586859e-07,6.65541050e-04
3767,2.33737500e-04,2.15644671e-07,9.22593384e-04
3768,2.33700000e-04,-7.97042085e-07,-3.41053524e-03
3769,2.33662500e-04,-1.05104449e-07,-4.49813080e-04
3770,2.33625000e-04,3.80710167e-07,1.62957803e-03
3771,2.33587500e-04,5.01787944e-07,2.14817978e-03
3772,2.33550000e-04,-5.11656152e-07,-2.19077779e-03
3773,2.33512500e-04,3.45252287e-07,1.47851737e-03
3774,2.33475000e-04,-2.28332140e-08,-9.77972545e-05
3775,2.33437500e-04,2.37954527e-07,1.01935005e-03
3776,2.33400000e-04,5.18480576e-07,2.22142492e-03
3777,2.33362500e-04,-4.67963697e-08,-2.00530804e-04
3778,2.33325000e-04,3.50658516e-07,1.50287588e-03
3779,2.33287500e-04,-2.64873756e-07,-1.13539626e-03
3780,2.33250000e-04,-6.66372033e-08,-2.85690046e-04
3781,2.33212500e-04,1.22410406e-07,5.24887844e-04
3782,2.33175000e-04,-6.64896686e-07,-2.85149217e-03
3783,2.33137500e-04,-1.03066183e-06,-4.42083246e-03
3784,2.33100000e-04,-1.49666860e-07,-6.42071472e-04
3785,2.33062500e-04,7.76731218e-07,3.33271641e-03
3786,2.33025000e-04,1.25217290e-07,5.37355605e-04
3787,2.32987500e-04,3.79183416e-07,1.62748395e-03
3788,2.32950000e-04,-8.51900124e-08,-3.65700847e-04
3789,2.32912500e-04,-4.30053843e-07,-1.84641805e-03
3790,2.32875000e-04,-1.91567980e-07,-8.22621491e-04
3791,2.32837500e-04,-9.15422023e-08,-3.93159187e-04
3792,2.32800000e-04,-3.98455839e-07,-1.71158006e-03
3793,2.32762500e-04,-4.05382652e-07,-1.74161496e-03
3794,2.32725000e-04,6.52601123e-07,2.80417284e-03
3795,2.32687500e-04,4.58757646e-07,1.97156120e-03
3796,2.32650000e-04,6.65722583e-07,2.86147682e-03
3797,2.32612500e-04,-3.12044996e-07,-1.34147991e-03
3798,2.32575000e-04,2.41791994e-07,1.03963020e-03
3799,2.32537500e-04,-1.94972477e-07,-8.38456065e-04
3800,2.32500000e-04,-4.79146438e-08,-2.06084489e-04
3801,2.32462500e-04,-1.38428714e-07,-5.95488364e-04
3802,2.32425000e-04,-2.12431026e-07,-9.13976662e-04
3803,2.32387500e-04,7.53635234e-08,3.24301107e-04
3804,2.32350000e-04,1.09553341e-06,4.71501358e-03
3805,2.32312500e-04,-8.68011279e-07,-3.73639507e-03
3806,2.32275000e-04,1.87431252e-07,8.06936829e-04
3807,2.32237500e-04,-1.49832451e-06,-6.45169065e-03
3808,2.32200000e-04,6.22740489e-07,2.68191425e-03
3809,2.32162500e-04,1.99504614e-07,8.59331777e-04
3810,2.32125000e-04,8.74212191e-07,3.76612683e-03
3811,2.32087500e-04,5.24119756e-07,2.25828515e-03
3812,2.32050000e-04,9.29970840e-07,4.00763129e-03
3813,2.32012500e-04,1.09659585e-07,4.72645157e-04
3814,2.31975000e-04,-2.15192886e-08,-9.27655505e-05
3815,2.31937500e-04,-8.32891665e-07,-3.59101769e-03
3816,2.31900000e-04,-1.19573946e-06,-5.15627193e-03
3817,2.31862500e-04,-5.08507321e-08,-2.19314171e-04
3818,2.31825000e-04,-1.05325821e-06,-4.54333315e-03
3819,2.31787500e-04,-1.03169415e-08,-4.45103447e-05
3820,2.31750000e-04,8.99609223e-08,3.88180894e-04
3821,2.31712500e-04,-4.31495506e-07,-1.86220211e-03
3822,2.31675000e-04,1.52050447e-07,6.56309256e-04
3823,2.31637500e-04,3.71644409e-07,1.60442247e-03
3824,2.31600000e-04,-4.64681583e-07,-2.00639716e-03
3825,2.31562500e-04,-4.54125947e-07,-1.96113769e-03
3826,2.31525000e-04,-3.00329488e-07,-1.29717952e-03
3827,2.31487500e-04,-3.56022253e-07,-1.53797615e-03
3828,2.31450000e-04,-6.87494576e-07,-2.97038054e-03
3829,2.31412500e-04,5.15305504e-07,2.22678336e-03
3830,2.31375000e-04,4.30303754e-07,1.85976771e-03
3831,2.31337500e-04,7.12095006e-07,3.07816504e-03
3832,2.31300000e-04,-1.84963953e-07,-7.99671217e-04
3833,2.31262500e-04,-2.98421748e-07,-1.29040267e-03
3834,2.31225000e-04,9.83781412e-08,4.25464985e-04
3835,2.31187500e-04,-4.41247121e-07,-1.90861150e-03
3836,2.31150000e-04,8.66500857e-07,3.74865177e-03
3837,2.31112500e-04,-5.48047467e-07,-2.37134498e-03
3838,2.31075000e-04,4.07596605e-07,1.76391477e-03
3839,2.31037500e-04,-5.64531557e-07,-2.44346289e-03
3840,2.31000000e-04,1.21468151e-07,5.25836152e-04
3841,2.30962500e-04,-2.05200022e-07,-8.88456015e-04
3842,2.30925000e-04,-4.34577411e-07,-1.88189850e-03
3843,2.30887500e-04,-2.54476997e-07,-1.10216879e-03
3844,2.30850000e-04,-1.03027382e-07,-4.46295786e-04
3845,2.30812500e-04,-5.92457322e-07,-2.56683378e-03
3846,2.30775000e-04,2.45151366e-07,1.06229603e-03
3847,2.30737500e-04,-1.37079303e-07,-5.94092003e-04
3848,2.30700000e-04,-6.85338804e-07,-2.97069269e-03
3849,2.30662500e-04,-1.05861459e-07,-4.58945250e-04
3850,2.30625000e-04,8.03668350e-08,3.48474081e-04
3851,2.30587500e-04,1.28742244e-06,5.58322738e-03
3852,2.30550000e-04,4.64864287e-07,2.01632742e-03
3853,2.30512500e-04,-1.71727849e-07,-7.44982807e-04
3854,2.30475000e-04,-1.36891650e-07,-5.93954442e-04
3855,2.30437500e-04,-1.97151141e-07,-8.55551465e-04
3856,2.30400000e-04,7.39849337e-09,3.21115164e-05
3857,2.30362500e-04,3.94831865e-07,1.71395893e-03
3858,2.30325000e-04,2.06328182e-07,8.95813228e-04
3859,2.30287500e-04,-3.36573736e-07,-1.46153715e-03
3860,2.30250000e-04,1.72129564e-08,7.47576825e-05
3861,2.30212500e-04,5.41862097e-07,2.35374750e-03
3862,2.30175000e-04,-2.27710172e-07,-9.89291506e-04
3863,2.30137500e-04,3.13819468e-07,1.36361727e-03
3864,2.30100000e-04,-2.22173739e-07,-9.65552972e-04
3865,2.30062500e-04,-1.67679795e-07,-7.28844533e-04
3866,2.30025000e-04,9.24062636e-07,4.01722698e-03
3867,2.29987500e-04,-2.69529086e-07,-1.17192928e-03
3868,2.29950000e-04,7.05777072e-07,3.06926320e-03
3869,2.29912500e-04,-5.27836470e-07,-2.29581458e-03
3870,2.29875000e-04,-3.45078547e-07,-1.50115736e-03
3871,2.29837500e-04,-9.03569088e-07,-3.93133883e-03
3872,2.29800000e-04,-3.05823201e-07,-1.33082333e-03
3873,2.29762500e-04,-3.05229422e-07,-1.32845622e-03
3874,2.29725000e-04,6.46456447e-07,2.81404482e-03
3875,2.29687500e-04,2.74873976e-07,1.19673024e-03
3876,2.29650000e-04,3.71889662e-07,1.61937584e-03
3877,2.29612500e-04,-1.86580360e-07,-8.12587991e-04
3878,2.29575000e-04,-5.74803362e-07,-2.50377159e-03
3879,2.29537500e-04,-1.53690193e-06,-6.69564636e-03
3880,2.29500000e-04,7.63933237e-08,3.32868513e-04
3881,2.29462500e-04,3.79678388e-07,1.65464243e-03
3882,2.29425000e-04,-2.03675032e-08,-8.87763027e-05
3883,2.29387500e-04,-3.93852179e-07,-1.71697315e-03
3884,2.29350000e-04,3.77356397e-07,1.64532983e-03
3885,2.29312500e-04,3.25524553e-07,1.41956742e-03
3886,2.29275000e-04,-3.76800665e-07,-1.64344418e-03
3887,2.29237500e-04,-3.38762440e-08,-1.47777934e-04
3888,2.29200000e-04,9.04844701e-07,3.94783901e-03
3889,2.29162500e-04,3.89664213e-07,1.70038385e-03
3890,2.29125000e-04,2.12859327e-07,9.29009609e-04
3891,2.29087500e-04,1.69972387e-07,7.41954001e-04
3892,2.29050000e-04,-2.77889871e-08,-1.21322799e-04
3893,2.29012500e-04,-5.47333903e-08,-2.38997392e-04
3894,2.28975000e-04,-4.44818439e-07,-1.94265068e-03
3895,2.28937500e-04,-3.59470745e-07,-1.57016979e-03
3896,2.28900000e-04,3.95154613e-07,1.72631985e-03
3897,2.28862500e-04,2.65933923e-07,1.16198120e-03
3898,2.28825000e-04,4.56691633e-07,1.99581179e-03
3899,2.28787500e-04,-5.86508389e-07,-2.56355084e-03
3900,2.28750000e-04,-1.00536360e-07,-4.39503212e-04
3901,2.28712500e-04,-5.40415437e-07,-2.36285921e-03
3902,2.28675000e-04,3.69003618e-07,1.61365964e-03
3903,2.28637500e-04,-5.41371872e-08,-2.36781749e-04
3904,2.28600000e-04,1.77413621e-07,7.76087580e-04
3905,2.28562500e-04,-2.43872583e-07,-1.06698423e-03
3906,2.28525000e-04,-7.03627186e-07,-3.07899436e-03
3907,2.28487500e-04,-1.37701773e-07,-6.02666547e-04
3908,2.28450000e-04,-1.79769724e-07,-7.86910591e-04
3909,2.28412500e-04,-2.28816998e-07,-1.00177091e-03
3910,2.28375000e-04,-4.53036373e-08,-1.98373891e-04
3911,2.28337500e-04,2.16351002e-07,9.47505346e-04
3912,2.28300000e-04,-7.38885806e-08,-3.23646871e-04
3913,2.28262500e-04,-1.21279446e-07,-5.31315683e-04
3914,2.28225000e-04,1.35933220e-08,5.95610561e-05
3915,2.28187500e-04,4.98083782e-07,2.18278294e-03
3916,2.28150000e-04,1.25885580e-07,5.51766734e-04
3917,2.28112500e-04,1.30183459e-07,5.70698489e-04
3918,2.28075000e-04,2.72326103e-07,1.19401996e-03
3919,2.28037500e-04,4.23254424e-07,1.85607378e-03
3920,2.28000000e-04,-6.29900372e-08,-2.76272093e-04
3921,2.27962500e-04,-2.56378880e-07,-1.12465375e-03
3922,2.27925000e-04,-1.22349786e-06,-5.36798447e-03
3923,2.27887500e-04,-7.05620758e-07,-3.09635569e-03
3924,2.27850000e-04,-2.67554794e-07,-1.17425848e-03
3925,2.27812500e-04,-1.30308673e-07,-5.71999663e-04
3926,2.27775000e-04,3.90865290e-07,1.71601488e-03
3927,2.27737500e-04,4.06470431e-07,1.78481994e-03
3928,2.27700000e-04,8.65269193e-07,3.80004037e-03
3929,2.27662500e-04,-3.70068038e-08,-1.62551162e-04
3930,2.27625000e-04,1.55388769e-09,6.82652470e-06
3931,2.27587500e-04,4.22924562e-07,1.85829434e-03
3932,2.27550000e-04,4.10458547e-07,1.80381695e-03
3933,2.27512500e-04,3.12810444e-07,1.37491542e-03
3934,2.27475000e-04,1.53434899e-07,6.74513241e-04
3935,2.27437500e-04,-1.34619218e-07,-5.91895433e-04
3936,2.27400000e-04,6.82935222e-07,3.00323317e-03
3937,2.27362500e-04,-4.02467810e-08,-1.77015915e-04
3938,2.27325000e-04,7.33196257e-07,3.22532171e-03
3939,2.27287500e-04,2.05194482e-07,9.02797038e-04
3940,2.27250000e-04,5.56539625e-07,2.44901925e-03
3941,2.27212500e-04,1.12018208e-07,4.93010763e-04
3942,2.27175000e-04,-1.36837513e-07,-6.02344065e-04
3943,2.27137500e-04,-7.17127659e-07,-3.15724026e-03
3944,2.27100000e-04,-6.72184972e-07,-2.95986337e-03
3945,2.27062500e-04,-9.12228373e-08,-4.01752105e-04
3946,2.27025000e-04,-2.78488268e-07,-1.22668547e-03
3947,2.26987500e-04,1.50865420e-07,6.64641972e-04
3948,2.26950000e-04,-7.87168628e-08,-3.46846719e-04
3949,2.26912500e-04,1.89519344e-07,8.35208921e-04
3950,2.26875000e-04,2.46406788e-08,1.08609053e-04
3951,2.26837500e-04,-2.12069238e-07,-9.34894970e-04
3952,2.26800000e-04,-7.81947225e-07,-3.44773909e-03
3953,2.26762500e-04,3.44318819e-07,1.51841164e-03
3954,2.26725000e-04,9.37784641e-08,4.13622071e-04
3955,2.26687500e-04,-6.70808296e-07,-2.95917638e-03
3956,2.26650000e-04,-1.65934954e-07,-7.32119805e-04
3957,2.26612500e-04,-1.12495782e-07,-4.96423549e-04
3958,2.26575000e-04,-1.97174758e-07,-8.70240572e-04
3959,2.26537500e-04,-7.39024126e-07,-3.26225957e-03
3960,2.26500000e-04,-6.68901512e-08,-2.95320756e-04
3961,2.26462500e-04,-5.42446882e-07,-2.39530555e-03
3962,2.26425000e-04,2.52880579e-07,1.11684036e-03
3963,2.26387500e-04,4.19489662e-07,1.85297184e-03
3964,2.26350000e-04,3.52668228e-07,1.55806595e-03
3965,2.26312500e-04,4.33246469e-07,1.91437269e-03
3966,2.26275000e-04,-1.46023393e-08,-6.45335956e-05
3967,2.26237500e-04,6.43254264e-07,2.84326986e-03
3968,2.26200000e-04,6.75433061e-08,2.98599938e-04
3969,2.26162500e-04,-6.72600891e-07,-2.97397177e-03
3970,2.26125000e-04,3.84795884e-08,1.70169545e-04
3971,2.26087500e-04,2.02579307e-07,8.96021704e-04
3972,2.26050000e-04,-3.63746497e-07,-1.60914177e-03
3973,2.26012500e-04,-7.58337103e-07,-3.35528833e-03
3974,2.25975000e-04,-3.35989991e-09,-1.48684585e-05
3975,2.25937500e-04,3.17657138e-07,1.40595137e-03
3976,2.25900000e-04,1.22602458e-07,5.42728898e-04
3977,2.25862500e-04,3.04023957e-07,1.34605770e-03
3978,2.25825000e-04,-2.34628857e-07,-1.03898531e-03
3979,2.25787500e-04,-5.09498302e-07,-2.25653901e-03
3980,2.25750000e-04,2.85902932e-07,1.26645817e-03
3981,2.25712500e-04,-1.90384326e-07,-8.43481536e-04
3982,2.25675000e-04,2.54429898e-07,1.12741729e-03
3983,2.25637500e-04,9.82095774e-08,4.35253791e-04
3984,2.25600000e-04,1.94086488e-07,8.60312448e-04
3985,2.25562500e-04,3.11401956e-07,1.38055730e-03
3986,2.25525000e-04,-2.89723485e-07,-1.28466239e-03
3987,2.25487500e-04,-5.59116970e-07,-2.47959186e-03
3988,2.25450000e-04,1.72581449e-07,7.65497666e-04
3989,2.25412500e-04,-1.84724200e-07,-8.19494040e-04
3990,2.25375000e-04,2.52911598e-07,1.12218125e-03
3991,2.25337500e-04,5.49015063e-07,2.43641233e-03
3992,2.25300000e-04,-5.12924489e-07,-2.27662889e-03
3993,2.25262500e-04,1.88560538e-07,8.37070253e-04
3994,2.25225000e-04,2.30411804e-07,1.02302943e-03
3995,2.25187500e-04,4.36862362e-07,1.93999384e-03
3996,2.25150000e-04,4.82270616e-07,2.14199696e-03
3997,2.25112500e-04,-2.94368819e-07,-1.30765204e-03
3998,2.25075000e-04,-4.50893207e-08,-2.00330204e-04
3999,2.25037500e-04,3.80176328e-08,1.68939100e-04
4000,2.25000000e-04,-1.01591320e-08,-4.51516977e-05
4001,2.24962500e-04,1.14618313e-07,5.09499641e-04
4002,2.24925000e-04,2.58324123e-07,1.14849004e-03
4003,2.24887500e-04,1.33226629e-06,5.92414557e-03
4004,2.24850000e-04,1.20366445e-07,5.35318858e-04
4005,2.24812500e-04,-1.81951918e-07,-8.09349647e-04
4006,2.24775000e-04,-2.46267771e-07,-1.09561904e-03
4007,2.24737500e-04,-3.94255550e-07,-1.75429357e-03
4008,2.24700000e-04,-5.06179814e-08,-2.25269165e-04
4009,2.24662500e-04,7.40082312e-07,3.29419601e-03
4010,2.24625000e-04,-5.49843588e-08,-2.44782900e-04
4011,2.24587500e-04,-2.05215646e-07,-9.13744738e-04
4012,2.24550000e-04,-3.22062566e-07,-1.43425770e-03
4013,2.24512500e-04,-2.33453227e-07,-1.03982285e-03
4014,2.24475000e-04,2.51933257e-07,1.12232212e-03
4015,2.24437500e-04,-7.76073348e-08,-3.45785953e-04
4016,2.24400000e-04,2.92515404e-07,1.30354458e-03
4017,2.24362500e-04,-7.72201587e-08,-3.44175870e-04
4018,2.24325000e-04,-4.04140071e-07,-1.80158284e-03
4019,2.24287500e-04,1.15646719e-07,5.15618208e-04
4020,2.24250000e-04,-5.57085231e-07,-2.48421508e-03
4021,2.24212500e-04,-1.18291591e-07,-5.27586960e-04
4022,2.24175000e-04,-1.34769313e-07,-6.01179048e-04
4023,2.24137500e-04,3.62250372e-08,1.61619708e-04
4024,2.24100000e-04,-3.12383014e-07,-1.39394473e-03
4025,2.24062500e-04,4.13030175e-07,1.84337038e-03
4026,2.24025000e-04,-1.28438256e-08,-5.73321083e-05
4027,2.23987500e-04,3.34764496e-07,1.49456776e-03
4028,2.23950000e-04,5.76860081e-07,2.57584318e-03
4029,2.23912500e-04,1.45961890e-07,6.51870216e-04
4030,2.23875000e-04,-1.40300473e-07,-6.26691115e-04
4031,2.23837500e-04,6.83888096e-07,3.05528831e-03
4032,2.23800000e-04,-4.36498997e-07,-1.95039766e-03
4033,2.23762500e-04,2.59927489e-07,1.16162221e-03
4034,2.23725000e-04,9.57676507e-07,4.28059675e-03
4035,2.23687500e-04,-4.28818705e-08,-1.91704367e-04
4036,2.23650000e-04,2.22558053e-07,9.95117607e-04
4037,2.23612500e-04,-4.88851833e-07,-2.18615611e-03
4038,2.23575000e-04,1.00369043e-07,4.48927845e-04
4039,2.23537500e-04,-5.38524095e-07,-2.40909957e-03
4040,2.23500000e-04,-3.38724374e-07,-1.51554530e-03
4041,2.23462500e-04,-2.21710427e-07,-9.92159431e-04
4042,2.23425000e-04,-3.27094712e-07,-1.46400229e-03
4043,2.23387500e-04,-5.31682018e-07,-2.38008849e-03
4044,2.23350000e-04,-6.21150403e-07,-2.78106292e-03
4045,2.23312500e-04,-2.72452709e-07,-1.22005132e-03
4046,2.23275000e-04,5.05120520e-07,2.26232458e-03
4047,2.23237500e-04,3.19899012e-07,1.43299854e-03
4048,2.23200000e-04,-3.61728862e-07,-1.62064902e-03
4049,2.23162500e-04,-3.19032718e-07,-1.42959825e-03
4050,2.23125000e-04,6.13824307e-08,2.75103331e-04
4051,2.23087500e-04,-8.45052468e-08,-3.78798663e-04
4052,2.23050000e-04,6.98315106e-07,3.13075591e-03
4053,2.23012500e-04,4.41900571e-07,1.98150584e-03
4054,2.22975000e-04,7.35375401e-07,3.29801727e-03
4055,2.22937500e-04,3.03857106e-07,1.36296992e-03
4056,2.22900000e-04,-1.08302761e-07,-4.85880487e-04
4057,2.22862500e-04,3.54602138e-07,1.59112519e-03
4058,2.22825000e-04,-9.89876723e-08,-4.44239526e-04
4059,2.22787500e-04,-7.63109568e-07,-3.42528000e-03
4060,2.22750000e-04,1.88979321e-09,8.48392014e-06
4061,2.22712500e-04,2.88702979e-08,1.29630344e-04
4062,2.22675000e-04,-1.18469826e-07,-5.32030207e-04
4063,2.22637500e-04,3.27998833e-07,1.47324163e-03
4064,2.22600000e-04,7.98742610e-08,3.58824173e-04
4065,2.22562500e-04,4.16621730e-07,1.87193139e-03
4066,2.22525000e-04,-6.16153359e-08,-2.76891747e-04
4067,2.22487500e-04,4.01534930e-07,1.80475276e-03
4068,2.22450000e-04,-1.61601852e-07,-7.26463710e-04
4069,2.22412500e-04,-2.65679278e-07,-1.19453393e-03
4070,2.22375000e-04,-8.92497551e-08,-4.01347971e-04
4071,2.22337500e-04,-3.47751469e-07,-1.56407025e-03
4072,2.22300000e-04,2.48575974e-07,1.11820051e-03
4073,2.22262500e-04,-1.10959123e-07,-4.99225568e-04
4074,2.22225000e-04,5.46440708e-07,2.45895245e-03
4075,2.22187500e-04,-3.50390275e-07,-1.57700264e-03
4076,2.22150000e-04,2.83846253e-07,1.27772340e-03
4077,2.22112500e-04,4.49995266e-07,2.02597902e-03
4078,2.22075000e-04,-7.28418019e-08,-3.28005412e-04
4079,2.22037500e-04,-1.36264072e-07,-6.13698460e-04
4080,2.22000000e-04,-6.25812220e-08,-2.81897396e-04
4081,2.21962500e-04,-2.88921344e-07,-1.30166737e-03
4082,2.21925000e-04,5.55429089e-08,2.50277837e-04
4083,2.21887500e-04,1.31670168e-08,5.93409580e-05
4084,2.21850000e-04,4.28204308e-07,1.93015239e-03
4085,2.21812500e-04,-5.94228650e-07,-2.67896827e-03
4086,2.21775000e-04,1.30534058e-07,5.88587795e-04
4087,2.21737500e-04,1.38714610e-07,6.25580290e-04
4088,2.21700000e-04,1.03738608e-07,4.67923356e-04
4089,2.21662500e-04,4.97151703e-07,2.24283180e-03
4090,2.21625000e-04,-4.14629419e-07,-1.87086032e-03
4091,2.21587500e-04,-2.85037814e-07,-1.28634428e-03
4092,2.21550000e-04,-9.35365390e-08,-4.22191555e-04
4093,2.21512500e-04,-7.63412688e-07,-3.44636392e-03
4094,2.21475000e-04,-4.80591073e-07,-2.16995631e-03
4095,2.21437500e-04,-7.98206975e-07,-3.60466034e-03
4096,2.21400000e-04,4.73445377e-07,2.13841634e-03
4097,2.21362500e-04,6.22968876e-09,2.81424756e-05
4098,2.21325000e-04,1.92541036e-07,8.69947071e-04
4099,2.21287500e-04,-3.98738467e-07,-1.80190235e-03
4100,2.21250000e-04,2.79681836e-07,1.26409870e-03
4101,2.21212500e-04,1.29063277e-07,5.83435734e-04
4102,2.21175000e-04,2.67883862e-07,1.21118509e-03
4103,2.21137500e-04,1.06568013e-07,4.81908372e-04
4104,2.21100000e-04,-2.90948815e-07,-1.31591504e-03
4105,2.21062500e-04,-4.29843591e-07,-1.94444372e-03
4106,2.21025000e-04,-1.09989970e-06,-4.97635878e-03
4107,2.20987500e-04,-3.85915991e-07,-1.74632498e-03
4108,2.20950000e-04,-3.55931975e-07,-1.61091638e-03
4109,2.20912500e-04,3.11203116e-07,1.40871664e-03
4110,2.20875000e-04,-5.40689022e-08,-2.44794124e-04
4111,2.20837500e-04,7.61160342e-07,3.44669878e-03
4112,2.20800000e-04,-8.20461389e-07,-3.71585774e-03
4113,2.20762500e-04,-1.76119131e-07,-7.97776483e-04
4114,2.20725000e-04,3.57547876e-08,1.61987938e-04
4115,2.20687500e-04,2.15903089e-07,9.78320425e-04
4116,2.20650000e-04,-4.49160176e-08,-2.03562282e-04
4117,2.20612500e-04,-1.48641998e-07,-6.73769611e-04
4118,2.20575000e-04,5.98870478e-07,2.71504240e-03
4119,2.20537500e-04,1.42080243e-07,6.44245279e-04
4120,2.20500000e-04,5.84324874e-07,2.64999943e-03
4121,2.20462500e-04,2.38156301e-07,1.08025764e-03
4122,2.20425000e-04,-2.03069712e-08,-9.21264431e-05
4123,2.20387500e-04,5.07419640e-07,2.30239755e-03
4124,2.20350000e-04,-3.94708783e-07,-1.79128107e-03
4125,2.20312500e-04,-2.00367909e-07,-9.09471362e-04
4126,2.20275000e-04,-2.01426225e-07,-9.14430712e-04
4127,2.20237500e-04,4.63808810e-07,2.10594840e-03
4128,2.20200000e-04,2.97014589e-07,1.34884010e-03
4129,2.20162500e-04,2.66763982e-07,1.21166857e-03
4130,2.20125000e-04,6.25530028e-08,2.84170370e-04
4131,2.20087500e-04,-3.80924364e-07,-1.73078600e-03
4132,2.20050000e-04,-5.78146976e-07,-2.62734367e-03
4133,2.20012500e-04,-3.07164113e-07,-1.39612119e-03
4134,2.19975000e-04,1.22550637e-07,5.57111659e-04
4135,2.19937500e-04,-6.34443364e-07,-2.88465297e-03
4136,2.19900000e-04,-6.45567091e-07,-2.93573029e-03
4137,2.19862500e-04,7.42307872e-07,3.37623684e-03
4138,2.19825000e-04,2.13168024e-07,9.69716928e-04
4139,2.19787500e-04,-5.32802651e-08,-2.42417176e-04
4140,2.19750000e-04,-1.11797223e-07,-5.08747318e-04
4141,2.19712500e-04,2.33414443e-09,1.06236306e-05
4142,2.19675000e-04,5.04683554e-07,2.29741005e-03
4143,2.19637500e-04,6.29761765e-07,2.86727797e-03
4144,2.19600000e-04,2.60117897e-07,1.18450773e-03
4145,2.19562500e-04,4.49799188e-07,2.04861572e-03
4146,2.19525000e-04,-4.02367397e-07,-1.83290011e-03
4147,2.19487500e-04,-7.29380396e-08,-3.32310676e-04
4148,2.19450000e-04,7.51530980e-08,3.42461144e-04
4149,2.19412500e-04,2.19371565e-07,9.99813435e-04
4150,2.19375000e-04,-4.11645352e-07,-1.87644605e-03
4151,2.19337500e-04,-1.57961708e-07,-7.20176476e-04
4152,2.19300000e-04,-3.62122245e-07,-1.65126423e-03
4153,2.19262500e-04,-8.93235807e-07,-4.07381931e-03
4154,2.19225000e-04,-4.44531288e-07,-2.02773994e-03
4155,2.19187500e-04,4.41493260e-08,2.01422645e-04
4156,2.19150000e-04,3.68086628e-08,1.67961044e-04
4157,2.19112500e-04,-3.91020323e-08,-1.78456420e-04
4158,2.19075000e-04,-5.65618015e-07,-2.58184647e-03
4159,2.19037500e-04,9.07341104e-07,4.14240075e-03
4160,2.19000000e-04,1.17646247e-06,5.37197475e-03
4161,2.18962500e-04,2.78999954e-07,1.27419058e-03
4162,2.18925000e-04,-9.75375158e-09,-4.45529363e-05
4163,2.18887500e-04,1.72157432e-07,7.86511025e-04
4164,2.18850000e-04,-1.19654689e-07,-5.46742926e-04
4165,2.18812500e-04,-6.34889130e-07,-2.90152130e-03
4166,2.18775000e-04,4.09938842e-07,1.87379199e-03
4167,2.18737500e-04,-1.58585801e-07,-7.25005092e-04
4168,2.18700000e-04,9.86674653e-09,4.51154391e-05
4169,2.18662500e-04,2.86451292e-07,1.31001562e-03
4170,2.18625000e-04,-3.13622995e-07,-1.43452485e-03
4171,2.18587500e-04,-5.63544174e-07,-2.57811711e-03
4172,2.18550000e-04,-5.39121337e-07,-2.46681005e-03
4173,2.18512500e-04,-5.17239243e-08,-2.36709224e-04
4174,2.18475000e-04,-5.11938590e-07,-2.34323648e-03
4175,2.18437500e-04,3.80915433e-07,1.74381887e-03
4176,2.18400000e-04,1.73128041e-07,7.92710809e-04
4177,2.18362500e-04,-3.20543751e-07,-1.46794322e-03
4178,2.18325000e-04,-3.02219576e-07,-1.38426463e-03
4179,2.18287500e-04,7.47358947e-07,3.42373680e-03
4180,2.18250000e-04,-1.78116172e-07,-8.16110752e-04
4181,2.18212500e-04,-1.92776334e-07,-8.83433963e-04
4182,2.18175000e-04,-3.03632461e-07,-1.39169227e-03
4183,2.18137500e-04,-3.81223236e-07,-1.74762815e-03
4184,2.18100000e-04,6.28286339e-08,2.88072599e-04
4185,2.18062500e-04,4.87544935e-07,2.23580366e-03
4186,2.18025000e-04,8.04302154e-07,3.68903637e-03
4187,2.17987500e-04,7.00848061e-07,3.21508372e-03
4188,2.17950000e-04,-2.00560884e-07,-9.20215115e-04
4189,2.17912500e-04,-8.04442426e-07,-3.69158458e-03
4190,2.17875000e-04,-7.30297044e-07,-3.35190841e-03
4191,2.17837500e-04,-8.25575048e-08,-3.78986652e-04
4192,2.17800000e-04,-4.03972206e-07,-1.85478515e-03
4193,2.17762500e-04,1.99779429e-08,9.17418879e-05
4194,2.17725000e-04,-2.25829247e-07,-1.03722240e-03
4195,2.17687500e-04,-2.45855109e-07,-1.12939470e-03
4196,2.17650000e-04,-3.35755013e-07,-1.54263732e-03
4197,2.17612500e-04,6.02960615e-08,2.77079954e-04
4198,2.17575000e-04,2.78428674e-07,1.27969056e-03
4199,2.17537500e-04,2.59726850e-07,1.19394058e-03
4200,2.17500000e-04,-6.31690318e-08,-2.90432330e-04
4201,2.17462500e-04,-3.23055715e-07,-1.48556976e-03
4202,2.17425000e-04,-7.67051800e-08,-3.52789146e-04
4203,2.17387500e-04,-7.70462783e-07,-3.54419083e-03
4204,2.17350000e-04,-3.43555374e-07,-1.58065505e-03
4205,2.17312500e-04,1.44406091e-07,6.64508903e-04
4206,2.17275000e-04,3.34724941e-07,1.54055893e-03
4207,2.17237500e-04,4.58256081e-07,2.10947042e-03
4208,2.17200000e-04,6.19730199e-07,2.85326979e-03
4209,2.17162500e-04,-2.07358850e-08,-9.54855696e-05
4210,2.17125000e-04,2.85135025e-07,1.31322982e-03
4211,2.17087500e-04,5.96108322e-07,2.74593573e-03
4212,2.17050000e-04,7.55450351e-07,3.48053606e-03
4213,2.17012500e-04,8.07365002e-08,3.72036174e-04
4214,2.16975000e-04,5.77257628e-08,2.66047991e-04
4215,2.16937500e-04,-2.56453921e-07,-1.18215579e-03
4216,2.16900000e-04,2.08426387e-07,9.60933090e-04
4217,2.16862500e-04,5.13687302e-07,2.36872351e-03
4218,2.16825000e-04,2.30348375e-07,1.06237000e-03
4219,2.16787500e-04,-8.08119500e-08,-3.72770340e-04
4220,2.16750000e-04,-3.88401591e-08,-1.79193352e-04
4221,2.16712500e-04,-3.56940289e-07,-1.64706830e-03
4222,2.16675000e-04,-1.00741784e-07,-4.64944197e-04
4223,2.16637500e-04,1.50878160e-07,6.96454491e-04
4224,2.16600000e-04,5.94674114e-08,2.74549453e-04
4225,2.16562500e-04,-3.18156291e-07,-1.46911996e-03
4226,2.16525000e-04,3.46875169e-08,1.60200978e-04
4227,2.16487500e-04,6.17832009e-07,2.85389230e-03
4228,2.16450000e-04,3.08302287e-07,1.42435799e-03
4229,2.16412500e-04,-2.68910575e-07,-1.24258338e-03
4230,2.16375000e-04,-3.42720652e-07,-1.58391983e-03
4231,2.16337500e-04,-1.76189988e-07,-8.14421856e-04
4232,2.16300000e-04,-6.07040909e-07,-2.80647669e-03
4233,2.16262500e-04,-6.35056693e-07,-2.93650861e-03
4234,2.16225000e-04,-6.73764746e-08,-3.11603536e-04
4235,2.16187500e-04,-3.17281434e-07,-1.46762155e-03
4236,2.16150000e-04,3.04489800e-07,1.40869674e-03
4237,2.16112500e-04,3.30864572e-07,1.53098304e-03
4238,2.16075000e-04,1.17855629e-07,5.45438525e-04
4239,2.16037500e-04,4.99057718e-07,2.31005135e-03
4240,2.16000000e-04,7.59857715e-08,3.51785979e-04
4241,2.15962500e-04,5.17099577e-07,2.39439522e-03
4242,2.15925000e-04,2.99618588e-08,1.38760490e-04
4243,2.15887500e-04,-5.64476295e-07,-2.61467799e-03
4244,2.15850000e-04,1.48974594e-07,6.90176486e-04
4245,2.15812500e-04,-1.48853159e-07,-6.89733723e-04
4246,2.15775000e-04,4.41219521e-07,2.04481298e-03
4247,2.15737500e-04,1.07532479e-07,4.98441295e-04
4248,2.15700000e-04,1.20806376e-07,5.60066650e-04
4249,2.15662500e-04,-1.39316205e-07,-6.45991792e-04
4250,2.15625000e-04,1.17219878e-07,5.43628421e-04
4251,2.15587500e-04,2.01546989e-07,9.34873260e-04
4252,2.15550000e-04,-9.85812436e-08,-4.57347454e-04
4253,2.15512500e-04,-6.35422293e-07,-2.94842431e-03
4254,2.15475000e-04,5.77459297e-07,2.67993641e-03
4255,2.15437500e-04,-4.74631948e-07,-2.20310739e-03
4256,2.15400000e-04,-6.27883878e-09,-2.91496694e-05
4257,2.15362500e-04,-3.23242241e-07,-1.50092166e-03
4258,2.15325000e-04,-2.40565953e-07,-1.11722259e-03
4259,2.15287500e-04,-1.76113463e-07,-8.18038499e-04
4260,2.15250000e-04,-2.57972577e-07,-1.19847887e-03
4261,2.15212500e-04,8.15823400e-08,3.79078074e-04
4262,2.15175000e-04,5.64573786e-07,2.62378895e-03
4263,2.15137500e-04,2.42118013e-07,1.12541055e-03
4264,2.15100000e-04,1.44272496e-07,6.70722902e-04
4265,2.15062500e-04,-9.13253189e-08,-4.24645481e-04
4266,2.15025000e-04,9.17786291e-09,4.26827714e-05
4267,2.14987500e-04,2.17604617e-07,1.01217334e-03
4268,2.14950000e-04,-8.01586335e-08,-3.72917579e-04
4269,2.14912500e-04,-2.45601746e-07,-1.14279880e-03
4270,2.14875000e-04,7.93938533e-08,3.69488555e-04
4271,2.14837500e-04,1.00907612e-07,4.69692731e-04
4272,2.14800000e-04,3.23045025e-07,1.50393401e-03
4273,2.14762500e-04,-4.68579881e-07,-2.18185149e-03
4274,2.14725000e-04,-1.59550355e-08,-7.43045082e-05
4275,2.14687500e-04,-2.46393445e-07,-1.14768417e-03
4276,2.14650000e-04,6.45296990e-07,3.00627528e-03
4277,2.14612500e-04,6.42220756e-07,2.99246668e-03
4278,2.14575000e-04,-3.11756406e-07,-1.45290181e-03
4279,2.14537500e-04,-6.59721443e-07,-3.07508684e-03
4280,2.14500000e-04,-2.75645498e-07,-1.28506059e-03
4281,2.14462500e-04,-9.01609498e-08,-4.20404266e-04
4282,2.14425000e-04,4.29228599e-08,2.00176565e-04
4283,2.14387500e-04,1.90975025e-07,8.90793657e-04
4284,2.14350000e-04,4.78089145e-07,2.23041355e-03
4285,2.14312500e-04,7.35710415e-07,3.43288616e-03
4286,2.14275000e-04,2.59018999e-07,1.20881577e-03
4287,2.14237500e-04,3.25853533e-07,1.52099205e-03
4288,2.14200000e-04,4.82904955e-07,2.25445824e-03
4289,2.14162500e-04,-1.60515020e-07,-7.49501058e-04
4290,2.14125000e-04,-1.62000095e-07,-7.56567870e-04
4291,2.14087500e-04,6.15989486e-08,2.87727908e-04
4292,2.14050000e-04,3.06670721e-07,1.43270601e-03
4293,2.14012500e-04,-2.21426367e-07,-1.03464221e-03
4294,2.13975000e-04,2.45887595e-07,1.14914170e-03
4295,2.13937500e-04,1.22078621e-07,5.70627501e-04
4296,2.13900000e-04,-7.40565484e-08,-3.46220423e-04
4297,2.13862500e-04,5.42885020e-07,2.53847692e-03
4298,2.13825000e-04,-3.44632695e-07,-1.61175117e-03
4299,2.13787500e-04,-4.23645937e-07,-1.98162164e-03
4300,2.13750000e-04,1.15311307e-07,5.39468104e-04
4301,2.13712500e-04,4.56963655e-07,2.13821679e-03
4302,2.13675000e-04,-8.41917664e-08,-3.94017861e-04
4303,2.13637500e-04,-3.70594435e-08,-1.73468813e-04
4304,2.13600000e-04,1.98413608e-07,9.28902660e-04
4305,2.13562500e-04,-5.52931086e-07,-2.58908322e-03
4306,2.13525000e-04,-1.79653543e-07,-8.41370063e-04
4307,2.13487500e-04,-4.57910245e-07,-2.14490424e-03
4308,2.13450000e-04,-4.87939165e-08,-2.28596470e-04
4309,2.13412500e-04,-5.63222615e-08,-2.63912665e-04
4310,2.13375000e-04,6.90862212e-08,3.23778424e-04
4311,2.13337500e-04,1.13261311e-07,5.30902028e-04
4312,2.13300000e-04,1.90620827e-07,8.93674762e-04
4313,2.13262500e-04,-1.23616706e-07,-5.79645772e-04
4314,2.13225000e-04,1.74000794e-07,8.16043120e-04
4315,2.13187500e-04,-5.24212149e-07,-2.45892536e-03
4316,2.13150000e-04,1.32934757e-07,6.23667638e-04
4317,2.13112500e-04,-2.18563865e-07,-1.02557975e-03
4318,2.13075000e-04,1.61781633e-07,7.59270836e-04
4319,2.13037500e-04,8.30745885e-08,3.89952889e-04
4320,2.13000000e-04,-3.68727313e-08,-1.73111415e-04
4321,2.12962500e-04,1.91982340e-07,9.01484251e-04
4322,2.12925000e-04,-2.11047687e-07,-9.91183219e-04
4323,2.12887500e-04,-6.23198671e-07,-2.92736150e-03
4324,2.12850000e-04,-8.06188677e-07,-3.78759068e-03
4325,2.12812500e-04,-2.09493312e-09,-9.84403226e-06
4326,2.12775000e-04,1.05407505e-09,4.95394219e-06
4327,2.12737500e-04,4.61499630e-07,2.16933841e-03
4328,2.12700000e-04,2.51098247e-07,1.18052772e-03
4329,2.12662500e-04,6.29567960e-07,2.96040891e-03
4330,2.12625000e-04,-4.77313622e-08,-2.24486124e-04
4331,2.12587500e-04,5.18504839e-08,2.43901847e-04
4332,2.12550000e-04,2.12570400e-07,1.00009598e-03
4333,2.12512500e-04,2.71117295e-07,1.27577105e-03
4334,2.12475000e-04,1.65257285e-07,7.77772843e-04
4335,2.12437500e-04,1.45812676e-07,6.86379175e-04
4336,2.12400000e-04,-3.62163387e-07,-1.70510069e-03
4337,2.12362500e-04,-2.39891902e-08,-1.12963401e-04
4338,2.12325000e-04,9.98285214e-08,4.70168475e-04
4339,2.12287500e-04,-4.18755527e-07,-1.97258683e-03
4340,2.12250000e-04,-1.85826474e-07,-8.75507535e-04
4341,2.12212500e-04,-8.98716955e-07,-4.23498595e-03
4342,2.12175000e-04,-5.18094313e-07,-2.44182544e-03
4343,2.12137500e-04,2.02337018e-08,9.53801276e-05
4344,2.12100000e-04,4.82120489e-07,2.27308104e-03
4345,2.12062500e-04,-3.54792026e-07,-1.67305406e-03
4346,2.12025000e-04,-3.44888988e-08,-1.62664303e-04
4347,2.11987500e-04,1.97641029e-07,9.32323976e-04
4348,2.11950000e-04,1.69647678e-08,8.00413674e-05
4349,2.11912500e-04,-3.48118242e-07,-1.64274520e-03
4350,2.11875000e-04,3.87658441e-08,1.82965636e-04
4351,2.11837500e-04,2.29778554e-07,1.08469253e-03
4352,2.11800000e-04,-2.26720864e-09,-1.07044790e-05
4353,2.11762500e-04,5.18321058e-07,2.44765271e-03
4354,2.11725000e-04,2.53722171e-07,1.19835717e-03
4355,2.11687500e-04,2.16263190e-07,1.02161531e-03
4356,2.11650000e-04,-1.69877810e-07,-8.02635531e-04
4357,2.11612500e-04,-5.54659923e-07,-2.62111134e-03
4358,2.11575000e-04,-1.92669232e-08,-9.10642711e-05
4359,2.11537500e-04,2.32510572e-07,1.09914588e-03
4360,2.11500000e-04,-1.68371468e-07,-7.96082593e-04
4361,2.11462500e-04,1.49837435e-07,7.08576863e-04
4362,2.11425000e-04,-1.02990499e-07,-4.87125455e-04
4363,2.11387500e-04,-4.03714577e-07,-1.90983184e-03
4364,2.11350000e-04,-1.61699458e-07,-7.65079053e-04
4365,2.11312500e-04,2.85529497e-07,1.35121915e-03
4366,2.11275000e-04,-1.60531173e-07,-7.59820958e-04
4367,2.11237500e-04,8.76736364e-08,4.15047690e-04
4368,2.11200000e-04,1.72332333e-07,8.15967487e-04
4369,2.11162500e-04,-2.22823004e-08,-1.05522053e-04
4370,2.11125000e-04,2.20971351e-07,1.04663754e-03
4371,2.11087500e-04,2.01224249e-07,9.53274111e-04
4372,2.11050000e-04,-8.97877568e-08,-4.25433579e-04
4373,2.11012500e-04,-3.59102181e-08,-1.70180525e-04
4374,2.10975000e-04,4.56265098e-07,2.16265007e-03
4375,2.10937500e-04,2.74437291e-07,1.30103604e-03
4376,2.10900000e-04,4.67114180e-07,2.21486098e-03
4377,2.10862500e-04,7.95305382e-07,3.77167767e-03
4378,2.10825000e-04,4.88230092e-07,2.31580739e-03
4379,2.10787500e-04,-3.19738099e-07,-1.51687410e-03
4380,2.10750000e-04,2.22761630e-07,1.05699469e-03
4381,2.10712500e-04,5.16866550e-08,2.45294679e-04
4382,2.10675000e-04,1.95635763e-07,9.28614039e-04
4383,2.10637500e-04,-2.95495584e-08,-1.40286313e-04
4384,2.10600000e-04,5.35939577e-08,2.54482230e-04
4385,2.10562500e-04,-2.33916930e-07,-1.11091448e-03
4386,2.10525000e-04,-5.61091222e-07,-2.66519996e-03
4387,2.10487500e-04,-1.39144499e-07,-6.61058251e-04
4388,2.10450000e-04,-3.57015453e-07,-1.69643836e-03
4389,2.10412500e-04,-5.69706329e-07,-2.70756884e-03
4390,2.10375000e-04,-1.38292975e-07,-6.57364112e-04
4391,2.10337500e-04,-6.50884164e-08,-3.09447514e-04
4392,2.10300000e-04,-3.26984012e-07,-1.55484552e-03
4393,2.10262500e-04,-5.20634834e-07,-2.47611835e-03
4394,2.10225000e-04,-1.43704135e-07,-6.83573006e-04
4395,2.10187500e-04,-3.29430225e-08,-1.56731597e-04
4396,2.10150000e-04,-5.25332961e-07,-2.49979996e-03
4397,2.10112500e-04,-2.85360702e-07,-1.35813292e-03
4398,2.10075000e-04,5.72375045e-08,2.72462237e-04
4399,2.10037500e-04,-3.19245126e-07,-1.51994347e-03
4400,2.10000000e-04,-3.42098833e-07,-1.62904206e-03
4401,2.09962500e-04,-9.52798627e-08,-4.53794667e-04
4402,2.09925000e-04,-7.44428599e-08,-3.54616458e-04
4403,2.09887500e-04,3.10554940e-07,1.47962570e-03
4404,2.09850000e-04,3.18745044e-07,1.51891848e-03
4405,2.09812500e-04,7.19682854e-07,3.43012382e-03
4406,2.09775000e-04,3.21842122e-08,1.53422535e-04
4407,2.09737500e-04,7.43643644e-08,3.54559220e-04
4408,2.09700000e-04,5.48914123e-08,2.61761623e-04
4409,2.09662500e-04,-1.39397613e-07,-6.64866695e-04
4410,2.09625000e-04,5.64099913e-08,2.69099541e-04
4411,2.09587500e-04,-3.32803634e-07,-1.58789830e-03
4412,2.09550000e-04,-2.37888214e-07,-1.13523366e-03
4413,2.09512500e-04,2.91661998e-07,1.39209831e-03
4414,2.09475000e-04,3.79691816e-07,1.81258773e-03
4415,2.09437500e-04,4.17402178e-07,1.99296772e-03
4416,2.09400000e-04,3.90221819e-08,1.86352349e-04
4417,2.09362500e-04,1.68106862e-08,8.02946381e-05
4418,2.09325000e-04,-7.09297732e-09,-3.38849985e-05
4419,2.09287500e-04,6.23892835e-08,2.98103248e-04
4420,2.09250000e-04,-5.61981306e-09,-2.68569322e-05
4421,2.09212500e-04,1.92788976e-07,9.21498361e-04
4422,2.09175000e-04,-8.35084126e-08,-3.99227502e-04
4423,2.09137500e-04,1.24373413e-07,5.94696852e-04
4424,2.09100000e-04,-3.27029524e-07,-1.56398625e-03
4425,2.09062500e-04,-5.48052307e-07,-2.62147591e-03
4426,2.09025000e-04,-7.97350803e-08,-3.81461932e-04
4427,2.08987500e-04,-2.66987486e-07,-1.27752849e-03
4428,2.08950000e-04,6.12922689e-07,2.93334620e-03
4429,2.08912500e-04,1.26660827e-07,6.06286492e-04
4430,2.08875000e-04,6.83889318e-07,3.27415592e-03
4431,2.08837500e-04,-2.83641891e-07,-1.35819425e-03
4432,2.08800000e-04,4.09735572e-07,1.96233511e-03
4433,2.08762500e-04,-2.14263768e-07,-1.02635180e-03
4434,2.08725000e-04,-1.63560566e-07,-7.83617517e-04
4435,2.08687500e-04,4.59631122e-07,2.20248516e-03
4436,2.08650000e-04,-3.67485749e-07,-1.76125449e-03
4437,2.08612500e-04,-6.18560568e-07,-2.96511747e-03
4438,2.08575000e-04,2.85401596e-08,1.36834038e-04
4439,2.08537500e-04,7.84706862e-07,3.76290529e-03
4440,2.08500000e-04,-4.61451339e-08,-2.21319587e-04
4441,2.08462500e-04,-4.36290166e-07,-2.09289520e-03
4442,2.08425000e-04,-1.19176079e-07,-5.71793591e-04
4443,2.08387500e-04,2.67589817e-08,1.28409726e-04
4444,2.08350000e-04,6.51972183e-08,3.12921614e-04
4445,2.08312500e-04,1.63535603e-07,7.85049399e-04
4446,2.08275000e-04,-4.83790018e-07,-2.32284248e-03
4447,2.08237500e-04,1.32158936e-07,6.34654833e-04
4448,2.08200000e-04,-2.58080390e-07,-1.23957920e-03
4449,2.08162500e-04,3.13243867e-07,1.50480450e-03
4450,2.08125000e-04,-1.74965438e-08,-8.40674776e-05
4451,2.08087500e-04,5.69235698e-07,2.73555931e-03
4452,2.08050000e-04,8.19829307e-08,3.94053981e-04
4453,2.08012500e-04,-1.83808089e-07,-8.83639633e-04
4454,2.07975000e-04,-4.19442784e-07,-2.01679425e-03
4455,2.07937500e-04,-4.42556892e-07,-2.12831689e-03
4456,2.07900000e-04,-7.16104775e-08,-3.44446741e-04
4457,2.07862500e-04,2.10681411e-07,1.01356142e-03
4458,2.07825000e-04,-1.63116357e-07,-7.84873605e-04
4459,2.07787500e-04,3.91190527e-07,1.88264707e-03
4460,2.07750000e-04,3.30115684e-07,1.58900450e-03
4461,2.07712500e-04,-3.84326200e-07,-1.85027959e-03
4462,2.07675000e-04,-1.85446843e-07,-8.92966620e-04
4463,2.07637500e-04,9.40774073e-07,4.53084858e-03
4464,2.07600000e-04,6.33906878e-08,3.05350134e-04
4465,2.07562500e-04,-9.79671029e-08,-4.71988451e-04
4466,2.07525000e-04,1.71540162e-08,8.26599986e-05
4467,2.07487500e-04,4.43014667e-07,2.13513906e-03
4468,2.07450000e-04,-4.35121326e-08,-2.09747566e-04
4469,2.07412500e-04,3.63874149e-08,1.75435014e-04
4470,2.07375000e-04,-1.54210679e-07,-7.43631965e-04
4471,2.07337500e-04,-8.36988072e-07,-4.03683883e-03
4472,2.07300000e-04,-2.75092945e-07,-1.32702820e-03
4473,2.07262500e-04,2.74146089e-07,1.32269990e-03
4474,2.07225000e-04,3.66953120e-07,1.77079561e-03
4475,2.07187500e-04,-2.37398766e-07,-1.14581607e-03
4476,2.07150000e-04,8.08837619e-09,3.90459869e-05
4477,2.07112500e-04,-5.10988896e-07,-2.46720452e-03
4478,2.07075000e-04,2.26823884e-07,1.09537068e-03
4479,2.07037500e-04,1.63781213e-07,7.91070278e-04
4480,2.07000000e-04,8.03758264e-08,3.88289017e-04
4481,2.06962500e-04,6.87953235e-07,3.32404776e-03
4482,2.06925000e-04,7.73714878e-07,3.73910778e-03
4483,2.06887500e-04,-7.21425413e-08,-3.48704205e-04
4484,2.06850000e-04,-1.33555767e-07,-6.45664815e-04
4485,2.06812500e-04,-3.52978928e-07,-1.70675819e-03
4486,2.06775000e-04,-9.20050809e-08,-4.44952634e-04
4487,2.06737500e-04,-2.67856422e-07,-1.29563539e-03
4488,2.06700000e-04,-1.80651727e-07,-8.73980297e-04
4489,2.06662500e-04,-5.30012125e-07,-2.56462650e-03
4490,2.06625000e-04,1.88001935e-07,9.09870223e-04
4491,2.06587500e-04,2.41542727e-07,1.16920301e-03
4492,2.06550000e-04,6.09959047e-07,2.95308181e-03
4493,2.06512500e-04,-8.46424806e-08,-4.09866137e-04
4494,2.06475000e-04,-4.87524364e-07,-2.36117866e-03
4495,2.06437500e-04,-1.12753731e-08,-5.46188221e-05
4496,2.06400000e-04,5.89098367e-07,2.85415875e-03
4497,2.06362500e-04,3.71103486e-08,1.79830873e-04
4498,2.06325000e-04,5.61815651e-07,2.72296450e-03
4499,2.06287500e-04,2.48507527e-07,1.20466595e-03
4500,2.06250000e-04,-1.95379243e-07,-9.47293299e-04
4501,2.06212500e-04,1.53912076e-07,7.46376073e-04
4502,2.06175000e-04,-2.38906905e-07,-1.15875788e-03
4503,2.06137500e-04,-5.26874572e-07,-2.55593753e-03
4504,2.06100000e-04,-6.40691962e-08,-3.10864610e-04
4505,2.06062500e-04,-5.44994907e-07,-2.64480392e-03
4506,2.06025000e-04,-4.11333999e-07,-1.99652469e-03
4507,2.05987500e-04,7.55864246e-07,3.66946657e-03
4508,2.05950000e-04,1.15224043e-07,5.59475808e-04
4509,2.05912500e-04,-1.97360540e-07,-9.58467992e-04
4510,2.05875000e-04,-3.85981911e-07,-1.87483624e-03
4511,2.05837500e-04,-9.61886790e-08,-4.67303961e-04
4512,2.05800000e-04,-3.14245237e-07,-1.52694479e-03
4513,2.05762500e-04,1.48533102e-07,7.21866726e-04
4514,2.05725000e-04,-7.90634784e-08,-3.84316337e-04
4515,2.05687500e-04,-1.48646431e-07,-7.22680915e-04
4516,2.05650000e-04,1.20090919e-07,5.83957785e-04
4517,2.05612500e-04,-1.31144532e-07,-6.37823732e-04
4518,2.05575000e-04,1.02682304e-06,4.99488282e-03
4519,2.05537500e-04,3.28530104e-07,1.59839496e-03
4520,2.05500000e-04,8.47192423e-08,4.12259087e-04
4521,2.05462500e-04,1.16656382e-07,5.67774569e-04
4522,2.05425000e-04,-4.14144151e-07,-2.01603578e-03
4523,2.05387500e-04,-4.61428427e-07,-2.24662371e-03
4524,2.05350000e-04,-1.63754086e-08,-7.97438938e-05
4525,2.05312500e-04,-1.99729551e-07,-9.72807555e-04
4526,2.05275000e-04,-1.14900827e-07,-5.59740965e-04
4527,2.05237500e-04,-1.27901767e-07,-6.23189073e-04
4528,2.05200000e-04,4.33808239e-07,2.11407524e-03
4529,2.05162500e-04,4.73884171e-07,2.30979917e-03
4530,2.05125000e-04,-5.62829481e-08,-2.74383659e-04
4531,2.05087500e-04,-2.36247150e-07,-1.15193344e-03
4532,2.05050000e-04,-2.60156413e-07,-1.26874622e-03
4533,2.05012500e-04,5.53770807e-10,2.70115631e-06
4534,2.04975000e-04,3.77450919e-07,1.84144856e-03
4535,2.04937500e-04,4.48538096e-08,2.18865798e-04
4536,2.04900000e-04,-1.65044453e-07,-8.05487812e-04
4537,2.04862500e-04,-1.62085003e-08,-7.91189228e-05
4538,2.04825000e-04,-3.13890002e-07,-1.53247896e-03
4539,2.04787500e-04,-2.78671047e-07,-1.36078153e-03
4540,2.04750000e-04,-3.12852325e-07,-1.52797229e-03
4541,2.04712500e-04,-8.31092688e-08,-4.05980430e-04
4542,2.04675000e-04,3.47261598e-07,1.69664882e-03
4543,2.04637500e-04,2.48896766e-07,1.21628131e-03
4544,2.04600000e-04,1.96691007e-07,9.61344118e-04
4545,2.04562500e-04,5.56067993e-07,2.71832810e-03
4546,2.04525000e-04,6.41432381e-07,3.13620526e-03
4547,2.04487500e-04,-1.43550129e-07,-7.01999531e-04
4548,2.04450000e-04,-4.43322972e-07,-2.16836866e-03
4549,2.04412500e-04,-1.63956895e-07,-8.02088398e-04
4550,2.04375000e-04,-3.40422766e-08,-1.66567714e-04
4551,2.04337500e-04,-4.63539997e-07,-2.26850185e-03
4552,2.04300000e-04,2.88609430e-08,1.41267464e-04
4553,2.04262500e-04,-2.08233625e-07,-1.01944128e-03
4554,2.04225000e-04,-7.51348050e-08,-3.67902093e-04
4555,2.04187500e-04,-4.33116800e-07,-2.12117196e-03
4556,2.04150000e-04,-6.37256745e-08,-3.12151234e-04
4557,2.04112500e-04,-5.73245069e-08,-2.80847606e-04
4558,2.04075000e-04,1.19028995e-07,5.83261030e-04
4559,2.04037500e-04,3.08665809e-07,1.51278961e-03
4560,2.04000000e-04,1.64998143e-07,8.08814425e-04
4561,2.03962500e-04,9.20616776e-07,4.51365705e-03
4562,2.03925000e-04,-2.80171370e-07,-1.37389418e-03
4563,2.03887500e-04,-2.97267988e-08,-1.45800006e-04
4564,2.03850000e-04,2.33054781e-07,1.14326603e-03
4565,2.03812500e-04,4.70682332e-07,2.30938893e-03
4566,2.03775000e-04,-1.12543503e-07,-5.52292985e-04
4567,2.03737500e-04,-8.02784926e-07,-3.94029045e-03
4568,2.03700000e-04,-7.57431539e-07,-3.71836789e-03
4569,2.03662500e-04,-4.83762189e-07,-2.37531302e-03
4570,2.03625000e-04,2.99567599e-07,1.47117299e-03
4571,2.03587500e-04,1.13241052e-08,5.56227922e-05
4572,2.03550000e-04,9.55569908e-08,4.69452178e-04
4573,2.03512500e-04,3.99670366e-07,1.96386151e-03
4574,2.03475000e-04,4.92057780e-07,2.41827144e-03
4575,2.03437500e-04,-1.33425730e-07,-6.55856123e-04
4576,2.03400000e-04,1.53640354e-08,7.55360638e-05
4577,2.03362500e-04,-3.36759308e-07,-1.65595578e-03
4578,2.03325000e-04,-1.73409237e-07,-8.52867268e-04
4579,2.03287500e-04,-1.54211069e-07,-7.58586085e-04
4580,2.03250000e-04,6.65396040e-08,3.27378126e-04
4581,2.03212500e-04,1.49790756e-07,7.37113887e-04
4582,2.03175000e-04,-5.13311615e-08,-2.52645067e-04
4583,2.03137500e-04,2.91673645e-08,1.43584343e-04
4584,2.03100000e-04,1.74133055e-07,8.57375946e-04
4585,2.03062500e-04,-2.43199100e-07,-1.19765639e-03
4586,2.03025000e-04,5.40989014e-08,2.66464235e-04
4587,2.02987500e-04,-1.20567551e-07,-5.93965399e-04
4588,2.02950000e-04,1.18768704e-07,5.85211646e-04
4589,2.02912500e-04,3.62258811e-07,1.78529569e-03
4590,2.02875000e-04,1.52062630e-07,7.49538534e-04
4591,2.02837500e-04,-8.90790730e-08,-4.39164716e-04
4592,2.02800000e-04,-3.36376574e-07,-1.65866161e-03
4593,2.02762500e-04,-4.88581652e-07,-2.40962531e-03
4594,2.02725000e-04,2.33588199e-07,1.15224170e-03
4595,2.02687500e-04,1.23029296e-07,6.06990052e-04
4596,2.02650000e-04,2.64076970e-07,1.30311853e-03
4597,2.02612500e-04,5.16650136e-08,2.54994206e-04
4598,2.02575000e-04,-6.34111838e-07,-3.13025713e-03
4599,2.02537500e-04,-2.89689142e-07,-1.43029879e-03
4600,2.02500000e-04,8.83221674e-08,4.36158851e-04
4601,2.02462500e-04,5.83057473e-07,2.87982946e-03
4602,2.02425000e-04,-4.79176453e-07,-2.36718021e-03
4603,2.02387500e-04,-1.51353794e-07,-7.47841613e-04
4604,2.02350000e-04,9.61014788e-08,4.74927002e-04
4605,2.02312500e-04,-1.01507389e-07,-5.01735628e-04
4606,2.02275000e-04,-3.92641013e-07,-1.94112477e-03
4607,2.02237500e-04,-5.87839448e-08,-2.90667877e-04
4608,2.02200000e-04,1.38042564e-08,6.82703086e-05
4609,2.02162500e-04,-1.79140438e-07,-8.86121005e-04
4610,2.02125000e-04,5.16747387e-07,2.55657334e-03
4611,2.02087500e-04,-1.48181105e-07,-7.33252204e-04
4612,2.02050000e-04,-1.20133901e-07,-5.94575110e-04
4613,2.02012500e-04,-1.10159857e-07,-5.45312081e-04
4614,2.01975000e-04,1.49726197e-07,7.41310542e-04
4615,2.01937500e-04,-3.53451801e-07,-1.75030295e-03
4616,2.01900000e-04,-6.37927018e-08,-3.15961871e-04
4617,2.01862500e-04,-3.91134467e-07,-1.93762817e-03
4618,2.01825000e-04,-5.12395992e-09,-2.53881329e-05
4619,2.01787500e-04,1.76937577e-07,8.76851029e-04
4620,2.01750000e-04,9.19682204e-07,4.55852394e-03
4621,2.01712500e-04,-3.49340429e-07,-1.73187298e-03
4622,2.01675000e-04,2.19655633e-07,1.08915648e-03
4623,2.01637500e-04,2.50935358e-07,1.24448755e-03
4624,2.01600000e-04,3.88607789e-07,1.92761800e-03
4625,2.01562500e-04,4.66880959e-07,2.31630863e-03
4626,2.01525000e-04,6.87778866e-07,3.41287119e-03
4627,2.01487500e-04,-2.40677007e-08,-1.19450094e-04
4628,2.01450000e-04,-3.78565277e-07,-1.87920217e-03
4629,2.01412500e-04,2.74768518e-07,1.36420787e-03
4630,2.01375000e-04,-3.47856958e-07,-1.72740886e-03
4631,2.01337500e-04,-1.40424168e-07,-6.97456600e-04
4632,2.01300000e-04,-4.28718968e-07,-2.12975145e-03
4633,2.01262500e-04,-9.25060544e-08,-4.59628865e-04
4634,2.01225000e-04,6.16917393e-07,3.06580889e-03
4635,2.01187500e-04,-1.75946858e-07,-8.74541701e-04
4636,2.01150000e-04,-6.72261122e-08,-3.34208860e-04
4637,2.01112500e-04,-7.36517203e-08,-3.66221494e-04
4638,2.01075000e-04,-6.65528314e-07,-3.30985112e-03
4639,2.01037500e-04,-9.91630751e-08,-4.93256607e-04
4640,2.01000000e-04,-3.34611947e-07,-1.66473605e-03
4641,2.00962500e-04,1.22032390e-07,6.07239607e-04
4642,2.00925000e-04,6.26049993e-07,3.11583921e-03
4643,2.00887500e-04,3.19029665e-08,1.58810113e-04
4644,2.00850000e-04,-4.22313580e-07,-2.10263171e-03
4645,2.00812500e-04,9.00020762e-08,4.48189611e-04
4646,2.00775000e-04,5.04394482e-08,2.51223749e-04
4647,2.00737500e-04,-2.22215636e-07,-1.10699613e-03
4648,2.00700000e-04,1.91659699e-07,9.54956147e-04
4649,2.00662500e-04,-7.61993695e-08,-3.79738962e-04
4650,2.00625000e-04,4.06780281e-08,2.02756526e-04
4651,2.00587500e-04,-4.09075857e-07,-2.03938858e-03
4652,2.00550000e-04,1.10397579e-07,5.50474092e-04
4653,2.00512500e-04,-2.24976529e-07,-1.12200750e-03
4654,2.00475000e-04,2.95427013e-07,1.47363518e-03
4655,2.00437500e-04,1.33905300e-08,6.68065108e-05
4656,2.00400000e-04,-2.14253846e-07,-1.06913097e-03
4657,2.00362500e-04,4.71356493e-07,2.35251852e-03
4658,2.00325000e-04,-4.21732611e-07,-2.10524204e-03
4659,2.00287500e-04,3.14565835e-07,1.57057148e-03
4660,2.00250000e-04,-3.31951908e-08,-1.65768743e-04
4661,2.00212500e-04,2.20305458e-08,1.10035816e-04
4662,2.00175000e-04,-2.35331310e-08,-1.17562788e-04
4663,2.00137500e-04,3.70764350e-07,1.85254812e-03
4664,2.00100000e-04,3.61927432e-07,1.80873279e-03
4665,2.00062500e-04,1.00237282e-07,5.01029841e-04
4666,2.00025000e-04,-9.68856142e-08,-4.84367525e-04
4667,1.99987500e-04,3.18931209e-07,1.59475572e-03
4668,1.99950000e-04,9.62537097e-08,4.81388896e-04
4669,1.99912500e-04,-4.17321645e-07,-2.08752151e-03
4670,1.99875000e-04,6.23930960e-08,3.12160580e-04
4671,1.99837500e-04,-3.34631570e-07,-1.67451839e-03
4672,1.99800000e-04,1.71706865e-07,8.59393720e-04
4673,1.99762500e-04,-1.84170148e-07,-9.21945550e-04
4674,1.99725000e-04,9.78944126e-09,4.90146014e-05
4675,1.99687500e-04,-2.30566088e-07,-1.15463456e-03
4676,1.99650000e-04,3.78904657e-07,1.89784451e-03
4677,1.99612500e-04,4.99193422e-07,2.50081243e-03
4678,1.99575000e-04,-9.69252600e-08,-4.85658324e-04
4679,1.99537500e-04,-3.03260432e-07,-1.51981674e-03
4680,1.99500000e-04,9.86313111e-08,4.94392537e-04
4681,1.99462500e-04,-1.59606094e-07,-8.00180955e-04
4682,1.99425000e-04,6.10489228e-08,3.06124723e-04
4683,1.99387500e-04,2.42344678e-07,1.21544569e-03
4684,1.99350000e-04,2.82203930e-07,1.41562042e-03
4685,1.99312500e-04,-1.93554603e-07,-9.71111208e-04
4686,1.99275000e-04,-1.88061239e-07,-9.43727204e-04
4687,1.99237500e-04,-2.43100853e-07,-1.22015611e-03
4688,1.99200000e-04,-9.44311660e-08,-4.74052038e-04
4689,1.99162500e-04,3.44222625e-07,1.72835059e-03
4690,1.99125000e-04,2.07982260e-07,1.04448090e-03
4691,1.99087500e-04,-4.92323717e-07,-2.47290120e-03
4692,1.99050000e-04,-1.60635144e-07,-8.07009014e-04
4693,1.99012500e-04,-4.19830194e-07,-2.10956696e-03
4694,1.98975000e-04,-2.72135245e-07,-1.36768561e-03
4695,1.98937500e-04,-1.68276547e-07,-8.45876452e-04
4696,1.98900000e-04,-1.04011441e-07,-5.22933340e-04
4697,1.98862500e-04,5.54372414e-07,2.78771721e-03
4698,1.98825000e-04,-4.88520560e-07,-2.45703790e-03
4699,1.98787500e-04,2.07682807e-07,1.04474782e-03
4700,1.98750000e-04,1.13266000e-06,5.69891826e-03
4701,1.98712500e-04,1.56421570e-07,7.87175291e-04
4702,1.98675000e-04,-1.29288630e-07,-6.50754396e-04
4703,1.98637500e-04,-5.46165422e-07,-2.74955848e-03
4704,1.98600000e-04,-3.66769183e-07,-1.84677333e-03
4705,1.98562500e-04,-3.45888047e-07,-1.74196058e-03
4706,1.98525000e-04,-1.11884244e-08,-5.63577605e-05
4707,1.98487500e-04,1.85685781e-07,9.35503653e-04
4708,1.98450000e-04,-7.94092632e-08,-4.00147459e-04
4709,1.98412500e-04,1.87269942e-07,9.43841453e-04
4710,1.98375000e-04,7.74269280e-08,3.90305875e-04
4711,1.98337500e-04,-1.40363159e-07,-7.07698537e-04
4712,1.98300000e-04,-6.01946517e-07,-3.03553463e-03
4713,1.98262500e-04,-2.06808791e-07,-1.04310594e-03
4714,1.98225000e-04,-1.86407405e-07,-9.40382924e-04
4715,1.98187500e-04,4.56787794e-07,2.30482646e-03
4716,1.98150000e-04,-1.12631416e-07,-5.68414917e-04
4717,1.98112500e-04,-1.77852761e-07,-8.97736190e-04
4718,1.98075000e-04,-1.71906217e-07,-8.67884472e-04
4719,1.98037500e-04,-1.32828671e-07,-6.70724841e-04
4720,1.98000000e-04,-1.35351010e-08,-6.83590962e-05
4721,1.97962500e-04,3.41463275e-08,1.72488868e-04
4722,1.97925000e-04,4.55087728e-07,2.29929381e-03
4723,1.97887500e-04,2.50092051e-07,1.26380924e-03
4724,1.97850000e-04,1.56096770e-07,7.88965227e-04
4725,1.97812500e-04,1.59790781e-07,8.07789096e-04
4726,1.97775000e-04,-4.01250411e-09,-2.02882271e-05
4727,1.97737500e-04,4.28911187e-08,2.16909381e-04
4728,1.97700000e-04,2.98550424e-07,1.51011848e-03
4729,1.97662500e-04,-1.82983042e-08,-9.25734735e-05
4730,1.97625000e-04,-1.05520883e-07,-5.33945010e-04
4731,1.97587500e-04,9.41440099e-08,4.76467438e-04
4732,1.97550000e-04,2.10802108e-07,1.06708230e-03
4733,1.97512500e-04,7.05079235e-08,3.56979551e-04
4734,1.97475000e-04,-3.40248906e-07,-1.72299737e-03
4735,1.97437500e-04,1.00984484e-07,5.11475702e-04
4736,1.97400000e-04,2.01576340e-07,1.02115674e-03
4737,1.97362500e-04,-3.10547962e-07,-1.57349021e-03
4738,1.97325000e-04,2.18524406e-07,1.10743396e-03
4739,1.97287500e-04,-1.08224343e-07,-5.48561583e-04
4740,1.97250000e-04,-4.43739854e-08,-2.24963170e-04
4741,1.97212500e-04,-2.60412969e-07,-1.32046888e-03
4742,1.97175000e-04,8.09561138e-07,4.10580012e-03
4743,1.97137500e-04,1.22604296e-08,6.21922747e-05
4744,1.97100000e-04,-1.16451715e-07,-5.90825545e-04
4745,1.97062500e-04,5.72063090e-08,2.90295257e-04
4746,1.97025000e-04,1.54295201e-07,7.83124987e-04
4747,1.96987500e-04,8.82791289e-08,4.48145841e-04
4748,1.96950000e-04,7.04604525e-07,3.57758073e-03
4749,1.96912500e-04,3.45311007e-07,1.75362665e-03
4750,1.96875000e-04,-7.88956038e-08,-4.00739575e-04
4751,1.96837500e-04,-1.39145868e-07,-7.06907310e-04
4752,1.96800000e-04,-2.12562051e-07,-1.08009172e-03
4753,1.96762500e-04,-2.49420567e-07,-1.26762248e-03
4754,1.96725000e-04,-4.03773044e-07,-2.05247449e-03
4755,1.96687500e-04,-6.85315813e-07,-3.48428758e-03
4756,1.96650000e-04,-1.14611743e-07,-5.82820965e-04
4757,1.96612500e-04,-2.10968384e-07,-1.07301613e-03
4758,1.96575000e-04,-2.51434452e-07,-1.27907644e-03
4759,1.96537500e-04,1.00517579e-07,5.11442240e-04
4760,1.96500000e-04,-4.74515922e-07,-2.41483930e-03
4761,1.96462500e-04,3.70539333e-09,1.88605628e-05
4762,1.96425000e-04,4.83396456e-08,2.46097216e-04
4763,1.96387500e-04,-3.02697112e-08,-1.54132576e-04
4764,1.96350000e-04,-1.50855358e-07,-7.68298230e-04
4765,1.96312500e-04,6.26582892e-08,3.19176258e-04
4766,1.96275000e-04,-1.83819856e-07,-9.36542383e-04
4767,1.96237500e-04,2.55140860e-08,1.30016363e-04
4768,1.96200000e-04,-6.46649960e-08,-3.29587136e-04
4769,1.96162500e-04,-2.41154945e-08,-1.22936313e-04
4770,1.96125000e-04,1.54764359e-07,7.89110818e-04
4771,1.96087500e-04,2.52239465e-07,1.28636178e-03
4772,1.96050000e-04,5.88948890e-08,3.00407493e-04
4773,1.96012500e-04,1.57590038e-07,8.03979531e-04
4774,1.95975000e-04,-3.47857553e-07,-1.77500984e-03
4775,1.95937500e-04,-3.98108844e-08,-2.03181547e-04
4776,1.95900000e-04,3.94792711e-07,2.01527673e-03
4777,1.95862500e-04,-1.40053405e-07,-7.15059827e-04
4778,1.95825000e-04,-8.99450101e-08,-4.59313214e-04
4779,1.95787500e-04,3.57841444e-07,1.82770322e-03
4780,1.95750000e-04,-2.62532831e-08,-1.34116389e-04
4781,1.95712500e-04,2.55229488e-07,1.30410417e-03
4782,1.95675000e-04,-1.99768326e-08,-1.02091901e-04
4783,1.95637500e-04,4.79039118e-07,2.44860580e-03
4784,1.95600000e-04,-3.00658469e-07,-1.53710874e-03
4785,1.95562500e-04,4.02252759e-07,2.05690129e-03
4786,1.95525000e-04,9.71084000e-08,4.96654648e-04
4787,1.95487500e-04,-3.73538309e-07,-1.91080406e-03
4788,1.95450000e-04,2.80462393e-07,1.43495724e-03
4789,1.95412500e-04,7.25976137e-08,3.71509569e-04
4790,1.95375000e-04,-4.89863890e-07,-2.50730078e-03
4791,1.95337500e-04,1.47862052e-07,7.56956818e-04
4792,1.95300000e-04,4.05523813e-07,2.07641481e-03
4793,1.95262500e-04,1.59350917e-07,8.16085614e-04
4794,1.95225000e-04,-2.28762843e-07,-1.17179072e-03
4795,1.95187500e-04,-1.45801827e-07,-7.46983422e-04
4796,1.95150000e-04,-1.46541367e-07,-7.50916560e-04
4797,1.95112500e-04,8.46006443e-08,4.33599304e-04
4798,1.95075000e-04,6.40286238e-07,3.28225676e-03
4799,1.95037500e-04,2.73623614e-07,1.40292822e-03
4800,1.95000000e-04,4.72321360e-07,2.42216082e-03
4801,1.94962500e-04,-3.24878163e-07,-1.66636232e-03
4802,1.94925000e-04,-1.03925906e-07,-5.33158426e-04
4803,1.94887500e-04,-4.65427661e-08,-2.38818632e-04
4804,1.94850000e-04,-2.70475864e-07,-1.38812350e-03
4805,1.94812500e-04,5.50380048e-08,2.82517830e-04
4806,1.94775000e-04,9.51880912e-08,4.88707951e-04
4807,1.94737500e-04,9.18240497e-08,4.71527311e-04
4808,1.94700000e-04,1.76199610e-07,9.04980023e-04
4809,1.94662500e-04,1.59548785e-07,8.19617466e-04
4810,1.94625000e-04,-1.19244686e-07,-6.12689460e-04
4811,1.94587500e-04,-4.48613485e-07,-2.30545891e-03
4812,1.94550000e-04,4.54704009e-07,2.33720899e-03
4813,1.94512500e-04,3.27320793e-08,1.68277511e-04
4814,1.94475000e-04,3.31436607e-07,1.70426331e-03
4815,1.94437500e-04,-3.10686207e-07,-1.59787185e-03
4816,1.94400000e-04,-3.70014258e-07,-1.90336553e-03
4817,1.94362500e-04,2.81627026e-07,1.44897820e-03
4818,1.94325000e-04,-4.02276186e-07,-2.07012060e-03
4819,1.94287500e-04,2.67819746e-07,1.37847132e-03
4820,1.94250000e-04,-4.86327396e-08,-2.50361594e-04
4821,1.94212500e-04,-3.02517739e-07,-1.55766358e-03
4822,1.94175000e-04,-1.41129326e-07,-7.26815120e-04
4823,1.94137500e-04,-1.04960254e-08,-5.40649044e-05
4824,1.94100000e-04,4.31552051e-07,2.22334905e-03
4825,1.94062500e-04,-5.72370447e-07,-2.94941293e-03
4826,1.94025000e-04,-8.15082450e-08,-4.20091458e-04
4827,1.93987500e-04,-2.21477674e-07,-1.14171106e-03
4828,1.93950000e-04,-5.51889732e-07,-2.84552582e-03
4829,1.93912500e-04,-3.30980396e-07,-1.70685436e-03
4830,1.93875000e-04,6.87562254e-08,3.54642039e-04
4831,1.93837500e-04,-1.22873084e-07,-6.33897384e-04
4832,1.93800000e-04,2.42018414e-07,1.24880502e-03
4833,1.93762500e-04,5.90843526e-07,3.04931824e-03
4834,1.93725000e-04,2.02745851e-07,1.04656524e-03
4835,1.93687500e-04,1.25862302e-07,6.49821501e-04
4836,1.93650000e-04,4.52919514e-07,2.33885626e-03
4837,1.93612500e-04,3.79518862e-07,1.96019814e-03
4838,1.93575000e-04,1.47631640e-08,7.62658609e-05
4839,1.93537500e-04,-2.29324434e-07,-1.18490956e-03
4840,1.93500000e-04,-6.55677082e-08,-3.38851205e-04
4841,1.93462500e-04,2.96684580e-07,1.53355085e-03
4842,1.93425000e-04,3.28970608e-07,1.70076571e-03
4843,1.93387500e-04,4.12062643e-07,2.13076152e-03
4844,1.93350000e-04,5.77981586e-07,2.98930223e-03
4845,1.93312500e-04,-3.11162545e-08,-1.60963489e-04
4846,1.93275000e-04,3.33013226e-08,1.72300207e-04
4847,1.93237500e-04,1.93255917e-07,1.00009531e-03
4848,1.93200000e-04,-5.79870121e-08,-3.00139814e-04
4849,1.93162500e-04,-5.53928903e-07,-2.86768344e-03
4850,1.93125000e-04,-5.31861110e-07,-2.75397338e-03
4851,1.93087500e-04,-1.13542283e-07,-5.88035389e-04
4852,1.93050000e-04,1.77337522e-07,9.18609285e-04
4853,1.93012500e-04,7.60252572e-08,3.93887739e-04
4854,1.92975000e-04,1.40762426e-07,7.29433480e-04
4855,1.92937500e-04,-4.72877901e-08,-2.45093826e-04
4856,1.92900000e-04,-5.77023237e-07,-2.99130761e-03
4857,1.92862500e-04,-4.48130776e-07,-2.32357652e-03
4858,1.92825000e-04,-8.69730066e-08,-4.51046320e-04
4859,1.92787500e-04,3.10663463e-07,1.61142949e-03
4860,1.92750000e-04,-1.68238691e-07,-8.72833673e-04
4861,1.92712500e-04,4.98099891e-07,2.58467869e-03
4862,1.92675000e-04,5.81481079e-07,3.01793735e-03
4863,1.92637500e-04,4.55464013e-07,2.36435799e-03
4864,1.92600000e-04,4.48258517e-07,2.32740663e-03
4865,1.92562500e-04,1.92377866e-07,9.99041172e-04
4866,1.92525000e-04,3.21026148e-08,1.66745175e-04
4867,1.92487500e-04,7.35585628e-08,3.82147219e-04
4868,1.92450000e-04,-2.84204629e-08,-1.47677126e-04
4869,1.92412500e-04,-4.95762342e-07,-2.57655995e-03
4870,1.92375000e-04,-1.63630908e-07,-8.50583017e-04
4871,1.92337500e-04,-1.22586071e-07,-6.37348781e-04
4872,1.92300000e-04,-1.72246741e-07,-8.95718884e-04
4873,1.92262500e-04,-5.92835351e-07,-3.08346844e-03
4874,1.92225000e-04,-2.25498170e-07,-1.17309491e-03
4875,1.92187500e-04,-5.65026554e-08,-2.93997557e-04
4876,1.92150000e-04,-2.51135992e-08,-1.30697888e-04
4877,1.92112500e-04,-4.31257101e-08,-2.24481541e-04
4878,1.92075000e-04,-2.97753627e-07,-1.55019460e-03
4879,1.92037500e-04,-3.77273436e-07,-1.96458211e-03
4880,1.92000000e-04,9.73440484e-09,5.07000252e-05
4881,1.91962500e-04,1.43359626e-08,7.46810582e-05
4882,1.91925000e-04,4.05518132e-07,2.11289896e-03
4883,1.91887500e-04,1.71141560e-07,8.91884878e-04
4884,1.91850000e-04,6.28717638e-08,3.27713129e-04
4885,1.91812500e-04,3.63054699e-07,1.89275829e-03
4886,1.91775000e-04,4.38583647e-07,2.28696987e-03
4887,1.91737500e-04,-9.50352250e-08,-4.95652781e-04
4888,1.91700000e-04,1.32015981e-07,6.88659266e-04
4889,1.91662500e-04,9.95563960e-08,5.19435967e-04
4890,1.91625000e-04,-2.72372194e-07,-1.42138131e-03
4891,1.91587500e-04,2.82741147e-07,1.47578076e-03
4892,1.91550000e-04,-6.90528283e-07,-3.60495057e-03
4893,1.91512500e-04,-2.35805452e-07,-1.23127969e-03
4894,1.91475000e-04,-1.24736011e-07,-6.51448029e-04
4895,1.91437500e-04,1.00288577e-07,5.23871120e-04
4896,1.91400000e-04,1.70291167e-07,8.89713516e-04
4897,1.91362500e-04,1.42647298e-08,7.45429739e-05
4898,1.91325000e-04,-2.14636686e-07,-1.12184339e-03
4899,1.91287500e-04,-1.25076800e-07,-6.53868132e-04
4900,1.91250000e-04,-3.96177952e-07,-2.07151870e-03
4901,1.91212500e-04,2.19306040e-09,1.14692314e-05
4902,1.91175000e-04,2.13540372e-07,1.11698900e-03
4903,1.91137500e-04,3.09647894e-07,1.62002691e-03
4904,1.91100000e-04,-2.68078653e-07,-1.40281870e-03
4905,1.91062500e-04,-5.20999017e-08,-2.72685125e-04
4906,1.91025000e-04,-3.94609160e-07,-2.06574616e-03
4907,1.90987500e-04,6.76612704e-08,3.54270674e-04
4908,1.90950000e-04,1.09810803e-07,5.75076214e-04
4909,1.90912500e-04,4.10182346e-08,2.14853583e-04
4910,1.90875000e-04,4.78263802e-08,2.50563878e-04
4911,1.90837500e-04,-1.06677815e-07,-5.58998179e-04
4912,1.90800000e-04,5.94214598e-07,3.11433227e-03
4913,1.90762500e-04,3.22358328e-07,1.68984118e-03
4914,1.90725000e-04,3.64345655e-07,1.91031933e-03
4915,1.90687500e-04,-5.96603510e-07,-3.12869753e-03
4916,1.90650000e-04,-4.52714003e-07,-2.37458171e-03
4917,1.90612500e-04,-5.40471152e-08,-2.83544443e-04
4918,1.90575000e-04,-6.66300548e-08,-3.49626419e-04
4919,1.90537500e-04,2.97926835e-07,1.56361260e-03
4920,1.90500000e-04,1.90039335e-07,9.97581810e-04
4921,1.90462500e-04,3.38480212e-07,1.77714884e-03
4922,1.90425000e-04,-1.83017567e-07,-9.61100524e-04
4923,1.90387500e-04,1.01883462e-08,5.35137347e-05
4924,1.90350000e-04,2.21759420e-08,1.16500877e-04
4925,1.90312500e-04,3.99578676e-07,2.09959239e-03
4926,1.90275000e-04,1.27251007e-07,6.68774180e-04
4927,1.90237500e-04,1.94005062e-07,1.01980452e-03
4928,1.90200000e-04,-3.42462668e-07,-1.80053979e-03
4929,1.90162500e-04,-2.09935015e-07,-1.10397694e-03
4930,1.90125000e-04,5.81138558e-07,3.05661306e-03
4931,1.90087500e-04,3.12167052e-07,1.64222819e-03
4932,1.90050000e-04,4.20223998e-07,2.21112338e-03
4933,1.90012500e-04,-1.11648752e-07,-5.87586351e-04
4934,1.89975000e-04,-1.06069617e-07,-5.58334608e-04
4935,1.89937500e-04,-1.52698947e-07,-8.03943122e-04
4936,1.89900000e-04,-2.91055728e-07,-1.53267893e-03
4937,1.89862500e-04,8.01718656e-08,4.22262772e-04
4938,1.89825000e-04,-2.80887198e-08,-1.47971657e-04
4939,1.89787500e-04,2.44922201e-07,1.29050755e-03
4940,1.89750000e-04,4.24221318e-08,2.23568547e-04
4941,1.89712500e-04,2.16409450e-07,1.14072320e-03
4942,1.89675000e-04,-7.99763296e-08,-4.21649293e-04
4943,1.89637500e-04,-2.21299659e-07,-1.16696149e-03
4944,1.89600000e-04,-5.52778937e-07,-2.91550072e-03
4945,1.89562500e-04,5.30602713e-08,2.79909113e-04
4946,1.89525000e-04,-6.09212307e-08,-3.21441661e-04
4947,1.89487500e-04,-1.03507705e-07,-5.46250833e-04
4948,1.89450000e-04,7.33490344e-08,3.87168300e-04
4949,1.89412500e-04,-1.30296608e-07,-6.87898674e-04
4950,1.89375000e-04,7.91422353e-07,4.17912794e-03
4951,1.89337500e-04,-4.04732006e-07,-2.13762200e-03
4952,1.89300000e-04,-1.72536467e-07,-9.11444622e-04
4953,1.89262500e-04,-2.18522199e-07,-1.15459850e-03
4954,1.89225000e-04,2.28569592e-07,1.20792491e-03
4955,1.89187500e-04,-7.72516424e-08,-4.08333756e-04
4956,1.89150000e-04,-2.92250772e-07,-1.54507413e-03
4957,1.89112500e-04,1.65033494e-07,8.72673639e-04
4958,1.89075000e-04,-1.40123122e-08,-7.41098093e-05
4959,1.89037500e-04,-3.33796138e-07,-1.76576678e-03
4960,1.89000000e-04,5.46044792e-08,2.88912588e-04
4961,1.88962500e-04,-2.38372497e-07,-1.26148044e-03
4962,1.88925000e-04,4.50200535e-08,2.38295903e-04
4963,1.88887500e-04,9.38022606e-08,4.96603855e-04
4964,1.88850000e-04,3.06379395e-07,1.62234257e-03
4965,1.88812500e-04,2.19626943e-07,1.16320129e-03
4966,1.88775000e-04,-2.81305335e-07,-1.49016202e-03
4967,1.88737500e-04,-3.38392883e-07,-1.79292872e-03
4968,1.88700000e-04,1.21689915e-07,6.44885615e-04
4969,1.88662500e-04,-3.12074677e-08,-1.65414259e-04
4970,1.88625000e-04,4.46111772e-07,2.36507235e-03
4971,1.88587500e-04,2.35068961e-07,1.24647159e-03
4972,1.88550000e-04,3.28361695e-07,1.74150992e-03
4973,1.88512500e-04,6.23152250e-08,3.30562827e-04
4974,1.88475000e-04,1.60012807e-08,8.48986908e-05
4975,1.88437500e-04,-3.29458393e-07,-1.74836958e-03
4976,1.88400000e-04,1.99356189e-07,1.05815387e-03
4977,1.88362500e-04,1.06361396e-07,5.64663328e-04
4978,1.88325000e-04,-7.19362481e-08,-3.81979281e-04
4979,1.88287500e-04,-1.58156886e-07,-8.39975494e-04
4980,1.88250000e-04,-1.34669575e-07,-7.15376229e-04
4981,1.88212500e-04,1.79624547e-07,9.54370976e-04
4982,1.88175000e-04,9.29942434e-09,4.94190213e-05
4983,1.88137500e-04,1.87177986e-07,9.94899930e-04
4984,1.88100000e-04,1.12407596e-07,5.97594873e-04
4985,1.88062500e-04,-2.34368735e-07,-1.24622790e-03
4986,1.88025000e-04,2.65606076e-07,1.41261043e-03
4987,1.87987500e-04,-2.12673650e-07,-1.13131804e-03
4988,1.87950000e-04,1.14693296e-07,6.10233018e-04
4989,1.87912500e-04,2.74675901e-07,1.46172235e-03
4990,1.87875000e-04,-4.53841119e-07,-2.41565466e-03
4991,1.87837500e-04,1.53898553e-07,8.19317514e-04
4992,1.87800000e-04,4.41985582e-07,2.35349085e-03
4993,1.87762500e-04,3.02148148e-07,1.60920390e-03
4994,1.87725000e-04,-5.10710144e-07,-2.72052281e-03
4995,1.87687500e-04,-8.88489327e-08,-4.73387587e-04
4996,1.87650000e-04,-2.16670209e-07,-1.15465073e-03
4997,1.87612500e-04,-3.80804517e-07,-2.02973958e-03
4998,1.87575000e-04,-6.87967985e-07,-3.66769551e-03
4999,1.87537500e-04,1.28039352e-07,6.82739994e-04
5000,1.87500000e-04,-4.93414852e-07,-2.63154588e-03
5001,1.87462500e-04,-2.37880334e-07,-1.26894890e-03
5002,1.87425000e-04,1.55726990e-07,8.30876297e-04
5003,1.87387500e-04,2.13579654e-07,1.13977535e-03
5004,1.87350000e-04,1.21979893e-08,6.51080293e-05
5005,1.87312500e-04,6.36293076e-07,3.39696003e-03
5006,1.87275000e-04,2.89064831e-07,1.54353133e-03
5007,1.87237500e-04,5.65338908e-07,3.01936796e-03
5008,1.87200000e-04,3.38696036e-07,1.80927370e-03
5009,1.87162500e-04,1.43274869e-07,7.65510553e-04
5010,1.87125000e-04,-1.47725972e-07,-7.89450752e-04
5011,1.87087500e-04,-2.12442099e-07,-1.13552268e-03
5012,1.87050000e-04,-9.68182796e-08,-5.17606413e-04
5013,1.87012500e-04,1.78456824e-07,9.54250778e-04
5014,1.86975000e-04,5.55837420e-07,2.97279005e-03
5015,1.86937500e-04,2.32236092e-07,1.24231945e-03
5016,1.86900000e-04,-2.95986763e-07,-1.58366379e-03
5017,1.86862500e-04,-9.71418078e-07,-5.19857156e-03
5018,1.86825000e-04,-8.65394436e-08,-4.63211260e-04
5019,1.86787500e-04,-2.69826216e-07,-1.44456249e-03
5020,1.86750000e-04,-1.45049214e-07,-7.76702621e-04
5021,1.86712500e-04,2.12617841e-07,1.13874454e-03
5022,1.86675000e-04,3.26908931e-07,1.75121967e-03
5023,1.86637500e-04,2.08441916e-07,1.11682763e-03
5024,1.86600000e-04,-3.91835710e-07,-2.09986983e-03
5025,1.86562500e-04,-1.60055096e-07,-8.57916762e-04
5026,1.86525000e-04,1.76253279e-07,9.44931130e-04
5027,1.86487500e-04,9.12130177e-08,4.89110625e-04
5028,1.86450000e-04,-6.05893364e-07,-3.24962920e-03
5029,1.86412500e-04,3.03158968e-07,1.62628026e-03
5030,1.86375000e-04,2.24558403e-07,1.20487406e-03
5031,1.86337500e-04,4.96614472e-07,2.66513435e-03
5032,1.86300000e-04,-1.20215011e-07,-6.45276496e-04
5033,1.86262500e-04,1.37882509e-07,7.40259091e-04
5034,1.86225000e-04,-1.29550816e-07,-6.95668231e-04
5035,1.86187500e-04,1.55057971e-07,8.32805483e-04
5036,1.86150000e-04,-1.20576123e-07,-6.47736359e-04
5037,1.86112500e-04,-8.70167427e-08,-4.67549158e-04
5038,1.86075000e-04,8.88303280e-08,4.77389913e-04
5039,1.86037500e-04,-8.33968257e-08,-4.48279652e-04
5040,1.86000000e-04,1.24922123e-07,6.71624318e-04
5041,1.85962500e-04,-1.79952764e-07,-9.67683075e-04
5042,1.85925000e-04,-7.29005265e-08,-3.92096418e-04
5043,1.85887500e-04,2.70396502e-07,1.45462445e-03
5044,1.85850000e-04,7.60384360e-08,4.09138746e-04
5045,1.85812500e-04,6.94151761e-08,3.73576460e-04
5046,1.85775000e-04,-5.84973372e-08,-3.14882719e-04
5047,1.85737500e-04,-1.65396011e-07,-8.90482596e-04
5048,1.85700000e-04,3.38465822e-07,1.82264848e-03
5049,1.85662500e-04,-4.75283918e-07,-2.55993493e-03
5050,1.85625000e-04,-3.23485936e-07,-1.74268518e-03
5051,1.85587500e-04,3.71430343e-07,2.00137587e-03
5052,1.85550000e-04,-5.65465843e-08,-3.04751195e-04
5053,1.85512500e-04,-2.92783398e-07,-1.57824081e-03
5054,1.85475000e-04,-2.51841883e-07,-1.35782118e-03
5055,1.85437500e-04,2.51847116e-07,1.35812399e-03
5056,1.85400000e-04,4.30901949e-07,2.32417448e-03
5057,1.85362500e-04,2.51754856e-07,1.35817577e-03
5058,1.85325000e-04,1.72059071e-07,9.28418028e-04
5059,1.85287500e-04,-1.72888592e-07,-9.33082870e-04
5060,1.85250000e-04,-3.26451435e-07,-1.76222097e-03
5061,1.85212500e-04,2.42454181e-07,1.30905949e-03
5062,1.85175000e-04,-4.75301983e-07,-2.56677188e-03
5063,1.85137500e-04,3.22014206e-07,1.73932459e-03
5064,1.85100000e-04,5.03171544e-07,2.71837679e-03
5065,1.85062500e-04,-1.81264511e-07,-9.79477264e-04
5066,1.85025000e-04,-1.20790054e-07,-6.52830988e-04
5067,1.84987500e-04,-4.36983097e-07,-2.36223040e-03
5068,1.84950000e-04,2.73957431e-07,1.48125132e-03
5069,1.84912500e-04,1.05327397e-07,5.69606692e-04
5070,1.84875000e-04,-3.20564869e-07,-1.73395467e-03
5071,1.84837500e-04,9.21980812e-08,4.98806147e-04
5072,1.84800000e-04,-6.70854914e-08,-3.63016728e-04
5073,1.84762500e-04,2.14220900e-07,1.15943928e-03
5074,1.84725000e-04,-9.88641382e-08,-5.35196309e-04
5075,1.84687500e-04,4.59063763e-07,2.48562444e-03
5076,1.84650000e-04,2.84180163e-07,1.53902065e-03
5077,1.84612500e-04,1.74223590e-07,9.43725859e-04
5078,1.84575000e-04,-1.51163045e-07,-8.18978980e-04
5079,1.84537500e-04,-8.76477442e-08,-4.74958988e-04
5080,1.84500000e-04,-1.48699693e-07,-8.05960393e-04
5081,1.84462500e-04,3.05092399e-07,1.65395351e-03
5082,1.84425000e-04,-5.17208695e-07,-2.80443917e-03
5083,1.84387500e-04,-2.50727842e-07,-1.35978763e-03
5084,1.84350000e-04,1.56264938e-07,8.47653585e-04
5085,1.84312500e-04,-1.03882805e-07,-5.63623219e-04
5086,1.84275000e-04,2.84313987e-07,1.54287878e-03
5087,1.84237500e-04,2.70924430e-07,1.47051730e-03
5088,1.84200000e-04,2.47663497e-07,1.34453582e-03
5089,1.84162500e-04,-6.07314865e-08,-3.29771189e-04
5090,1.84125000e-04,-4.97918300e-07,-2.70424060e-03
5091,1.84087500e-04,-1.65044475e-07,-8.96554494e-04
5092,1.84050000e-04,9.03780357e-08,4.91051539e-04
5093,1.84012500e-04,-1.39235959e-07,-7.56665763e-04
5094,1.83975000e-04,4.71100136e-07,2.56067474e-03
5095,1.83937500e-04,-2.31394944e-07,-1.25800853e-03
5096,1.83900000e-04,-1.20167202e-07,-6.53437746e-04
5097,1.83862500e-04,-4.87986822e-07,-2.65408564e-03
5098,1.83825000e-04,2.94232549e-07,1.60061226e-03
5099,1.83787500e-04,1.56633564e-07,8.52253629e-04
5100,1.83750000e-04,4.54283924e-07,2.47229346e-03
5101,1.83712500e-04,4.18023261e-07,2.27542090e-03
5102,1.83675000e-04,1.93927697e-06,1.05581977e-02
5103,1.83637500e-04,2.37547507e-07,1.29356753e-03
5104,1.83600000e-04,-7.38618009e-07,-4.02297391e-03
5105,1.83562500e-04,2.61740408e-07,1.42589259e-03
5106,1.83525000e-04,-5.17956502e-07,-2.82226673e-03
5107,1.83487500e-04,4.75257790e-07,2.59013715e-03
5108,1.83450000e-04,-1.68497313e-07,-9.18491758e-04
5109,1.83412500e-04,-1.93123884e-07,-1.05294832e-03
5110,1.83375000e-04,-5.58660416e-07,-3.04654623e-03
5111,1.83337500e-04,-5.45218237e-07,-2.97385007e-03
5112,1.83300000e-04,1.44184864e-07,7.86605912e-04
5113,1.83262500e-04,-5.56820563e-08,-3.03837699e-04
5114,1.83225000e-04,-5.77560315e-07,-3.15219165e-03
5115,1.83187500e-04,-4.64121564e-07,-2.53358752e-03
5116,1.83150000e-04,-2.96365942e-07,-1.61815966e-03
5117,1.83112500e-04,2.89039722e-07,1.57848165e-03
5118,1.83075000e-04,-1.86313475e-07,-1.01768933e-03
5119,1.83037500e-04,9.43705349e-08,5.15580332e-04
5120,1.83000000e-04,-2.04157836e-07,-1.11561659e-03
5121,1.82962500e-04,-9.08050879e-09,-4.96304368e-05
5122,1.82925000e-04,5.36005766e-07,2.93019416e-03
5123,1.82887500e-04,2.61730276e-07,1.43109986e-03
5124,1.82850000e-04,1.01265421e-07,5.53816903e-04
5125,1.82812500e-04,-1.41863004e-07,-7.76002757e-04
5126,1.82775000e-04,-8.95672558e-08,-4.90041066e-04
5127,1.82737500e-04,-3.08811652e-07,-1.68991943e-03
5128,1.82700000e-04,2.75442773e-07,1.50762328e-03
5129,1.82662500e-04,3.81416490e-07,2.08809411e-03
5130,1.82625000e-04,1.95964449e-07,1.07304284e-03
5131,1.82587500e-04,-4.21072182e-08,-2.30613915e-04
5132,1.82550000e-04,1.29676678e-08,7.10362521e-05
5133,1.82512500e-04,-1.05364087e-07,-5.77297923e-04
5134,1.82475000e-04,-5.26510107e-08,-2.88538214e-04
5135,1.82437500e-04,-8.82723228e-08,-4.83849662e-04
5136,1.82400000e-04,2.47349755e-07,1.35608418e-03
5137,1.82362500e-04,-1.93934172e-07,-1.06345423e-03
5138,1.82325000e-04,1.07441959e-07,5.89288134e-04
5139,1.82287500e-04,-4.58513707e-07,-2.51533269e-03
5140,1.82250000e-04,5.94249266e-07,3.26062697e-03
5141,1.82212500e-04,-1.95335077e-07,-1.07201798e-03
5142,1.82175000e-04,2.13998557e-07,1.17468674e-03
5143,1.82137500e-04,6.45748175e-08,3.54538837e-04
5144,1.82100000e-04,-2.78831718e-08,-1.53120109e-04
5145,1.82062500e-04,5.33491066e-07,2.93026332e-03
5146,1.82025000e-04,2.75078525e-07,1.51121288e-03
5147,1.81987500e-04,6.81415564e-08,3.74429872e-04
5148,1.81950000e-04,3.15366451e-07,1.73325887e-03
5149,1.81912500e-04,-3.12002648e-07,-1.71512484e-03
5150,1.81875000e-04,6.73931405e-07,3.70546477e-03
5151,1.81837500e-04,1.89229742e-07,1.04065301e-03
5152,1.81800000e-04,-8.82205700e-08,-4.85261661e-04
5153,1.81762500e-04,3.99973274e-07,2.20052692e-03
5154,1.81725000e-04,8.13415957e-08,4.47608175e-04
5155,1.81687500e-04,-1.75652890e-07,-9.66785770e-04
5156,1.81650000e-04,3.35386771e-07,1.84633510e-03
5157,1.81612500e-04,-2.60740675e-07,-1.43569785e-03
5158,1.81575000e-04,-6.11049514e-07,-3.36527338e-03
5159,1.81537500e-04,1.42046998e-07,7.82466420e-04
5160,1.81500000e-04,4.74879209e-07,2.61641438e-03
5161,1.81462500e-04,3.23148558e-07,1.78080076e-03
5162,1.81425000e-04,-1.08567103e-07,-5.98413134e-04
5163,1.81387500e-04,5.18813039e-07,2.86024692e-03
5164,1.81350000e-04,-1.69025629e-08,-9.32040965e-05
5165,1.81312500e-04,3.78786435e-07,2.08913580e-03
5166,1.81275000e-04,-1.68942207e-07,-9.31966387e-04
5167,1.81237500e-04,-3.87090298e-07,-2.13581791e-03
5168,1.81200000e-04,1.21021953e-07,6.67891574e-04
5169,1.81162500e-04,1.96290565e-07,1.08350550e-03
5170,1.81125000e-04,-2.31407427e-09,-1.27761174e-05
5171,1.81087500e-04,-9.81082509e-08,-5.41772628e-04
5172,1.81050000e-04,-4.61060723e-08,-2.54659333e-04
5173,1.81012500e-04,4.03606123e-07,2.22971410e-03
5174,1.80975000e-04,1.68095061e-07,9.28830283e-04
5175,1.80937500e-04,-2.77747369e-07,-1.53504591e-03
5176,1.80900000e-04,5.08340317e-08,2.81006256e-04
5177,1.80862500e-04,4.47738104e-07,2.47557179e-03
5178,1.80825000e-04,1.86889179e-07,1.03353617e-03
5179,1.80787500e-04,-2.40432030e-08,-1.32991512e-04
5180,1.80750000e-04,1.34785135e-07,7.45699223e-04
5181,1.80712500e-04,1.65407563e-08,9.15307813e-05
5182,1.80675000e-04,4.35849827e-07,2.41234165e-03
5183,1.80637500e-04,-2.98234232e-07,-1.65100952e-03
5184,1.80600000e-04,-4.82090565e-07,-2.66938297e-03
5185,1.80562500e-04,-2.65874751e-07,-1.47248045e-03
5186,1.80525000e-04,-1.98698831e-08,-1.10067210e-04
5187,1.80487500e-04,5.40918920e-07,2.99698827e-03
5188,1.80450000e-04,-1.69555720e-07,-9.39627153e-04
5189,1.80412500e-04,-2.48761640e-07,-1.37884925e-03
5190,1.80375000e-04,2.12475229e-07,1.17796384e-03
5191,1.80337500e-04,-6.86799413e-08,-3.80841152e-04
5192,1.80300000e-04,3.38420930e-07,1.87698796e-03
5193,1.80262500e-04,2.21952259e-07,1.23127250e-03
5194,1.80225000e-04,-3.21073230e-07,-1.78151327e-03
5195,1.80187500e-04,-9.77427099e-08,-5.42450003e-04
5196,1.80150000e-04,7.69794521e-08,4.27307533e-04
5197,1.80112500e-04,2.77859292e-07,1.54269855e-03
5198,1.80075000e-04,2.60739658e-07,1.44795034e-03
5199,1.80037500e-04,-1.76463245e-07,-9.80147163e-04
5200,1.80000000e-04,-2.75697253e-07,-1.53165141e-03
5201,1.79962500e-04,-2.93843128e-07,-1.63280199e-03
5202,1.79925000e-04,-1.30114278e-07,-7.23158419e-04
5203,1.79887500e-04,2.61623801e-07,1.45437454e-03
5204,1.79850000e-04,3.08977039e-07,1.71797075e-03
5205,1.79812500e-04,2.70763969e-07,1.50581283e-03
5206,1.79775000e-04,-3.16324897e-07,-1.75955999e-03
5207,1.79737500e-04,-4.24929920e-07,-2.36416952e-03
5208,1.79700000e-04,3.18531264e-08,1.77257242e-04
5209,1.79662500e-04,2.06329643e-07,1.14842910e-03
5210,1.79625000e-04,-1.64786221e-07,-9.17390236e-04
5211,1.79587500e-04,-2.63699157e-07,-1.46836031e-03
5212,1.79550000e-04,-5.39946930e-07,-3.00722322e-03
5213,1.79512500e-04,-2.68582689e-07,-1.49617820e-03
5214,1.79475000e-04,-1.57299805e-07,-8.76444099e-04
5215,1.79437500e-04,3.91316473e-08,2.18079539e-04
5216,1.79400000e-04,-2.68612595e-07,-1.49728314e-03
5217,1.79362500e-04,3.86962426e-07,2.15743216e-03
5218,1.79325000e-04,5.31474429e-08,2.96374978e-04
5219,1.79287500e-04,-9.97233549e-08,-5.56220344e-04
5220,1.79250000e-04,1.24620574e-07,6.95233329e-04
5221,1.79212500e-04,3.80670418e-07,2.12412872e-03
5222,1.79175000e-04,5.04312274e-07,2.81463527e-03
5223,1.79137500e-04,2.41082319e-07,1.34579482e-03
5224,1.79100000e-04,-4.76090511e-08,-2.65823848e-04
5225,1.79062500e-04,-7.21026971e-08,-4.02667768e-04
5226,1.79025000e-04,-3.82771347e-07,-2.13808880e-03
5227,1.78987500e-04,4.74217896e-08,2.64944701e-04
5228,1.78950000e-04,3.24808743e-07,1.81508099e-03
5229,1.78912500e-04,5.27940138e-07,2.95082869e-03
5230,1.78875000e-04,7.69839739e-08,4.30378610e-04
5231,1.78837500e-04,2.82555843e-07,1.57995858e-03
5232,1.78800000e-04,5.83951174e-07,3.26594616e-03
5233,1.78762500e-04,-5.01090295e-07,-2.80310633e-03
5234,1.78725000e-04,-3.00937633e-07,-1.68380267e-03
5235,1.78687500e-04,-1.53193562e-07,-8.57326684e-04
5236,1.78650000e-04,-1.71759706e-07,-9.61431324e-04
5237,1.78612500e-04,2.81242807e-07,1.57459756e-03
5238,1.78575000e-04,6.14907116e-08,3.44341098e-04
5239,1.78537500e-04,1.22978362e-07,6.88809699e-04
5240,1.78500000e-04,-2.18547574e-07,-1.22435616e-03
5241,1.78462500e-04,4.40616315e-07,2.46895743e-03
5242,1.78425000e-04,-1.24895779e-07,-6.99990357e-04
5243,1.78387500e-04,1.25130502e-07,7.01453310e-04
5244,1.78350000e-04,-1.61362035e-09,-9.04749284e-06
5245,1.78312500e-04,1.64335152e-07,9.21613191e-04
5246,1.78275000e-04,-6.31913464e-08,-3.54459943e-04
5247,1.78237500e-04,-2.66511574e-07,-1.49526095e-03
5248,1.78200000e-04,-3.93471388e-07,-2.20803248e-03
5249,1.78162500e-04,-2.51054162e-07,-1.40913021e-03
5250,1.78125000e-04,-1.00071589e-07,-5.61805411e-04
5251,1.78087500e-04,1.54047492e-07,8.65010131e-04
5252,1.78050000e-04,-1.14016208e-07,-6.40360618e-04
5253,1.78012500e-04,-2.71295822e-07,-1.52402681e-03
5254,1.77975000e-04,-1.27071536e-08,-7.13985310e-05
5255,1.77937500e-04,3.44935276e-08,1.93851929e-04
5256,1.77900000e-04,2.80299728e-08,1.57560274e-04
5257,1.77862500e-04,2.31796139e-07,1.30323221e-03
5258,1.77825000e-04,-2.56384202e-07,-1.44177817e-03
5259,1.77787500e-04,1.48786658e-07,8.36879183e-04
5260,1.77750000e-04,-5.46763492e-08,-3.07602527e-04
5261,1.77712500e-04,-1.24213321e-07,-6.98956581e-04
5262,1.77675000e-04,-1.06614733e-07,-6.00054780e-04
5263,1.77637500e-04,5.20547716e-08,2.93039317e-04
5264,1.77600000e-04,2.34273986e-07,1.31911028e-03
5265,1.77562500e-04,-4.99032407e-07,-2.81046058e-03
5266,1.77525000e-04,3.86738765e-08,2.17850311e-04
5267,1.77487500e-04,-1.71561072e-07,-9.66609322e-04
5268,1.77450000e-04,-6.96128950e-08,-3.92295830e-04
5269,1.77412500e-04,4.49642354e-07,2.53444573e-03
5270,1.77375000e-04,4.34352554e-09,2.44878114e-05
5271,1.77337500e-04,2.53606587e-08,1.43007873e-04
5272,1.77300000e-04,-5.66870386e-08,-3.19723850e-04
5273,1.77262500e-04,-2.97311000e-07,-1.67723574e-03
5274,1.77225000e-04,3.88285208e-08,2.19091668e-04
5275,1.77187500e-04,-1.24041427e-07,-7.00057437e-04
5276,1.77150000e-04,-1.34845398e-07,-7.61193328e-04
5277,1.77112500e-04,6.39356461e-08,3.60988898e-04
5278,1.77075000e-04,-3.66768402e-08,-2.07126021e-04
5279,1.77037500e-04,1.30498453e-07,7.37123225e-04
5280,1.77000000e-04,1.35496280e-07,7.65515704e-04
5281,1.76962500e-04,-1.72208852e-08,-9.73137538e-05
5282,1.76925000e-04,1.97378571e-08,1.11560589e-04
5283,1.76887500e-04,-1.03296482e-07,-5.83967112e-04
5284,1.76850000e-04,1.03630733e-07,5.85980961e-04
5285,1.76812500e-04,8.58281313e-09,4.85418911e-05
5286,1.76775000e-04,-1.31687071e-07,-7.44941710e-04
5287,1.76737500e-04,9.48741885e-08,5.36808479e-04
5288,1.76700000e-04,3.28641093e-07,1.85988168e-03
5289,1.76662500e-04,1.10694215e-07,6.26585804e-04
5290,1.76625000e-04,1.20174580e-07,6.80393942e-04
5291,1.76587500e-04,-1.06459970e-08,-6.02873758e-05
5292,1.76550000e-04,1.73481435e-07,9.82619286e-04
5293,1.76512500e-04,1.20511074e-07,6.82733938e-04
5294,1.76475000e-04,-7.72799251e-08,-4.37908628e-04
5295,1.76437500e-04,-2.56285679e-07,-1.45255787e-03
5296,1.76400000e-04,-1.61715029e-07,-9.16751865e-04
5297,1.76362500e-04,-6.26780463e-08,-3.55393274e-04
5298,1.76325000e-04,-1.76118006e-07,-9.98826068e-04
5299,1.76287500e-04,2.73010903e-08,1.54866853e-04
5300,1.76250000e-04,3.79646879e-07,2.15402484e-03
5301,1.76212500e-04,-8.24345152e-08,-4.67813096e-04
5302,1.76175000e-04,-2.73012142e-07,-1.54966449e-03
5303,1.76137500e-04,-5.42888361e-08,-3.08218500e-04
5304,1.76100000e-04,-1.91179234e-07,-1.08562881e-03
5305,1.76062500e-04,-4.95288699e-07,-2.81314135e-03
5306,1.76025000e-04,-1.87943949e-08,-1.06771168e-04
5307,1.75987500e-04,3.01090262e-07,1.71086164e-03
5308,1.75950000e-04,2.77076925e-07,1.57474808e-03
5309,1.75912500e-04,3.02947345e-07,1.72214792e-03
5310,1.75875000e-04,5.11810582e-07,2.91008149e-03
5311,1.75837500e-04,2.83901365e-08,1.61456666e-04
5312,1.75800000e-04,8.62931717e-08,4.90859907e-04
5313,1.75762500e-04,2.51909045e-08,1.43323544e-04
5314,1.75725000e-04,-2.36266235e-07,-1.34452260e-03
5315,1.75687500e-04,-3.34969090e-07,-1.90661880e-03
5316,1.75650000e-04,-1.63219694e-07,-9.29232529e-04
5317,1.75612500e-04,-1.67141632e-07,-9.51763864e-04
5318,1.75575000e-04,-1.41975784e-07,-8.08633259e-04
5319,1.75537500e-04,2.28937774e-07,1.30421006e-03
5320,1.75500000e-04,5.07804483e-08,2.89347284e-04
5321,1.75462500e-04,2.04604793e-07,1.16608844e-03
5322,1.75425000e-04,4.63683247e-08,2.64319936e-04
5323,1.75387500e-04,1.90273846e-07,1.08487690e-03
5324,1.75350000e-04,-6.37439701e-09,-3.63524209e-05
5325,1.75312500e-04,-5.24565777e-08,-2.99217556e-04
5326,1.75275000e-04,-1.34123749e-07,-7.65218935e-04
5327,1.75237500e-04,-3.21385423e-07,-1.83399913e-03
5328,1.75200000e-04,3.60597900e-07,2.05820719e-03
5329,1.75162500e-04,1.43256757e-07,8.17850605e-04
5330,1.75125000e-04,-8.70208208e-08,-4.96906899e-04
5331,1.75087500e-04,1.61800696e-07,9.24113351e-04
5332,1.75050000e-04,-2.55370271e-07,-1.45884188e-03
5333,1.75012500e-04,-8.28349913e-08,-4.73309000e-04
5334,1.74975000e-04,-3.24502318e-07,-1.85456390e-03
5335,1.74937500e-04,2.86199528e-07,1.63601016e-03
5336,1.74900000e-04,6.52851029e-08,3.73271028e-04
5337,1.74862500e-04,4.70328700e-08,2.68970591e-04
5338,1.74825000e-04,-2.14990730e-07,-1.22974821e-03
5339,1.74787500e-04,2.29211761e-08,1.31137387e-04
5340,1.74750000e-04,3.75939337e-08,2.15129807e-04
5341,1.74712500e-04,-1.17913536e-07,-6.74900401e-04
5342,1.74675000e-04,1.21992831e-07,6.98398918e-04
5343,1.74637500e-04,-2.38906989e-07,-1.36801654e-03
5344,1.74600000e-04,6.10836821e-08,3.49849268e-04
5345,1.74562500e-04,1.80827814e-07,1.03589152e-03
5346,1.74525000e-04,1.15579922e-07,6.62254242e-04
5347,1.74487500e-04,-3.09105538e-07,-1.77150534e-03
5348,1.74450000e-04,2.52601726e-07,1.44798926e-03
5349,1.74412500e-04,-2.56430303e-07,-1.47025186e-03
5350,1.74375000e-04,3.54141393e-07,2.03091838e-03
5351,1.74337500e-04,2.76374355e-07,1.58528346e-03
5352,1.74300000e-04,-5.36599059e-08,-3.07859471e-04
5353,1.74262500e-04,4.63298923e-07,2.65862663e-03
5354,1.74225000e-04,1.39558676e-08,8.01025546e-05
5355,1.74187500e-04,8.49356994e-08,4.87610761e-04
5356,1.74150000e-04,-1.99049012e-07,-1.14297452e-03
5357,1.74112500e-04,-2.74880311e-07,-1.57875116e-03
5358,1.74075000e-04,-4.67686776e-07,-2.68669698e-03
5359,1.74037500e-04,-1.99201478e-07,-1.14458940e-03
5360,1.74000000e-04,-1.83664320e-07,-1.05554207e-03
5361,1.73962500e-04,2.62010605e-07,1.50613267e-03
5362,1.73925000e-04,1.56590894e-07,9.00335745e-04
5363,1.73887500e-04,-3.01638498e-07,-1.73467615e-03
5364,1.73850000e-04,3.19206930e-07,1.83610544e-03
5365,1.73812500e-04,1.32885695e-07,7.64534745e-04
5366,1.73775000e-04,-1.18081767e-07,-6.79509524e-04
5367,1.73737500e-04,-2.29903251e-07,-1.32327938e-03
5368,1.73700000e-04,5.84840292e-08,3.36695620e-04
5369,1.73662500e-04,-4.73462947e-07,-2.72633958e-03
5370,1.73625000e-04,1.68553876e-07,9.70792661e-04
5371,1.73587500e-04,3.75315125e-07,2.16210917e-03
5372,1.73550000e-04,-1.97642382e-08,-1.13882099e-04
5373,1.73512500e-04,-6.90079618e-08,-3.97711760e-04
5374,1.73475000e-04,1.38738467e-07,7.99760581e-04
5375,1.73437500e-04,1.87722045e-07,1.08236134e-03
5376,1.73400000e-04,4.56763871e-08,2.63416304e-04
5377,1.73362500e-04,-3.90417645e-08,-2.25203054e-04
5378,1.73325000e-04,3.44021165e-07,1.98483292e-03
5379,1.73287500e-04,3.45722162e-09,1.99507848e-05
5380,1.73250000e-04,-2.57801114e-08,-1.48802952e-04
5381,1.73212500e-04,-2.06031586e-07,-1.18947297e-03
5382,1.73175000e-04,-1.39570673e-07,-8.05951626e-04
5383,1.73137500e-04,-2.13202777e-07,-1.23140728e-03
5384,1.73100000e-04,-9.06225459e-08,-5.23527128e-04
5385,1.73062500e-04,-6.93392317e-07,-4.00660061e-03
5386,1.73025000e-04,-1.96341898e-07,-1.13476028e-03
5387,1.72987500e-04,-3.31186089e-07,-1.91450879e-03
5388,1.72950000e-04,-1.14927335e-07,-6.64511910e-04
5389,1.72912500e-04,-5.58011406e-08,-3.22713168e-04
5390,1.72875000e-04,-2.04808228e-07,-1.18471860e-03
5391,1.72837500e-04,-2.00501106e-07,-1.16005558e-03
5392,1.72800000e-04,2.17637270e-07,1.25947494e-03
5393,1.72762500e-04,4.49964216e-07,2.60452480e-03
5394,1.72725000e-04,4.44753110e-08,2.57492031e-04
5395,1.72687500e-04,-4.57676004e-08,-2.65031345e-04
5396,1.72650000e-04,1.07382334e-07,6.21965445e-04
5397,1.72612500e-04,-7.32945638e-08,-4.24619096e-04
5398,1.72575000e-04,7.46097808e-07,4.32332498e-03
5399,1.72537500e-04,-4.54377069e-08,-2.63349747e-04
5400,1.72500000e-04,-2.94663621e-07,-1.70819490e-03
5401,1.72462500e-04,1.41043637e-07,8.17822060e-04
5402,1.72425000e-04,3.04251969e-07,1.76454672e-03
5403,1.72387500e-04,-1.25618600e-08,-7.28699006e-05
5404,1.72350000e-04,1.61836041e-07,9.38996464e-04
5405,1.72312500e-04,4.71249262e-09,2.73485244e-05
5406,1.72275000e-04,-8.61034826e-08,-4.99802540e-04
5407,1.72237500e-04,4.65554639e-07,2.70298071e-03
5408,1.72200000e-04,-5.15564187e-08,-2.99398483e-04
5409,1.72162500e-04,-2.45222179e-07,-1.42436465e-03
5410,1.72125000e-04,-9.63003668e-08,-5.59479255e-04
5411,1.72087500e-04,3.33277927e-07,1.93667714e-03
5412,1.72050000e-04,-3.53943665e-08,-2.05721398e-04
5413,1.72012500e-04,3.14187978e-07,1.82654155e-03
5414,1.71975000e-04,-3.15711905e-07,-1.83580116e-03
5415,1.71937500e-04,-5.87030488e-07,-3.41420858e-03
5416,1.71900000e-04,-1.28702382e-07,-7.48704957e-04
5417,1.71862500e-04,-7.16262366e-07,-4.16764778e-03
5418,1.71825000e-04,-4.50516087e-08,-2.62194725e-04
5419,1.71787500e-04,5.72858649e-10,3.33469344e-06
5420,1.71750000e-04,4.36418020e-07,2.54100739e-03
5421,1.71712500e-04,3.02340332e-07,1.76073572e-03
5422,1.71675000e-04,-9.65466285e-08,-5.62380244e-04
5423,1.71637500e-04,2.26779940e-07,1.32127268e-03
5424,1.71600000e-04,3.48997811e-07,2.03378678e-03
5425,1.71562500e-04,9.99251544e-08,5.82441701e-04
5426,1.71525000e-04,2.09378859e-07,1.22069004e-03
5427,1.71487500e-04,-1.10947179e-07,-6.46969484e-04
5428,1.71450000e-04,3.90055109e-07,2.27503709e-03
5429,1.71412500e-04,2.81419938e-07,1.64177022e-03
5430,1.71375000e-04,-1.06455270e-07,-6.21183194e-04
5431,1.71337500e-04,-2.95207125e-09,-1.72295689e-05
5432,1.71300000e-04,1.11768513e-07,6.52472345e-04
5433,1.71262500e-04,1.19014013e-07,6.94921614e-04
5434,1.71225000e-04,-1.74661912e-07,-1.02007249e-03
5435,1.71187500e-04,-3.58686667e-07,-2.09528538e-03
5436,1.71150000e-04,-2.28783422e-07,-1.33674217e-03
5437,1.71112500e-04,-3.67660351e-07,-2.14864695e-03
5438,1.71075000e-04,-3.56911679e-07,-2.08628776e-03
5439,1.71037500e-04,2.86686679e-07,1.67616271e-03
5440,1.71000000e-04,-2.64165141e-08,-1.54482539e-04
5441,1.70962500e-04,-5.96843166e-08,-3.49107650e-04
5442,1.70925000e-04,5.30776103e-08,3.10531580e-04
5443,1.70887500e-04,2.78397507e-07,1.62912739e-03
5444,1.70850000e-04,-1.39426722e-07,-8.16076803e-04
5445,1.70812500e-04,-1.50327587e-07,-8.80073692e-04
5446,1.70775000e-04,-1.57712109e-07,-9.23508178e-04
5447,1.70737500e-04,1.47619471e-07,8.64598996e-04
5448,1.70700000e-04,6.57405588e-08,3.85123367e-04
5449,1.70662500e-04,1.48574334e-07,8.70573994e-04
5450,1.70625000e-04,-1.91939773e-07,-1.12492174e-03
5451,1.70587500e-04,-2.28497357e-07,-1.33947304e-03
5452,1.70550000e-04,-4.03033593e-07,-2.36314039e-03
5453,1.70512500e-04,-8.10616561e-08,-4.75400079e-04
5454,1.70475000e-04,-1.85920022e-07,-1.09059992e-03
5455,1.70437500e-04,4.02547530e-07,2.36184836e-03
5456,1.70400000e-04,3.22915337e-07,1.89504306e-03
5457,1.70362500e-04,-7.83030023e-08,-4.59625811e-04
5458,1.70325000e-04,1.28853499e-07,7.56515482e-04
5459,1.70287500e-04,-1.45159701e-07,-8.52438968e-04
5460,1.70250000e-04,1.67440704e-07,9.83498994e-04
5461,1.70212500e-04,-7.44817044e-08,-4.37580697e-04
5462,1.70175000e-04,2.21982931e-07,1.30443914e-03
5463,1.70137500e-04,1.10795404e-07,6.51210956e-04
5464,1.70100000e-04,1.67699076e-07,9.85885223e-04
5465,1.70062500e-04,-3.78416410e-07,-2.22516081e-03
5466,1.70025000e-04,2.22153930e-07,1.30659568e-03
5467,1.69987500e-04,-1.44942860e-07,-8.52667755e-04
5468,1.69950000e-04,1.98383183e-07,1.16730322e-03
5469,1.69912500e-04,-4.23705157e-07,-2.49366678e-03
5470,1.69875000e-04,-1.07740918e-07,-6.34236459e-04
5471,1.69837500e-04,-1.35847398e-07,-7.99866920e-04
5472,1.69800000e-04,-1.39488311e-07,-8.21485929e-04
5473,1.69762500e-04,-1.77257387e-07,-1.04414925e-03
5474,1.69725000e-04,-5.13163387e-08,-3.02349912e-04
5475,1.69687500e-04,-3.55679377e-08,-2.09608473e-04
5476,1.69650000e-04,1.20355717e-07,7.09435411e-04
5477,1.69612500e-04,2.16425657e-07,1.27600063e-03
5478,1.69575000e-04,7.27188573e-08,4.28830059e-04
5479,1.69537500e-04,1.14935045e-07,6.77932876e-04
5480,1.69500000e-04,2.05173244e-07,1.21046161e-03
5481,1.69462500e-04,-3.44344850e-07,-2.03198259e-03
5482,1.69425000e-04,-4.70261137e-08,-2.77563014e-04
5483,1.69387500e-04,-3.07649433e-07,-1.81624638e-03
5484,1.69350000e-04,-3.23296592e-07,-1.90904395e-03
5485,1.69312500e-04,5.37242029e-09,3.17307953e-05
5486,1.69275000e-04,3.74888680e-08,2.21467246e-04
5487,1.69237500e-04,3.10239787e-07,1.83316220e-03
5488,1.69200000e-04,-2.87549756e-07,-1.69946664e-03
5489,1.69162500e-04,-3.57443788e-08,-2.11302025e-04
5490,1.69125000e-04,1.31837758e-07,7.79528500e-04
5491,1.69087500e-04,2.36290538e-07,1.39744534e-03
5492,1.69050000e-04,-5.90120774e-08,-3.49080612e-04
5493,1.69012500e-04,1.11373153e-07,6.58964002e-04
5494,1.68975000e-04,1.14593996e-07,6.78171303e-04
5495,1.68937500e-04,2.93996940e-07,1.74027046e-03
5496,1.68900000e-04,3.44568249e-08,2.04007253e-04
5497,1.68862500e-04,-6.72928158e-10,-3.98506571e-06
5498,1.68825000e-04,3.86593246e-08,2.28990521e-04
5499,1.68787500e-04,2.05217776e-07,1.21583515e-03
5500,1.68750000e-04,3.81147934e-07,2.25865442e-03
5501,1.68712500e-04,3.41528799e-07,2.02432421e-03
5502,1.68675000e-04,-4.40736443e-08,-2.61293282e-04
5503,1.68637500e-04,-3.15977529e-08,-1.87370857e-04
5504,1.68600000e-04,-5.03901268e-07,-2.98873825e-03
5505,1.68562500e-04,6.97805049e-08,4.13974074e-04
5506,1.68525000e-04,8.34863831e-08,4.95394649e-04
5507,1.68487500e-04,8.04703753e-08,4.77604423e-04
5508,1.68450000e-04,-1.50320378e-09,-8.92373870e-06
5509,1.68412500e-04,1.81139459e-07,1.07557016e-03
5510,1.68375000e-04,-4.14550990e-07,-2.46206972e-03
5511,1.68337500e-04,-2.10443224e-07,-1.25012682e-03
5512,1.68300000e-04,-5.41281597e-07,-3.21617110e-03
5513,1.68262500e-04,-5.22182424e-07,-3.10337969e-03
5514,1.68225000e-04,1.46018801e-07,8.67997037e-04
5515,1.68187500e-04,3.93934410e-07,2.34223358e-03
5516,1.68150000e-04,5.89203317e-08,3.50403400e-04
5517,1.68112500e-04,1.43704550e-07,8.54811805e-04
5518,1.68075000e-04,1.45616421e-07,8.66377633e-04
5519,1.68037500e-04,1.06788407e-07,6.35503429e-04
5520,1.68000000e-04,4.16651869e-07,2.48007065e-03
5521,1.67962500e-04,1.28022729e-07,7.62210192e-04
5522,1.67925000e-04,-2.25406510e-07,-1.34230466e-03
5523,1.67887500e-04,-1.00693884e-07,-5.99769988e-04
5524,1.67850000e-04,-8.41617052e-08,-5.01410218e-04
5525,1.67812500e-04,-2.71779116e-07,-1.61954035e-03
5526,1.67775000e-04,6.12108093e-08,3.64838679e-04
5527,1.67737500e-04,3.17106444e-07,1.89049225e-03
5528,1.67700000e-04,1.41366791e-07,8.42974305e-04
5529,1.67662500e-04,3.35192259e-07,1.99920828e-03
5530,1.67625000e-04,1.77488748e-07,1.05884414e-03
5531,1.67587500e-04,7.32087457e-08,4.36838939e-04
5532,1.67550000e-04,-9.14496665e-08,-5.45805231e-04
5533,1.67512500e-04,-3.33833244e-07,-1.99288557e-03
5534,1.67475000e-04,2.88032732e-07,1.71985509e-03
5535,1.67437500e-04,-4.49241265e-07,-2.68303854e-03
5536,1.67400000e-04,-2.58099103e-07,-1.54181065e-03
5537,1.67362500e-04,-2.88755508e-07,-1.72532979e-03
5538,1.67325000e-04,1.28638398e-08,7.68793651e-05
5539,1.67287500e-04,2.78234114e-07,1.66320923e-03
5540,1.67250000e-04,-8.53998827e-09,-5.10612154e-05
5541,1.67212500e-04,2.27271538e-07,1.35917792e-03
5542,1.67175000e-04,5.13040095e-08,3.06888048e-04
5543,1.67137500e-04,-4.18726746e-07,-2.50528305e-03
5544,1.67100000e-04,-4.38776313e-08,-2.62583072e-04
5545,1.67062500e-04,-1.39148209e-07,-8.32911093e-04
5546,1.67025000e-04,2.69423150e-08,1.61307080e-04
5547,1.66987500e-04,-2.50503243e-07,-1.50013170e-03
5548,1.66950000e-04,-2.44524712e-08,-1.46465835e-04
5549,1.66912500e-04,-6.44342055e-08,-3.86035830e-04
5550,1.66875000e-04,-2.67115761e-08,-1.60069370e-04
5551,1.66837500e-04,8.32835187e-08,4.99189443e-04
5552,1.66800000e-04,-1.20707169e-08,-7.23664081e-05
5553,1.66762500e-04,5.79277128e-08,3.47366541e-04
5554,1.66725000e-04,1.59305956e-07,9.55501313e-04
5555,1.66687500e-04,-2.48906104e-07,-1.49324997e-03
5556,1.66650000e-04,-1.89033424e-08,-1.13431398e-04
5557,1.66612500e-04,8.75133452e-08,5.25250778e-04
5558,1.66575000e-04,4.63400352e-07,2.78193218e-03
5559,1.66537500e-04,3.23582188e-07,1.94299895e-03
5560,1.66500000e-04,-7.51265361e-09,-4.51210427e-05
5561,1.66462500e-04,8.42987928e-08,5.06413113e-04
5562,1.66425000e-04,-3.12431635e-07,-1.87731191e-03
5563,1.66387500e-04,1.41612033e-07,8.51097785e-04
5564,1.66350000e-04,-2.11231008e-08,-1.26979867e-04
5565,1.66312500e-04,-3.41889617e-07,-2.05570608e-03
5566,1.66275000e-04,-1.64847056e-07,-9.91412155e-04
5567,1.66237500e-04,3.36766631e-07,2.02581626e-03
5568,1.66200000e-04,-2.70773737e-07,-1.62920419e-03
5569,1.66162500e-04,-2.60324224e-08,-1.56668457e-04
5570,1.66125000e-04,-1.54397190e-07,-9.29403703e-04
5571,1.66087500e-04,1.78739462e-07,1.07617648e-03
5572,1.66050000e-04,2.07160860e-07,1.24758121e-03
5573,1.66012500e-04,9.75791012e-08,5.87781650e-04
5574,1.65975000e-04,2.45136178e-07,1.47694640e-03
5575,1.65937500e-04,1.03306502e-07,6.22562724e-04
5576,1.65900000e-04,2.49348073e-07,1.50300225e-03
5577,1.65862500e-04,2.29544653e-07,1.38394545e-03
5578,1.65825000e-04,-1.21121380e-07,-7.30416883e-04
5579,1.65787500e-04,2.51299426e-08,1.51579236e-04
5580,1.65750000e-04,-9.20519159e-08,-5.55366008e-04
5581,1.65712500e-04,1.16652830e-07,7.03947077e-04
5582,1.65675000e-04,-9.97859779e-08,-6.02299550e-04
5583,1.65637500e-04,-7.31946077e-08,-4.41896356e-04
5584,1.65600000e-04,-1.17761779e-07,-7.11121854e-04
5585,1.65562500e-04,3.33103154e-08,2.01194808e-04
5586,1.65525000e-04,-2.56923742e-07,-1.55217485e-03
5587,1.65487500e-04,2.62286469e-07,1.58493221e-03
5588,1.65450000e-04,1.61892542e-07,9.78498287e-04
5589,1.65412500e-04,-2.99645668e-07,-1.81150559e-03
5590,1.65375000e-04,-1.92712850e-07,-1.16530824e-03
5591,1.65337500e-04,1.39204043e-07,8.41938722e-04
5592,1.65300000e-04,3.16156971e-07,1.91262536e-03
5593,1.65262500e-04,1.22232814e-07,7.39628253e-04
5594,1.65225000e-04,4.23270039e-07,2.56177963e-03
5595,1.65187500e-04,6.03556969e-08,3.65376901e-04
5596,1.65150000e-04,-7.23375693e-08,-4.38011319e-04
5597,1.65112500e-04,6.69778846e-08,4.05649994e-04
5598,1.65075000e-04,5.34867359e-08,3.24014756e-04
5599,1.65037500e-04,2.01092784e-07,1.21846722e-03
5600,1.65000000e-04,1.95033218e-08,1.18201951e-04
5601,1.64962500e-04,-8.02763521e-08,-4.86633945e-04
5602,1.64925000e-04,-1.05452028e-07,-6.39393836e-04
5603,1.64887500e-04,7.09027188e-08,4.30006634e-04
5604,1.64850000e-04,2.11915548e-07,1.28550530e-03
5605,1.64812500e-04,-1.80537120e-07,-1.09540915e-03
5606,1.64775000e-04,3.14315610e-07,1.90754429e-03
5607,1.64737500e-04,1.02344646e-07,6.21258946e-04
5608,1.64700000e-04,-1.03014179e-07,-6.25465570e-04
5609,1.64662500e-04,2.87744248e-07,1.74747892e-03
5610,1.64625000e-04,2.10107424e-07,1.27627896e-03
5611,1.64587500e-04,-1.44050416e-07,-8.75220877e-04
5612,1.64550000e-04,1.48056613e-07,8.99766714e-04
5613,1.64512500e-04,2.85606781e-07,1.73607952e-03
5614,1.64475000e-04,9.08636446e-08,5.52446540e-04
5615,1.64437500e-04,4.17303279e-07,2.53776224e-03
5616,1.64400000e-04,-5.48825541e-08,-3.33835487e-04
5617,1.64362500e-04,4.23006776e-08,2.57362097e-04
5618,1.64325000e-04,-5.56827601e-07,-3.38857509e-03
5619,1.64287500e-04,6.56108039e-08,3.99365770e-04
5620,1.64250000e-04,-2.59963588e-07,-1.58273113e-03
5621,1.64212500e-04,-2.87262977e-07,-1.74933685e-03
5622,1.64175000e-04,-3.94675846e-07,-2.40399480e-03
5623,1.64137500e-04,1.88798959e-07,1.15024878e-03
5624,1.64100000e-04,-1.00634655e-07,-6.13252013e-04
5625,1.64062500e-04,-1.42350165e-07,-8.67658151e-04
5626,1.64025000e-04,1.24732690e-07,7.60449261e-04
5627,1.63987500e-04,6.64154474e-08,4.05003109e-04
5628,1.63950000e-04,-1.21213923e-07,-7.39334692e-04
5629,1.63912500e-04,3.54297433e-07,2.16150344e-03
5630,1.63875000e-04,-8.37280001e-08,-5.10926011e-04
5631,1.63837500e-04,-2.07361257e-07,-1.26565199e-03
5632,1.63800000e-04,-4.13149297e-08,-2.52227898e-04
5633,1.63762500e-04,-1.00958402e-08,-6.16492797e-05
5634,1.63725000e-04,-5.20020902e-08,-3.17618508e-04
5635,1.63687500e-04,9.00685926e-08,5.50247225e-04
5636,1.63650000e-04,3.47604495e-07,2.12407268e-03
5637,1.63612500e-04,9.59888053e-08,5.86683813e-04
5638,1.63575000e-04,-4.61614601e-07,-2.82203638e-03
5639,1.63537500e-04,-1.38284226e-07,-8.45581141e-04
5640,1.63500000e-04,-1.20827729e-07,-7.39007518e-04
5641,1.63462500e-04,9.58079656e-08,5.86115871e-04
5642,1.63425000e-04,2.99324055e-07,1.83156834e-03
5643,1.63387500e-04,5.87759628e-08,3.59733534e-04
5644,1.63350000e-04,-3.10125756e-08,-1.89853539e-04
5645,1.63312500e-04,2.47215586e-07,1.51375789e-03
5646,1.63275000e-04,-2.20837046e-07,-1.35254660e-03
5647,1.63237500e-04,4.84007496e-08,2.96505090e-04
5648,1.63200000e-04,1.00445879e-07,6.15477201e-04
5649,1.63162500e-04,2.43505224e-07,1.49240925e-03
5650,1.63125000e-04,-3.15768713e-08,-1.93574690e-04
5651,1.63087500e-04,1.97993406e-07,1.21403177e-03
5652,1.63050000e-04,-1.87019187e-07,-1.14700513e-03
5653,1.63012500e-04,-1.70549186e-07,-1.04623379e-03
5654,1.62975000e-04,-6.00093766e-08,-3.68212159e-04
5655,1.62937500e-04,-4.04779845e-08,-2.48426449e-04
5656,1.62900000e-04,3.84992578e-07,2.36336758e-03
5657,1.62862500e-04,1.29719910e-07,7.96499565e-04
5658,1.62825000e-04,7.17114814e-08,4.40420583e-04
5659,1.62787500e-04,-8.33384863e-08,-5.11946472e-04
5660,1.62750000e-04,1.03812402e-07,6.37864223e-04
5661,1.62712500e-04,3.73505090e-07,2.29549107e-03
5662,1.62675000e-04,2.16829907e-07,1.33290246e-03
5663,1.62637500e-04,-1.80845923e-07,-1.11195710e-03
5664,1.62600000e-04,1.61229624e-07,9.91572101e-04
5665,1.62562500e-04,-1.99959949e-07,-1.23004967e-03
5666,1.62525000e-04,-5.31246780e-08,-3.26870808e-04
5667,1.62487500e-04,-1.20950978e-07,-7.44370972e-04
5668,1.62450000e-04,-6.29961852e-08,-3.87788151e-04
5669,1.62412500e-04,-1.83137405e-07,-1.12760659e-03
5670,1.62375000e-04,5.06155948e-08,3.11720368e-04
5671,1.62337500e-04,7.45941686e-08,4.59500538e-04
5672,1.62300000e-04,-3.50009604e-08,-2.15655948e-04
5673,1.62262500e-04,-5.03138753e-10,-3.10077037e-06
5674,1.62225000e-04,-3.44317430e-07,-2.12246836e-03
5675,1.62187500e-04,5.06980116e-08,3.12588896e-04
5676,1.62150000e-04,-3.46494941e-07,-2.13687907e-03
5677,1.62112500e-04,3.19988386e-07,1.97386621e-03
5678,1.62075000e-04,-1.03734637e-07,-6.40040952e-04
5679,1.62037500e-04,-1.09738074e-07,-6.77238749e-04
5680,1.62000000e-04,-2.20925092e-07,-1.36373514e-03
5681,1.61962500e-04,1.99780548e-08,1.23349879e-04
5682,1.61925000e-04,2.64143869e-08,1.63127293e-04
5683,1.61887500e-04,-1.02150850e-07,-6.30998996e-04
5684,1.61850000e-04,1.48991801e-08,9.20554842e-05
5685,1.61812500e-04,-1.62510005e-07,-1.00431058e-03
5686,1.61775000e-04,-2.33230729e-07,-1.44169821e-03
5687,1.61737500e-04,1.21633045e-07,7.52039848e-04
5688,1.61700000e-04,2.19514742e-07,1.35754324e-03
5689,1.61662500e-04,4.04112817e-07,2.49973134e-03
5690,1.61625000e-04,7.94692814e-08,4.91689289e-04
5691,1.61587500e-04,-3.42457429e-08,-2.11933119e-04
5692,1.61550000e-04,9.06035180e-08,5.60838861e-04
5693,1.61512500e-04,-3.20283140e-07,-1.98302385e-03
5694,1.61475000e-04,-5.97984825e-07,-3.70326567e-03
5695,1.61437500e-04,-8.29596734e-08,-5.13881058e-04
5696,1.61400000e-04,-6.90139534e-09,-4.27595746e-05
5697,1.61362500e-04,9.32480813e-08,5.77879503e-04
5698,1.61325000e-04,3.47290971e-07,2.15274118e-03
5699,1.61287500e-04,9.99968108e-08,6.19991077e-04
5700,1.61250000e-04,1.92191374e-08,1.19188449e-04
5701,1.61212500e-04,1.81140789e-07,1.12361503e-03
5702,1.61175000e-04,2.46996352e-08,1.53247310e-04
5703,1.61137500e-04,7.10511276e-08,4.40934777e-04
5704,1.61100000e-04,2.02844474e-07,1.25912150e-03
5705,1.61062500e-04,1.55422781e-07,9.64984284e-04
5706,1.61025000e-04,7.41016770e-08,4.60187406e-04
5707,1.60987500e-04,-4.06496312e-07,-2.52501786e-03
5708,1.60950000e-04,-3.07311518e-07,-1.90936016e-03
5709,1.60912500e-04,1.89943057e-07,1.18041207e-03
5710,1.60875000e-04,-2.34373772e-07,-1.45686882e-03
5711,1.60837500e-04,-4.31256086e-07,-2.68131553e-03
5712,1.60800000e-04,-2.34449284e-07,-1.45801793e-03
5713,1.60762500e-04,1.63363936e-07,1.01618186e-03
5714,1.60725000e-04,-7.57496466e-08,-4.71299714e-04
5715,1.60687500e-04,5.28895692e-08,3.29145510e-04
5716,1.60650000e-04,2.53075153e-07,1.57531997e-03
5717,1.60612500e-04,1.26048375e-07,7.84798041e-04
5718,1.60575000e-04,-1.64532499e-07,-1.02464580e-03
5719,1.60537500e-04,2.41707098e-07,1.50561145e-03
5720,1.60500000e-04,-2.57398947e-07,-1.60373176e-03
5721,1.60462500e-04,2.38905566e-08,1.48885607e-04
5722,1.60425000e-04,3.76896869e-08,2.34936493e-04
5723,1.60387500e-04,1.30285973e-07,8.12319995e-04
5724,1.60350000e-04,-2.29982735e-07,-1.43425466e-03
5725,1.60312500e-04,4.05049196e-07,2.52662266e-03
5726,1.60275000e-04,5.17171128e-08,3.22677353e-04
5727,1.60237500e-04,3.47105482e-07,2.16619382e-03
5728,1.60200000e-04,1.44351181e-07,9.01068544e-04
5729,1.60162500e-04,4.97736809e-07,3.10769880e-03
5730,1.60125000e-04,-1.99907513e-08,-1.24844661e-04
5731,1.60087500e-04,7.11035884e-08,4.44154530e-04
5732,1.60050000e-04,5.29738562e-07,3.30983169e-03
5733,1.60012500e-04,1.19646273e-07,7.47730789e-04
5734,1.59975000e-04,-1.71754092e-07,-1.07363083e-03
5735,1.59937500e-04,8.23724733e-08,5.15029141e-04
5736,1.59900000e-04,-1.16243412e-07,-7.26975686e-04
5737,1.59862500e-04,-2.27074062e-08,-1.42043357e-04
5738,1.59825000e-04,-1.67506486e-08,-1.04806186e-04
5739,1.59787500e-04,-2.15208337e-07,-1.34684088e-03
5740,1.59750000e-04,2.28566972e-07,1.43077917e-03
5741,1.59712500e-04,-2.83372694e-07,-1.77426747e-03
5742,1.59675000e-04,-1.94924227e-07,-1.22075608e-03
5743,1.59637500e-04,-9.37162214e-08,-5.87056434e-04
5744,1.59600000e-04,-2.70830061e-08,-1.69693020e-04
5745,1.59562500e-04,-1.17375526e-07,-7.35608468e-04
5746,1.59525000e-04,-1.34442751e-07,-8.42769163e-04
5747,1.59487500e-04,-1.14387941e-08,-7.17221985e-05
5748,1.59450000e-04,2.67588211e-07,1.67819511e-03
5749,1.59412500e-04,1.94056629e-07,1.21732379e-03
5750,1.59375000e-04,2.44189070e-07,1.53216671e-03
5751,1.59337500e-04,1.62697892e-07,1.02108978e-03
5752,1.59300000e-04,2.79005211e-07,1.75144514e-03
5753,1.59262500e-04,-5.54941293e-08,-3.48444419e-04
5754,1.59225000e-04,-3.64693453e-09,-2.29042834e-05
5755,1.59187500e-04,-3.16406249e-07,-1.98763250e-03
5756,1.59150000e-04,-2.98376889e-07,-1.87481551e-03
5757,1.59112500e-04,-5.54240629e-07,-3.48332550e-03
5758,1.59075000e-04,-1.12842043e-07,-7.09363778e-04
5759,1.59037500e-04,5.55203234e-08,3.49102089e-04
5760,1.59000000e-04,-7.19636990e-08,-4.52601881e-04
5761,1.58962500e-04,-1.61904679e-07,-1.01850864e-03
5762,1.58925000e-04,4.49790980e-07,2.83020909e-03
5763,1.58887500e-04,8.45699359e-08,5.32262991e-04
5764,1.58850000e-04,1.10298168e-07,6.94354219e-04
5765,1.58812500e-04,3.58988088e-08,2.26045235e-04
5766,1.58775000e-04,-3.42900985e-07,-2.15966610e-03
5767,1.58737500e-04,5.43198233e-08,3.42199060e-04
5768,1.58700000e-04,-9.00392578e-08,-5.67355122e-04
5769,1.58662500e-04,-4.13065298e-07,-2.60342109e-03
5770,1.58625000e-04,-2.82180901e-07,-1.77891821e-03
5771,1.58587500e-04,4.00587117e-07,2.52596905e-03
5772,1.58550000e-04,6.20038012e-08,3.91067810e-04
5773,1.58512500e-04,2.94001190e-07,1.85475083e-03
5774,1.58475000e-04,1.35960217e-07,8.57928489e-04
5775,1.58437500e-04,3.78422538e-09,2.38846572e-05
5776,1.58400000e-04,2.92293317e-07,1.84528609e-03
5777,1.58362500e-04,-2.23599852e-07,-1.41194950e-03
5778,1.58325000e-04,-1.21339589e-07,-7.66395633e-04
5779,1.58287500e-04,3.01275156e-08,1.90334143e-04
5780,1.58250000e-04,-7.54894566e-08,-4.77026582e-04
5781,1.58212500e-04,2.30208726e-07,1.45506029e-03
5782,1.58175000e-04,-4.47056978e-07,-2.82634410e-03
5783,1.58137500e-04,-8.25188096e-09,-5.21816834e-05
5784,1.58100000e-04,1.81197785e-07,1.14609605e-03
5785,1.58062500e-04,8.63761365e-08,5.46468242e-04
5786,1.58025000e-04,-3.53318490e-07,-2.23583920e-03
5787,1.57987500e-04,1.49788308e-07,9.48102274e-04
5788,1.57950000e-04,5.62731270e-07,3.56271776e-03
5789,1.57912500e-04,6.74558942e-08,4.27172606e-04
5790,1.57875000e-04,2.57153133e-07,1.62884011e-03
5791,1.57837500e-04,2.29910302e-07,1.45662661e-03
5792,1.57800000e-04,-5.84195300e-07,-3.70212484e-03
5793,1.57762500e-04,-2.77728787e-08,-1.76042334e-04
5794,1.57725000e-04,-6.51844792e-07,-4.13279310e-03
5795,1.57687500e-04,6.32313291e-09,4.00991385e-05
5796,1.57650000e-04,1.24035608e-08,7.86778360e-05
5797,1.57612500e-04,-1.24270194e-07,-7.88453924e-04
5798,1.57575000e-04,7.41173833e-08,4.70362579e-04
5799,1.57537500e-04,1.28026004e-07,8.12670022e-04
5800,1.57500000e-04,-1.49435172e-07,-9.48794744e-04
5801,1.57462500e-04,2.25175154e-07,1.43002400e-03
5802,1.57425000e-04,5.32326707e-07,3.38146233e-03
5803,1.57387500e-04,-2.20894837e-07,-1.40350941e-03
5804,1.57350000e-04,-4.64603440e-08,-2.95267518e-04
5805,1.57312500e-04,8.54560138e-08,5.43224561e-04
5806,1.57275000e-04,1.87284521e-07,1.19080923e-03
5807,1.57237500e-04,-5.09139724e-07,-3.23802989e-03
5808,1.57200000e-04,-5.65432914e-08,-3.59690149e-04
5809,1.57162500e-04,-2.19284437e-07,-1.39527201e-03
5810,1.57125000e-04,2.85653527e-08,1.81800177e-04
5811,1.57087500e-04,-4.91942878e-08,-3.13164878e-04
5812,1.57050000e-04,7.00941065e-08,4.46317138e-04
5813,1.57012500e-04,4.87000458e-08,3.10166680e-04
5814,1.56975000e-04,-3.04637991e-07,-1.94067840e-03
5815,1.56937500e-04,-3.00996765e-07,-1.91794036e-03
5816,1.56900000e-04,1.67046307e-07,1.06466735e-03
5817,1.56862500e-04,-4.13060584e-08,-2.63326533e-04
5818,1.56825000e-04,-1.77224171e-07,-1.13007602e-03
5819,1.56787500e-04,1.36569485e-07,8.71048295e-04
5820,1.56750000e-04,-6.38054036e-08,-4.07052017e-04
5821,1.56712500e-04,-1.54231050e-07,-9.84165591e-04
5822,1.56675000e-04,4.14374822e-08,2.64480499e-04
5823,1.56637500e-04,2.00578881e-07,1.28052912e-03
5824,1.56600000e-04,1.29241641e-07,8.25297838e-04
5825,1.56562500e-04,-5.26159096e-07,-3.36069682e-03
5826,1.56525000e-04,-2.87571567e-07,-1.83722452e-03
5827,1.56487500e-04,-5.12320302e-08,-3.27387364e-04
5828,1.56450000e-04,8.15874735e-07,5.21492320e-03
5829,1.56412500e-04,2.86306866e-07,1.83046027e-03
5830,1.56375000e-04,3.00445540e-07,1.92131441e-03
5831,1.56337500e-04,3.07511984e-07,1.96697519e-03
5832,1.56300000e-04,-1.35222606e-07,-8.65147831e-04
5833,1.56262500e-04,4.93446772e-08,3.15780672e-04
5834,1.56225000e-04,-1.27198738e-08,-8.14202197e-05
5835,1.56187500e-04,-4.87554033e-08,-3.12159445e-04
5836,1.56150000e-04,9.36479179e-08,5.99730502e-04
5837,1.56112500e-04,1.41527753e-07,9.06575405e-04
5838,1.56075000e-04,1.88765609e-07,1.20945449e-03
5839,1.56037500e-04,-2.67103708e-08,-1.71179177e-04
5840,1.56000000e-04,-1.79577801e-07,-1.15113975e-03
5841,1.55962500e-04,6.64865326e-08,4.26298197e-04
5842,1.55925000e-04,2.44696012e-07,1.56931866e-03
5843,1.55887500e-04,2.84583958e-07,1.82557266e-03
5844,1.55850000e-04,-1.48078398e-07,-9.50134090e-04
5845,1.55812500e-04,4.22384089e-07,2.71084855e-03
5846,1.55775000e-04,-3.34306401e-07,-2.14608507e-03
5847,1.55737500e-04,2.07987084e-07,1.33549777e-03
5848,1.55700000e-04,-7.13510131e-08,-4.58259557e-04
5849,1.55662500e-04,3.01986290e-07,1.94000668e-03
5850,1.55625000e-04,1.93482165e-07,1.24325889e-03
5851,1.55587500e-04,5.16263357e-08,3.31815446e-04
5852,1.55550000e-04,1.63922014e-07,1.05382201e-03
5853,1.55512500e-04,1.53733663e-07,9.88561451e-04
5854,1.55475000e-04,3.06354051e-07,1.97043930e-03
5855,1.55437500e-04,3.12843786e-07,2.01266610e-03
5856,1.55400000e-04,-2.07426250e-07,-1.33478925e-03
5857,1.55362500e-04,-4.39857344e-07,-2.83116804e-03
5858,1.55325000e-04,-2.42475400e-07,-1.56108418e-03
5859,1.55287500e-04,5.60490858e-08,3.60937524e-04
5860,1.55250000e-04,-1.68081497e-07,-1.08265055e-03
5861,1.55212500e-04,-5.89575500e-08,-3.79850527e-04
5862,1.55175000e-04,-1.47571538e-07,-9.51000729e-04
5863,1.55137500e-04,-7.72253095e-08,-4.97786219e-04
5864,1.55100000e-04,-2.04801691e-08,-1.32044933e-04
5865,1.55062500e-04,7.01444884e-08,4.52362682e-04
5866,1.55025000e-04,1.00135706e-07,6.45932630e-04
5867,1.54987500e-04,1.05944133e-07,6.83565665e-04
5868,1.54950000e-04,-1.17700345e-07,-7.59602100e-04
5869,1.54912500e-04,-1.32669239e-07,-8.56414036e-04
5870,1.54875000e-04,-4.94616950e-07,-3.19365262e-03
5871,1.54837500e-04,-2.09196652e-07,-1.35107227e-03
5872,1.54800000e-04,-1.98723196e-07,-1.28374157e-03
5873,1.54762500e-04,-1.34476085e-07,-8.68919056e-04
5874,1.54725000e-04,-7.86774850e-08,-5.08498853e-04
5875,1.54687500e-04,2.08213382e-07,1.34602590e-03
5876,1.54650000e-04,2.67708087e-07,1.73105779e-03
5877,1.54612500e-04,2.14242222e-07,1.38567207e-03
5878,1.54575000e-04,-2.93809931e-07,-1.90075970e-03
5879,1.54537500e-04,-2.06600064e-07,-1.33689276e-03
5880,1.54500000e-04,2.37953960e-07,1.54015508e-03
5881,1.54462500e-04,-4.66686974e-08,-3.02136100e-04
5882,1.54425000e-04,2.37916638e-07,1.54066141e-03
5883,1.54387500e-04,4.94641031e-07,3.20389300e-03
5884,1.54350000e-04,2.08689139e-08,1.35205144e-04
5885,1.54312500e-04,-2.38481859e-07,-1.54544745e-03
5886,1.54275000e-04,-3.56216077e-07,-2.30896825e-03
5887,1.54237500e-04,-3.10194713e-07,-2.01114977e-03
5888,1.54200000e-04,-1.35388623e-07,-8.78006631e-04
5889,1.54162500e-04,-5.70340766e-08,-3.69960766e-04
5890,1.54125000e-04,-2.24104926e-08,-1.45404656e-04
5891,1.54087500e-04,-9.58162873e-08,-6.21830371e-04
5892,1.54050000e-04,-8.18909571e-08,-5.31586869e-04
5893,1.54012500e-04,-2.58826856e-07,-1.68055746e-03
5894,1.53975000e-04,2.45167014e-07,1.59225208e-03
5895,1.53937500e-04,2.51801922e-07,1.63574127e-03
5896,1.53900000e-04,1.55029535e-07,1.00733941e-03
5897,1.53862500e-04,-1.18716986e-07,-7.71578432e-04
5898,1.53825000e-04,-2.22155827e-07,-1.44421146e-03
5899,1.53787500e-04,-1.33345053e-07,-8.67073415e-04
5900,1.53750000e-04,8.63862044e-08,5.61861492e-04
5901,1.53712500e-04,2.38227028e-07,1.54982209e-03
5902,1.53675000e-04,9.17391141e-08,5.96968369e-04
5903,1.53637500e-04,-2.16883844e-07,-1.41165955e-03
5904,1.53600000e-04,4.01539151e-07,2.61418718e-03
5905,1.53562500e-04,3.11729455e-07,2.02998424e-03
5906,1.53525000e-04,1.80009943e-07,1.17251225e-03
5907,1.53487500e-04,9.65727895e-08,6.29189931e-04
5908,1.53450000e-04,4.19718473e-07,2.73521325e-03
5909,1.53412500e-04,-1.82402720e-07,-1.18896909e-03
5910,1.53375000e-04,-3.12645274e-07,-2.03843700e-03
5911,1.53337500e-04,1.83460296e-08,1.19644768e-04
5912,1.53300000e-04,2.00222573e-07,1.30608332e-03
5913,1.53262500e-04,-2.08683793e-07,-1.36161026e-03
5914,1.53225000e-04,1.17606191e-07,7.67539184e-04
5915,1.53187500e-04,-3.18541473e-08,-2.07942210e-04
5916,1.53150000e-04,1.14368467e-07,7.46774187e-04
5917,1.53112500e-04,-6.45104241e-08,-4.21326960e-04
5918,1.53075000e-04,-8.15982943e-08,-5.33060881e-04
5919,1.53037500e-04,5.79126764e-08,3.78421475e-04
5920,1.53000000e-04,-3.58805198e-07,-2.34513201e-03
5921,1.52962500e-04,-1.90394577e-07,-1.24471407e-03
5922,1.52925000e-04,-2.20250459e-07,-1.44025149e-03
5923,1.52887500e-04,4.02280195e-07,2.63121704e-03
5924,1.52850000e-04,-1.09434650e-07,-7.15961072e-04
5925,1.52812500e-04,2.40767930e-07,1.57557745e-03
5926,1.52775000e-04,3.50579937e-07,2.29474676e-03
5927,1.52737500e-04,3.59871422e-09,2.35614320e-05
5928,1.52700000e-04,-2.31563733e-07,-1.51646190e-03
5929,1.52662500e-04,1.90801432e-08,1.24982515e-04
5930,1.52625000e-04,5.75535424e-08,3.77091187e-04
5931,1.52587500e-04,5.86235869e-08,3.84196522e-04
5932,1.52550000e-04,-1.18125247e-07,-7.74337902e-04
5933,1.52512500e-04,4.32677049e-07,2.83699401e-03
5934,1.52475000e-04,2.32512837e-07,1.52492433e-03
5935,1.52437500e-04,-4.75035020e-08,-3.11626090e-04
5936,1.52400000e-04,-2.61008166e-08,-1.71265201e-04
5937,1.52362500e-04,-1.34072936e-07,-8.79960199e-04
5938,1.52325000e-04,-1.07477815e-07,-7.05582243e-04
5939,1.52287500e-04,-9.32011845e-09,-6.12008107e-05
5940,1.52250000e-04,4.13620005e-09,2.71671596e-05
5941,1.52212500e-04,-7.25010785e-08,-4.76314879e-04
5942,1.52175000e-04,-2.29791315e-07,-1.51004643e-03
5943,1.52137500e-04,1.30352308e-07,8.56805903e-04
5944,1.52100000e-04,1.14321050e-07,7.51617683e-04
5945,1.52062500e-04,1.85534214e-07,1.22011814e-03
5946,1.52025000e-04,6.35253448e-08,4.17861173e-04
5947,1.51987500e-04,-1.81540996e-07,-1.19444689e-03
5948,1.51950000e-04,1.43761768e-07,9.46112325e-04
5949,1.51912500e-04,2.35171942e-07,1.54807499e-03
5950,1.51875000e-04,7.97432520e-08,5.25058449e-04
5951,1.51837500e-04,7.92986219e-08,5.22259797e-04
5952,1.51800000e-04,2.65633283e-07,1.74988987e-03
5953,1.51762500e-04,4.80451723e-09,3.16581318e-05
5954,1.51725000e-04,8.49065587e-08,5.59608230e-04
5955,1.51687500e-04,6.95672036e-08,4.58621861e-04
5956,1.51650000e-04,-1.67098621e-07,-1.10187024e-03
5957,1.51612500e-04,2.29121903e-07,1.51123359e-03
5958,1.51575000e-04,8.64669398e-08,5.70456473e-04
5959,1.51537500e-04,3.14394129e-08,2.07469523e-04
5960,1.51500000e-04,-2.10323882e-07,-1.38827645e-03
5961,1.51462500e-04,-2.48754173e-09,-1.64234826e-05
5962,1.51425000e-04,-4.19594309e-07,-2.77097116e-03
5963,1.51387500e-04,3.24360395e-07,2.14258373e-03
5964,1.51350000e-04,2.08906939e-07,1.38029031e-03
5965,1.51312500e-04,3.37525887e-07,2.23065436e-03
5966,1.51275000e-04,3.11791906e-07,2.06109341e-03
5967,1.51237500e-04,3.19388222e-07,2.11183220e-03
5968,1.51200000e-04,-1.62029645e-07,-1.07162464e-03
5969,1.51162500e-04,1.36217053e-07,9.01129928e-04
5970,1.51125000e-04,-2.77836630e-07,-1.83845578e-03
5971,1.51087500e-04,-1.05304707e-08,-6.96978289e-05
5972,1.51050000e-04,2.64171069e-07,1.74889817e-03
5973,1.51012500e-04,-3.02902072e-08,-2.00580795e-04
5974,1.50975000e-04,1.40550330e-07,9.30951022e-04
5975,1.50937500e-04,-3.60285686e-08,-2.38698591e-04
5976,1.50900000e-04,-3.67634146e-07,-2.43627665e-03
5977,1.50862500e-04,-3.96548597e-07,-2.62854319e-03
5978,1.50825000e-04,-1.44381056e-07,-9.57275356e-04
5979,1.50787500e-04,7.33239869e-09,4.86273643e-05
5980,1.50750000e-04,-3.33765966e-07,-2.21403626e-03
5981,1.50712500e-04,3.48233971e-07,2.31058453e-03
5982,1.50675000e-04,3.10595067e-07,2.06135767e-03
5983,1.50637500e-04,1.08362980e-07,7.19362575e-04
5984,1.50600000e-04,2.84224119e-07,1.88727835e-03
5985,1.50562500e-04,4.11795238e-08,2.73504517e-04
5986,1.50525000e-04,4.56091982e-07,3.03000818e-03
5987,1.50487500e-04,-5.48520209e-08,-3.64495529e-04
5988,1.50450000e-04,-1.78510834e-07,-1.18651269e-03
5989,1.50412500e-04,-2.25214460e-07,-1.49731212e-03
5990,1.50375000e-04,-2.08356947e-07,-1.38558236e-03
5991,1.50337500e-04,1.46573800e-07,9.74964994e-04
5992,1.50300000e-04,3.78257084e-07,2.51668053e-03
5993,1.50262500e-04,9.80305961e-08,6.52395615e-04
5994,1.50225000e-04,2.12978889e-07,1.41773266e-03
5995,1.50187500e-04,-1.95584812e-07,-1.30227091e-03
5996,1.50150000e-04,-4.71397589e-07,-3.13951108e-03
5997,1.50112500e-04,-1.50759343e-07,-1.00430905e-03
5998,1.50075000e-04,-4.68274575e-08,-3.12027036e-04
5999,1.50037500e-04,-4.51906850e-08,-3.01195934e-04
6000,1.50000000e-04,3.52831275e-08,2.35220850e-04
6001,1.49962500e-04,-1.45446271e-07,-9.69884278e-04
6002,1.49925000e-04,-3.36714517e-07,-2.24588639e-03
6003,1.49887500e-04,-2.03542305e-07,-1.35796717e-03
6004,1.49850000e-04,-2.88439962e-07,-1.92485794e-03
6005,1.49812500e-04,-7.66919506e-08,-5.11919570e-04
6006,1.49775000e-04,1.14722663e-07,7.65966706e-04
6007,1.49737500e-04,-5.40102041e-07,-3.60699251e-03
6008,1.49700000e-04,-2.23522438e-07,-1.49313586e-03
6009,1.49662500e-04,-1.07022979e-07,-7.15095494e-04
6010,1.49625000e-04,1.50663991e-07,1.00694397e-03
6011,1.49587500e-04,7.37246095e-08,4.92852742e-04
6012,1.49550000e-04,1.49641739e-08,1.00061343e-04
6013,1.49512500e-04,7.62461383e-08,5.09964975e-04
6014,1.49475000e-04,-2.29984622e-07,-1.53861597e-03
6015,1.49437500e-04,3.45438775e-08,2.31159365e-04
6016,1.49400000e-04,1.32054132e-08,8.83896466e-05
6017,1.49362500e-04,1.59184369e-07,1.06575860e-03
6018,1.49325000e-04,2.71799191e-07,1.82018544e-03
6019,1.49287500e-04,3.66081479e-07,2.45219110e-03
6020,1.49250000e-04,2.41936422e-07,1.62101455e-03
6021,1.49212500e-04,-4.50873992e-07,-3.02169049e-03
6022,1.49175000e-04,3.00091899e-07,2.01167688e-03
6023,1.49137500e-04,8.65085337e-09,5.80058896e-05
6024,1.49100000e-04,7.05247567e-08,4.73003063e-04
6025,1.49062500e-04,7.95809219e-09,5.33876205e-05
6026,1.49025000e-04,-1.63241267e-07,-1.09539518e-03
6027,1.48987500e-04,-3.12593549e-07,-2.09811930e-03
6028,1.48950000e-04,-4.84342685e-07,-3.25171322e-03
6029,1.48912500e-04,7.85891636e-08,5.27753974e-04
6030,1.48875000e-04,2.32821553e-07,1.56387273e-03
6031,1.48837500e-04,1.54789523e-07,1.03999007e-03
6032,1.48800000e-04,2.19669725e-07,1.47627503e-03
6033,1.48762500e-04,-1.13101222e-07,-7.60280459e-04
6034,1.48725000e-04,-1.04694344e-07,-7.03945832e-04
6035,1.48687500e-04,-1.93800656e-08,-1.30340920e-04
6036,1.48650000e-04,-1.35975430e-07,-9.14735486e-04
6037,1.48612500e-04,-3.74642410e-07,-2.52093471e-03
6038,1.48575000e-04,2.24913203e-07,1.51380248e-03
6039,1.48537500e-04,8.09638965e-08,5.45073779e-04
6040,1.48500000e-04,2.38821132e-08,1.60822311e-04
6041,1.48462500e-04,3.90367076e-07,2.62939851e-03
6042,1.48425000e-04,1.56034005e-07,1.05126498e-03
6043,1.48387500e-04,-1.53035530e-07,-1.03132360e-03
6044,1.48350000e-04,-1.53434249e-07,-1.03427198e-03
6045,1.48312500e-04,3.65308309e-07,2.46309859e-03
6046,1.48275000e-04,1.07406958e-08,7.24376717e-05
6047,1.48237500e-04,1.52998549e-07,1.03211771e-03
6048,1.48200000e-04,-1.29592829e-07,-8.74445539e-04
6049,1.48162500e-04,-3.92737209e-08,-2.65071938e-04
6050,1.48125000e-04,6.37023931e-08,4.30058350e-04
6051,1.48087500e-04,8.26822766e-09,5.58333935e-05
6052,1.48050000e-04,-2.14179517e-07,-1.44667016e-03
6053,1.48012500e-04,3.60830223e-08,2.43783615e-04
6054,1.47975000e-04,2.07012558e-07,1.39896981e-03
6055,1.47937500e-04,-4.70788346e-08,-3.18234623e-04
6056,1.47900000e-04,2.64817472e-07,1.79051705e-03
6057,1.47862500e-04,2.23822792e-07,1.51372249e-03
6058,1.47825000e-04,-3.55515033e-08,-2.40497232e-04
6059,1.47787500e-04,-2.75476860e-07,-1.86400649e-03
6060,1.47750000e-04,6.02004270e-07,4.07447899e-03
6061,1.47712500e-04,-6.00488730e-08,-4.06525331e-04
6062,1.47675000e-04,-1.09052313e-07,-7.38461577e-04
6063,1.47637500e-04,-3.66521686e-08,-2.48257852e-04
6064,1.47600000e-04,4.13166434e-08,2.79923059e-04
6065,1.47562500e-04,-9.79785391e-08,-6.63979934e-04
6066,1.47525000e-04,-2.68303531e-08,-1.81869873e-04
6067,1.47487500e-04,-9.38154647e-08,-6.36090955e-04
6068,1.47450000e-04,2.59029518e-08,1.75672783e-04
6069,1.47412500e-04,1.62491485e-07,1.10229109e-03
6070,1.47375000e-04,2.03345356e-07,1.37978189e-03
6071,1.47337500e-04,-1.33815553e-07,-9.08224674e-04
6072,1.47300000e-04,-3.70037522e-07,-2.51213525e-03
6073,1.47262500e-04,-8.83042386e-08,-5.99638323e-04
6074,1.47225000e-04,3.03190895e-07,2.05937100e-03
6075,1.47187500e-04,-3.71217824e-07,-2.52207439e-03
6076,1.47150000e-04,1.47947698e-07,1.00542098e-03
6077,1.47112500e-04,-1.34580523e-07,-9.14813650e-04
6078,1.47075000e-04,-2.90824378e-08,-1.97738826e-04
6079,1.47037500e-04,4.11183348e-07,2.79645226e-03
6080,1.47000000e-04,-3.29751433e-08,-2.24320703e-04
6081,1.46962500e-04,4.60881999e-08,3.13605171e-04
6082,1.46925000e-04,-1.45996644e-07,-9.93681430e-04
6083,1.46887500e-04,1.02299285e-07,6.96446501e-04
6084,1.46850000e-04,-1.24644545e-07,-8.48788188e-04
6085,1.46812500e-04,-1.09475487e-07,-7.45682330e-04
6086,1.46775000e-04,7.22009941e-08,4.91916158e-04
6087,1.46737500e-04,2.50671260e-07,1.70829720e-03
6088,1.46700000e-04,-2.25392385e-08,-1.53641707e-04
6089,1.46662500e-04,-1.31212529e-07,-8.94656295e-04
6090,1.46625000e-04,-1.87427889e-07,-1.27828057e-03
6091,1.46587500e-04,1.95943536e-07,1.33670017e-03
6092,1.46550000e-04,-2.22459328e-07,-1.51797563e-03
6093,1.46512500e-04,-3.31555673e-07,-2.26298557e-03
6094,1.46475000e-04,6.42734866e-07,4.38801752e-03
6095,1.46437500e-04,3.25616185e-07,2.22358470e-03
6096,1.46400000e-04,1.91699736e-07,1.30942443e-03
6097,1.46362500e-04,-1.21560278e-07,-8.30542511e-04
6098,1.46325000e-04,3.14846815e-07,2.15169530e-03
6099,1.46287500e-04,2.21951478e-07,1.51722791e-03
6100,1.46250000e-04,-1.29367798e-07,-8.84566142e-04
6101,1.46212500e-04,-2.87937790e-07,-1.96931036e-03
6102,1.46175000e-04,2.07264292e-07,1.41791888e-03
6103,1.46137500e-04,-5.18632076e-07,-3.54893218e-03
6104,1.46100000e-04,-2.81997531e-07,-1.93016791e-03
6105,1.46062500e-04,-2.72598520e-07,-1.86631421e-03
6106,1.46025000e-04,-5.19964680e-07,-3.56079219e-03
6107,1.45987500e-04,-8.23353750e-08,-5.63989211e-04
6108,1.45950000e-04,1.97216210e-07,1.35125872e-03
6109,1.45912500e-04,-3.43593229e-08,-2.35478954e-04
6110,1.45875000e-04,-3.30757900e-07,-2.26740634e-03
6111,1.45837500e-04,-6.54988828e-08,-4.49122364e-04
6112,1.45800000e-04,-2.21069223e-07,-1.51624982e-03
6113,1.45762500e-04,-2.55269500e-07,-1.75127004e-03
6114,1.45725000e-04,2.30368723e-07,1.58084559e-03
6115,1.45687500e-04,3.87726477e-07,2.66135720e-03
6116,1.45650000e-04,-1.12823798e-07,-7.74622714e-04
6117,1.45612500e-04,-3.52883402e-08,-2.42344169e-04
6118,1.45575000e-04,-1.03495390e-07,-7.10942058e-04
6119,1.45537500e-04,-1.66882677e-07,-1.14666445e-03
6120,1.45500000e-04,6.11388518e-09,4.20198294e-05
6121,1.45462500e-04,-1.58977270e-07,-1.09290896e-03
6122,1.45425000e-04,1.96361792e-07,1.35026159e-03
6123,1.45387500e-04,-7.37348946e-08,-5.07161170e-04
6124,1.45350000e-04,-1.77277510e-07,-1.21965951e-03
6125,1.45312500e-04,-2.07507230e-07,-1.42800674e-03
6126,1.45275000e-04,-4.93232033e-09,-3.39516113e-05
6127,1.45237500e-04,-2.51065142e-07,-1.72865232e-03
6128,1.45200000e-04,4.53072717e-08,3.12033552e-04
6129,1.45162500e-04,2.86032720e-07,1.97043120e-03
6130,1.45125000e-04,6.85100585e-08,4.72076200e-04
6131,1.45087500e-04,-1.53874580e-07,-1.06056400e-03
6132,1.45050000e-04,-2.25566344e-07,-1.55509372e-03
6133,1.45012500e-04,-1.66300986e-07,-1.14680449e-03
6134,1.44975000e-04,-2.12973117e-08,-1.46903340e-04
6135,1.44937500e-04,2.24891714e-07,1.55164615e-03
6136,1.44900000e-04,2.13715540e-07,1.47491746e-03
6137,1.44862500e-04,2.37471056e-07,1.63928591e-03
6138,1.44825000e-04,-2.58945221e-08,-1.78798702e-04
6139,1.44787500e-04,4.87412256e-08,3.36639735e-04
6140,1.44750000e-04,1.99646925e-07,1.37925337e-03
6141,1.44712500e-04,-5.82411892e-08,-4.02461358e-04
6142,1.44675000e-04,-4.56159119e-08,-3.15299201e-04
6143,1.44637500e-04,-1.69142175e-07,-1.16942131e-03
6144,1.44600000e-04,6.40787512e-09,4.43144891e-05
6145,1.44562500e-04,-2.06476983e-08,-1.42828869e-04
6146,1.44525000e-04,1.44275651e-07,9.98274698e-04
6147,1.44487500e-04,-1.81750565e-07,-1.25789819e-03
6148,1.44450000e-04,-1.66600675e-08,-1.15334493e-04
6149,1.44412500e-04,-8.45842503e-08,-5.85712804e-04
6150,1.44375000e-04,-1.00480338e-07,-6.95967711e-04
6151,1.44337500e-04,-4.08499832e-07,-2.83017117e-03
6152,1.44300000e-04,-5.38798455e-08,-3.73387703e-04
6153,1.44262500e-04,1.36899808e-07,9.48963230e-04
6154,1.44225000e-04,1.98248821e-07,1.37458014e-03
6155,1.44187500e-04,9.79155645e-08,6.79084973e-04
6156,1.44150000e-04,1.57750544e-07,1.09434994e-03
6157,1.44112500e-04,4.97726731e-08,3.45373740e-04
6158,1.44075000e-04,-5.13186873e-08,-3.56194255e-04
6159,1.44037500e-04,-1.00564199e-07,-6.98180673e-04
6160,1.44000000e-04,-2.32557644e-07,-1.61498364e-03
6161,1.43962500e-04,-1.55835625e-07,-1.08247374e-03
6162,1.43925000e-04,3.28107881e-07,2.27971430e-03
6163,1.43887500e-04,1.28698341e-07,8.94437257e-04
6164,1.43850000e-04,-1.67042569e-07,-1.16122745e-03
6165,1.43812500e-04,4.00262777e-07,2.78322661e-03
6166,1.43775000e-04,2.79458893e-07,1.94372382e-03
6167,1.43737500e-04,-2.52415143e-07,-1.75608413e-03
6168,1.43700000e-04,-3.36951571e-07,-2.34482652e-03
6169,1.43662500e-04,4.50680158e-07,3.13707584e-03
6170,1.43625000e-04,1.39443158e-07,9.70883608e-04
6171,1.43587500e-04,2.58179025e-08,1.79806059e-04
6172,1.43550000e-04,3.31201099e-07,2.30721768e-03
6173,1.43512500e-04,-1.13118277e-07,-7.88212015e-04
6174,1.43475000e-04,-3.33539524e-07,-2.32472224e-03
6175,1.43437500e-04,-4.51803404e-08,-3.14982765e-04
6176,1.43400000e-04,-8.08912484e-08,-5.64095177e-04
6177,1.43362500e-04,-1.15766900e-07,-8.07511729e-04
6178,1.43325000e-04,-1.18381469e-08,-8.25965247e-05
6179,1.43287500e-04,2.87611115e-07,2.00723102e-03
6180,1.43250000e-04,1.24519523e-07,8.69246231e-04
6181,1.43212500e-04,1.39813419e-08,9.76265470e-05
6182,1.43175000e-04,-3.28420101e-07,-2.29383692e-03
6183,1.43137500e-04,-7.30721481e-08,-5.10503174e-04
6184,1.43100000e-04,6.21841085e-08,4.34550025e-04
6185,1.43062500e-04,2.96303429e-07,2.07114673e-03
6186,1.43025000e-04,1.08791087e-07,7.60643851e-04
6187,1.42987500e-04,-3.80676296e-07,-2.66230472e-03
6188,1.42950000e-04,6.39835354e-08,4.47593812e-04
6189,1.42912500e-04,3.72171692e-07,2.60419272e-03
6190,1.42875000e-04,-1.22061165e-07,-8.54321366e-04
6191,1.42837500e-04,1.45744476e-07,1.02035163e-03
6192,1.42800000e-04,-1.40749543e-07,-9.85641058e-04
6193,1.42762500e-04,6.50381469e-08,4.55568842e-04
6194,1.42725000e-04,-9.05320030e-08,-6.34310758e-04
6195,1.42687500e-04,-1.51299735e-07,-1.06035732e-03
6196,1.42650000e-04,7.00290581e-09,4.90915234e-05
6197,1.42612500e-04,-2.26256949e-07,-1.58651555e-03
6198,1.42575000e-04,-8.71887509e-08,-6.11529026e-04
6199,1.42537500e-04,-2.74057343e-08,-1.92270345e-04
6200,1.42500000e-04,-2.38762943e-08,-1.67552942e-04
6201,1.42462500e-04,3.01994088e-08,2.11981460e-04
6202,1.42425000e-04,3.78041055e-07,2.65431669e-03
6203,1.42387500e-04,-2.78187013e-07,-1.95373198e-03
6204,1.42350000e-04,3.07835443e-07,2.16252507e-03
6205,1.42312500e-04,4.29861189e-07,3.02054415e-03
6206,1.42275000e-04,-2.32465913e-07,-1.63391961e-03
6207,1.42237500e-04,3.73204000e-07,2.62380877e-03
6208,1.42200000e-04,-1.22764277e-07,-8.63321216e-04
6209,1.42162500e-04,-1.97237539e-07,-1.38740905e-03
6210,1.42125000e-04,-7.07059598e-08,-4.97491362e-04
6211,1.42087500e-04,-2.10616614e-08,-1.48230220e-04
6212,1.42050000e-04,-3.22987148e-08,-2.27375676e-04
6213,1.42012500e-04,2.43344444e-07,1.71354243e-03
6214,1.41975000e-04,-4.26050386e-08,-3.00088316e-04
6215,1.41937500e-04,1.86549055e-07,1.31430422e-03
6216,1.41900000e-04,-2.07213068e-07,-1.46027532e-03
6217,1.41862500e-04,1.20039834e-07,8.46170299e-04
6218,1.41825000e-04,2.76021533e-07,1.94621211e-03
6219,1.41787500e-04,-2.76146337e-08,-1.94760707e-04
6220,1.41750000e-04,1.57440863e-07,1.11069392e-03
6221,1.41712500e-04,-1.54322335e-07,-1.08898181e-03
6222,1.41675000e-04,-2.21623071e-08,-1.56430613e-04
6223,1.41637500e-04,3.07862521e-07,2.17359471e-03
6224,1.41600000e-04,-2.57684134e-07,-1.81980321e-03
6225,1.41562500e-04,2.10280587e-07,1.48542578e-03
6226,1.41525000e-04,-4.09130951e-08,-2.89087406e-04
6227,1.41487500e-04,2.49412689e-07,1.76278957e-03
6228,1.41450000e-04,-1.17988286e-07,-8.34134227e-04
6229,1.41412500e-04,6.15598366e-08,4.35321040e-04
6230,1.41375000e-04,4.04705300e-08,2.86263696e-04
6231,1.41337500e-04,1.69864826e-07,1.20183834e-03
6232,1.41300000e-04,-3.14168396e-07,-2.22341398e-03
6233,1.41262500e-04,1.75852392e-07,1.24486252e-03
6234,1.41225000e-04,-2.41319271e-07,-1.70875745e-03
6235,1.41187500e-04,6.05911534e-08,4.29153809e-04
6236,1.41150000e-04,-1.60187300e-07,-1.13487283e-03
6237,1.41112500e-04,1.89347586e-08,1.34182008e-04
6238,1.41075000e-04,-5.26389163e-08,-3.73127176e-04
6239,1.41037500e-04,-4.73306283e-09,-3.35588963e-05
6240,1.41000000e-04,-2.68275445e-07,-1.90266273e-03
6241,1.40962500e-04,6.78630482e-08,4.81426253e-04
6242,1.40925000e-04,1.44546003e-08,1.02569454e-04
6243,1.40887500e-04,4.63292160e-09,3.28838371e-05
6244,1.40850000e-04,-4.59779849e-07,-3.26432268e-03
6245,1.40812500e-04,-4.79585633e-08,-3.40584560e-04
6246,1.40775000e-04,-1.17264883e-07,-8.32995082e-04
6247,1.40737500e-04,-4.02886344e-07,-2.86267941e-03
6248,1.40700000e-04,-1.86479559e-07,-1.32537000e-03
6249,1.40662500e-04,-7.60267507e-08,-5.40490541e-04
6250,1.40625000e-04,-8.72687140e-08,-6.20577522e-04
6251,1.40587500e-04,-8.73683992e-08,-6.21452115e-04
6252,1.40550000e-04,9.73165912e-08,6.92398372e-04
6253,1.40512500e-04,-3.35172036e-07,-2.38535387e-03
6254,1.40475000e-04,1.75425992e-07,1.24880578e-03
6255,1.40437500e-04,1.23367671e-08,8.78452483e-05
6256,1.40400000e-04,1.94361284e-07,1.38433963e-03
6257,1.40362500e-04,8.36746139e-08,5.96132257e-04
6258,1.40325000e-04,3.41466691e-07,2.43339883e-03
6259,1.40287500e-04,-1.68636201e-07,-1.20207574e-03
6260,1.40250000e-04,-2.50823428e-07,-1.78840234e-03
6261,1.40212500e-04,-1.63095699e-07,-1.16320370e-03
6262,1.40175000e-04,-8.60207772e-09,-6.13667039e-05
6263,1.40137500e-04,-4.09461576e-09,-2.92185586e-05
6264,1.40100000e-04,1.35748825e-07,9.68942360e-04
6265,1.40062500e-04,6.99575788e-08,4.99474012e-04
6266,1.40025000e-04,3.42948865e-07,2.44919739e-03
6267,1.39987500e-04,2.51536890e-07,1.79685250e-03
6268,1.39950000e-04,1.47477157e-07,1.05378461e-03
6269,1.39912500e-04,-1.44411983e-07,-1.03215927e-03
6270,1.39875000e-04,4.39838790e-07,3.14451325e-03
6271,1.39837500e-04,2.11205970e-07,1.51036718e-03
6272,1.39800000e-04,3.00807860e-07,2.15170143e-03
6273,1.39762500e-04,1.83542805e-07,1.31324787e-03
6274,1.39725000e-04,-5.17866106e-08,-3.70632389e-04
6275,1.39687500e-04,4.66756682e-08,3.34143486e-04
6276,1.39650000e-04,3.10522331e-07,2.22357559e-03
6277,1.39612500e-04,-2.28468422e-07,-1.63644675e-03
6278,1.39575000e-04,2.87225170e-08,2.05785542e-04
6279,1.39537500e-04,-1.35333908e-07,-9.69874823e-04
6280,1.39500000e-04,2.28667532e-07,1.63919378e-03
6281,1.39462500e-04,-2.26467671e-08,-1.62386069e-04
6282,1.39425000e-04,-5.90228428e-08,-4.23330413e-04
6283,1.39387500e-04,-1.12578845e-07,-8.07668155e-04
6284,1.39350000e-04,1.05680696e-07,7.58383180e-04
6285,1.39312500e-04,-1.65914525e-07,-1.19095217e-03
6286,1.39275000e-04,2.48638266e-07,1.78523257e-03
6287,1.39237500e-04,-1.06957386e-07,-7.68165085e-04
6288,1.39200000e-04,5.06812957e-08,3.64089768e-04
6289,1.39162500e-04,1.22292323e-07,8.78773544e-04
6290,1.39125000e-04,2.79173845e-07,2.00664040e-03
6291,1.39087500e-04,1.59615197e-07,1.14758837e-03
6292,1.39050000e-04,4.51745397e-08,3.24879825e-04
6293,1.39012500e-04,9.08676405e-08,6.53665250e-04
6294,1.38975000e-04,1.72198801e-07,1.23906315e-03
6295,1.38937500e-04,-1.98975236e-07,-1.43212046e-03
6296,1.38900000e-04,-1.60451131e-07,-1.15515573e-03
6297,1.38862500e-04,-2.32626947e-07,-1.67523231e-03
6298,1.38825000e-04,-2.20288450e-08,-1.58680677e-04
6299,1.38787500e-04,1.00068415e-07,7.21018934e-04
6300,1.38750000e-04,3.56108177e-07,2.56654542e-03
6301,1.38712500e-04,-2.88780680e-07,-2.08186487e-03
6302,1.38675000e-04,3.52539724e-07,2.54220100e-03
6303,1.38637500e-04,-3.59641601e-07,-2.59411487e-03
6304,1.38600000e-04,-1.04871496e-07,-7.56648603e-04
6305,1.38562500e-04,3.28485469e-07,2.37066644e-03
6306,1.38525000e-04,1.17285312e-07,8.46672529e-04
6307,1.38487500e-04,1.15913541e-07,8.36996416e-04
6308,1.38450000e-04,1.12517750e-07,8.12695921e-04
6309,1.38412500e-04,1.64182947e-07,1.18618584e-03
6310,1.38375000e-04,-9.29044841e-09,-6.71396452e-05
6311,1.38337500e-04,4.07932035e-08,2.94881746e-04
6312,1.38300000e-04,2.53278325e-07,1.83136894e-03
6313,1.38262500e-04,-1.89191003e-07,-1.36834646e-03
6314,1.38225000e-04,-1.72344401e-07,-1.24683958e-03
6315,1.38187500e-04,2.10787992e-07,1.52537669e-03
6316,1.38150000e-04,2.86862623e-09,2.07645764e-05
6317,1.38112500e-04,-1.32074607e-07,-9.56282793e-04
6318,1.38075000e-04,-4.92829990e-08,-3.56929198e-04
6319,1.38037500e-04,4.08009561e-07,2.95578782e-03
6320,1.38000000e-04,-9.54964734e-08,-6.92003430e-04
6321,1.37962500e-04,3.92762310e-08,2.84687731e-04
6322,1.37925000e-04,-7.26255394e-08,-5.26558197e-04
6323,1.37887500e-04,-9.64641653e-08,-6.99586005e-04
6324,1.37850000e-04,-2.48158178e-07,-1.80020441e-03
6325,1.37812500e-04,-1.64052726e-07,-1.19040527e-03
6326,1.37775000e-04,-2.71491624e-07,-1.97054345e-03
6327,1.37737500e-04,1.26178366e-07,9.16078526e-04
6328,1.37700000e-04,-3.77311050e-07,-2.74009477e-03
6329,1.37662500e-04,-2.08549575e-07,-1.51493381e-03
6330,1.37625000e-04,3.22073764e-07,2.34022717e-03
6331,1.37587500e-04,3.32793667e-07,2.41877835e-03
6332,1.37550000e-04,-1.90034251e-07,-1.38156490e-03
6333,1.37512500e-04,1.30992756e-07,9.52587992e-04
6334,1.37475000e-04,1.70224528e-07,1.23822170e-03
6335,1.37437500e-04,3.46345690e-08,2.52002321e-04
6336,1.37400000e-04,-1.35092324e-07,-9.83204684e-04
6337,1.37362500e-04,-5.61632412e-08,-4.08868805e-04
6338,1.37325000e-04,-2.93549767e-07,-2.13762801e-03
6339,1.37287500e-04,-8.58181441e-08,-6.25098018e-04
6340,1.37250000e-04,1.92570002e-07,1.40306013e-03
6341,1.37212500e-04,1.95930473e-07,1.42793457e-03
6342,1.37175000e-04,-9.33164863e-08,-6.80273274e-04
6343,1.37137500e-04,-1.59427613e-07,-1.16253843e-03
6344,1.37100000e-04,-3.03331627e-07,-2.21248452e-03
6345,1.37062500e-04,-2.91173947e-07,-2.12438812e-03
6346,1.37025000e-04,-3.58751587e-07,-2.61814696e-03
6347,1.36987500e-04,-2.93013267e-08,-2.13897813e-04
6348,1.36950000e-04,-2.76484013e-07,-2.01886829e-03
6349,1.36912500e-04,4.17026711e-07,3.04593599e-03
6350,1.36875000e-04,-7.25198910e-08,-5.29825688e-04
6351,1.36837500e-04,7.51180966e-08,5.48958411e-04
6352,1.36800000e-04,4.39381268e-07,3.21185138e-03
6353,1.36762500e-04,1.07427107e-07,7.85501192e-04
6354,1.36725000e-04,4.12014072e-08,3.01345088e-04
6355,1.36687500e-04,-2.16963691e-07,-1.58729724e-03
6356,1.36650000e-04,-3.15834128e-08,-2.31126328e-04
6357,1.36612500e-04,-3.25641467e-07,-2.38368719e-03
6358,1.36575000e-04,-8.73108199e-08,-6.39288449e-04
6359,1.36537500e-04,-1.74920752e-07,-1.28111875e-03
6360,1.36500000e-04,7.46284698e-08,5.46728717e-04
6361,1.36462500e-04,2.18509729e-07,1.60124377e-03
6362,1.36425000e-04,-5.09971421e-08,-3.73810827e-04
6363,1.36387500e-04,3.23451675e-07,2.37156393e-03
6364,1.36350000e-04,4.08874516e-07,2.99871299e-03
6365,1.36312500e-04,3.13107544e-07,2.29698336e-03
6366,1.36275000e-04,5.86234239e-08,4.30184729e-04
6367,1.36237500e-04,-2.54923998e-07,-1.87117349e-03
6368,1.36200000e-04,-1.56371508e-07,-1.14810211e-03
6369,1.36162500e-04,-1.81278603e-07,-1.33134015e-03
6370,1.36125000e-04,9.15043841e-09,6.72208515e-05
6371,1.36087500e-04,2.63733426e-07,1.93796951e-03
6372,1.36050000e-04,-1.29205977e-07,-9.49694800e-04
6373,1.36012500e-04,2.52103520e-08,1.85353199e-04
6374,1.35975000e-04,3.60816976e-07,2.65355379e-03
6375,1.35937500e-04,6.08300118e-07,4.47485144e-03
6376,1.35900000e-04,-4.80253080e-07,-3.53387108e-03
6377,1.35862500e-04,-1.03703178e-07,-7.63295083e-04
6378,1.35825000e-04,-3.59613031e-07,-2.64762033e-03
6379,1.35787500e-04,-1.05332898e-07,-7.75718661e-04
6380,1.35750000e-04,-9.62181916e-08,-7.08789625e-04
6381,1.35712500e-04,-3.05737069e-07,-2.25282910e-03
6382,1.35675000e-04,-1.71277770e-09,-1.26241216e-05
6383,1.35637500e-04,-9.08440752e-08,-6.69756337e-04
6384,1.35600000e-04,1.08818107e-07,8.02493418e-04
6385,1.35562500e-04,9.32206956e-08,6.87658428e-04
6386,1.35525000e-04,-1.08677950e-07,-8.01903337e-04
6387,1.35487500e-04,-1.31148802e-07,-9.67977138e-04
6388,1.35450000e-04,1.17061123e-07,8.64238631e-04
6389,1.35412500e-04,9.56526569e-08,7.06379817e-04
6390,1.35375000e-04,-8.72654822e-08,-6.44620367e-04
6391,1.35337500e-04,3.33362452e-07,2.46319351e-03
6392,1.35300000e-04,3.70644613e-07,2.73942804e-03
6393,1.35262500e-04,-4.94599948e-08,-3.65659327e-04
6394,1.35225000e-04,6.56304437e-08,4.85342531e-04
6395,1.35187500e-04,-1.43548608e-07,-1.06184823e-03
6396,1.35150000e-04,-8.12278547e-08,-6.01020012e-04
6397,1.35112500e-04,-3.68417559e-08,-2.72674666e-04
6398,1.35075000e-04,-6.60082466e-08,-4.88678487e-04
6399,1.35037500e-04,-3.04208076e-07,-2.25276739e-03
6400,1.35000000e-04,4.29369436e-07,3.18051434e-03
6401,1.34962500e-04,-4.03911014e-07,-2.99276476e-03
6402,1.34925000e-04,2.47922952e-07,1.83748713e-03
6403,1.34887500e-04,-2.73270508e-07,-2.02591425e-03
6404,1.34850000e-04,-2.11828433e-07,-1.57084488e-03
6405,1.34812500e-04,7.74379707e-08,5.74412393e-04
6406,1.34775000e-04,4.18809374e-08,3.10747078e-04
6407,1.34737500e-04,-1.69100588e-07,-1.25503730e-03
6408,1.34700000e-04,-1.39017460e-07,-1.03205241e-03
6409,1.34662500e-04,-2.19818652e-07,-1.63236723e-03
6410,1.34625000e-04,1.35301271e-07,1.00502337e-03
6411,1.34587500e-04,1.89903882e-07,1.41100683e-03
6412,1.34550000e-04,9.70306302e-08,7.21149240e-04
6413,1.34512500e-04,-4.36521734e-07,-3.24521315e-03
6414,1.34475000e-04,8.12798095e-09,6.04423198e-05
6415,1.34437500e-04,1.46755194e-07,1.09162395e-03
6416,1.34400000e-04,3.37968029e-07,2.51464307e-03
6417,1.34362500e-04,4.75168202e-07,3.53646443e-03
6418,1.34325000e-04,-4.52835853e-08,-3.37119563e-04
6419,1.34287500e-04,-5.82039242e-07,-4.33427715e-03
6420,1.34250000e-04,-2.39886832e-07,-1.78686653e-03
6421,1.34212500e-04,-1.31717089e-07,-9.81407013e-04
6422,1.34175000e-04,2.56586949e-07,1.91233053e-03
6423,1.34137500e-04,-2.03541141e-07,-1.51740670e-03
6424,1.34100000e-04,-1.03272809e-07,-7.70117893e-04
6425,1.34062500e-04,2.07398955e-07,1.54703183e-03
6426,1.34025000e-04,3.59984861e-07,2.68595308e-03
6427,1.33987500e-04,-5.71332817e-08,-4.26407550e-04
6428,1.33950000e-04,-1.22888070e-07,-9.17417469e-04
6429,1.33912500e-04,3.18674194e-08,2.37971955e-04
6430,1.33875000e-04,9.24710779e-08,6.90727006e-04
6431,1.33837500e-04,-2.73035592e-07,-2.04005299e-03
6432,1.33800000e-04,7.29059346e-08,5.44887404e-04
6433,1.33762500e-04,1.48212759e-07,1.10802922e-03
6434,1.33725000e-04,-8.40842151e-09,-6.28784559e-05
6435,1.33687500e-04,2.42023018e-08,1.81036386e-04
6436,1.33650000e-04,1.20177405e-07,8.99194951e-04
6437,1.33612500e-04,2.90711857e-07,2.17578338e-03
6438,1.33575000e-04,2.20064734e-07,1.64749941e-03
6439,1.33537500e-04,2.28867449e-07,1.71388148e-03
6440,1.33500000e-04,-1.27759511e-07,-9.57000079e-04
6441,1.33462500e-04,-1.63305186e-07,-1.22360353e-03
6442,1.33425000e-04,2.31056461e-08,1.73173289e-04
6443,1.33387500e-04,-2.11241519e-07,-1.58366803e-03
6444,1.33350000e-04,-2.84018914e-07,-2.12987562e-03
6445,1.33312500e-04,2.46242191e-08,1.84710504e-04
6446,1.33275000e-04,-1.26213506e-07,-9.47015617e-04
6447,1.33237500e-04,-1.05917781e-07,-7.94954733e-04
6448,1.33200000e-04,6.82196442e-08,5.12159491e-04
6449,1.33162500e-04,-1.17192091e-07,-8.80068268e-04
6450,1.33125000e-04,5.98234141e-08,4.49377759e-04
6451,1.33087500e-04,-1.32384052e-07,-9.94714396e-04
6452,1.33050000e-04,1.43110738e-07,1.07561622e-03
6453,1.33012500e-04,-1.12345654e-07,-8.44624781e-04
6454,1.32975000e-04,9.01381347e-08,6.77857753e-04
6455,1.32937500e-04,5.09719146e-07,3.83427660e-03
6456,1.32900000e-04,9.80845165e-08,7.38032479e-04
6457,1.32862500e-04,1.13830878e-07,8.56757005e-04
6458,1.32825000e-04,-2.04848957e-07,-1.54224699e-03
6459,1.32787500e-04,-3.67563505e-07,-2.76805802e-03
6460,1.32750000e-04,1.69901605e-07,1.27986143e-03
6461,1.32712500e-04,3.84178138e-08,2.89481502e-04
6462,1.32675000e-04,5.32708730e-08,4.01514023e-04
6463,1.32637500e-04,-4.31309481e-08,-3.25179140e-04
6464,1.32600000e-04,1.46613110e-07,1.10567956e-03
6465,1.32562500e-04,-7.43271632e-08,-5.60695243e-04
6466,1.32525000e-04,-1.97878528e-08,-1.49314113e-04
6467,1.32487500e-04,2.61334279e-08,1.97252027e-04
6468,1.32450000e-04,-5.15070391e-08,-3.88879117e-04
6469,1.32412500e-04,-1.48240769e-07,-1.11953757e-03
6470,1.32375000e-04,-2.65880873e-07,-2.00854295e-03
6471,1.32337500e-04,2.93544549e-08,2.21815093e-04
6472,1.32300000e-04,-2.03083361e-07,-1.53502162e-03
6473,1.32262500e-04,-9.14555853e-09,-6.91470260e-05
6474,1.32225000e-04,-1.22939466e-07,-9.29774745e-04
6475,1.32187500e-04,2.13715458e-07,1.61675997e-03
6476,1.32150000e-04,-1.01866831e-07,-7.70842456e-04
6477,1.32112500e-04,5.62442652e-08,4.25730080e-04
6478,1.32075000e-04,-2.36564198e-07,-1.79113533e-03
6479,1.32037500e-04,1.04854758e-07,7.94128621e-04
6480,1.32000000e-04,4.06055150e-07,3.07617538e-03
6481,1.31962500e-04,-5.99749517e-08,-4.54484809e-04
6482,1.31925000e-04,2.36225443e-07,1.79060408e-03
6483,1.31887500e-04,-5.38018878e-08,-4.07937734e-04
6484,1.31850000e-04,-1.44063066e-07,-1.09262849e-03
6485,1.31812500e-04,-3.43293998e-08,-2.60441155e-04
6486,1.31775000e-04,1.10681050e-07,8.39924490e-04
6487,1.31737500e-04,-3.80186412e-07,-2.88593917e-03
6488,1.31700000e-04,1.37454775e-07,1.04369609e-03
6489,1.31662500e-04,-4.86753548e-07,-3.69697938e-03
6490,1.31625000e-04,2.30861312e-08,1.75393210e-04
6491,1.31587500e-04,-1.59318407e-08,-1.21074120e-04
6492,1.31550000e-04,-3.21071232e-07,-2.44067831e-03
6493,1.31512500e-04,1.91855598e-07,1.45883926e-03
6494,1.31475000e-04,-1.15222642e-07,-8.76384424e-04
6495,1.31437500e-04,-1.71507345e-07,-1.30485855e-03
6496,1.31400000e-04,-6.27104466e-08,-4.77248452e-04
6497,1.31362500e-04,8.56840088e-08,6.52271453e-04
6498,1.31325000e-04,1.45541168e-07,1.10825180e-03
6499,1.31287500e-04,4.65727759e-07,3.54738843e-03
6500,1.31250000e-04,1.85690097e-07,1.41478169e-03
6501,1.31212500e-04,1.82587257e-07,1.39153859e-03
6502,1.31175000e-04,2.62785866e-07,2.00332278e-03
6503,1.31137500e-04,3.37399482e-07,2.57286803e-03
6504,1.31100000e-04,-1.10248443e-07,-8.40949219e-04
6505,1.31062500e-04,3.78937293e-07,2.89127167e-03
6506,1.31025000e-04,1.39381786e-07,1.06378009e-03
6507,1.30987500e-04,4.95896928e-08,3.78583398e-04
6508,1.30950000e-04,4.32510969e-08,3.30287109e-04
6509,1.30912500e-04,-1.90322416e-07,-1.45381393e-03
6510,1.30875000e-04,9.86310322e-09,7.53627753e-05
6511,1.30837500e-04,2.05060759e-08,1.56729347e-04
6512,1.30800000e-04,4.89055769e-08,3.73895848e-04
6513,1.30762500e-04,-9.02436215e-08,-6.90133803e-04
6514,1.30725000e-04,-7.63784822e-08,-5.84268366e-04
6515,1.30687500e-04,-2.49926633e-07,-1.91239891e-03
6516,1.30650000e-04,-2.25638225e-07,-1.72704343e-03
6517,1.30612500e-04,5.24711441e-08,4.01731412e-04
6518,1.30575000e-04,-4.71073007e-08,-3.60768146e-04
6519,1.30537500e-04,-2.97262494e-07,-2.27721914e-03
6520,1.30500000e-04,2.95936154e-07,2.26770999e-03
6521,1.30462500e-04,2.57001970e-07,1.96992983e-03
6522,1.30425000e-04,2.91026103e-07,2.23136747e-03
6523,1.30387500e-04,-1.36834076e-07,-1.04944167e-03
6524,1.30350000e-04,-1.03991101e-07,-7.97783664e-04
6525,1.30312500e-04,6.41653475e-08,4.92395952e-04
6526,1.30275000e-04,-2.67224633e-07,-2.05123495e-03
6527,1.30237500e-04,-4.97284222e-07,-3.81828753e-03
6528,1.30200000e-04,1.46179806e-08,1.12273277e-04
6529,1.30162500e-04,-1.72764149e-07,-1.32729587e-03
6530,1.30125000e-04,2.21356885e-07,1.70110959e-03
6531,1.30087500e-04,8.10591554e-08,6.23112562e-04
6532,1.30050000e-04,-2.66189760e-07,-2.04682629e-03
6533,1.30012500e-04,-1.86319281e-07,-1.43308744e-03
6534,1.29975000e-04,-1.04049362e-08,-8.00533660e-05
6535,1.29937500e-04,3.75068007e-07,2.88652627e-03
6536,1.29900000e-04,-3.25107274e-08,-2.50275038e-04
6537,1.29862500e-04,9.71306195e-08,7.47949713e-04
6538,1.29825000e-04,-1.77085296e-07,-1.36403078e-03
6539,1.29787500e-04,2.33494690e-07,1.79905376e-03
6540,1.29750000e-04,2.40527253e-07,1.85377459e-03
6541,1.29712500e-04,1.97308360e-07,1.52112063e-03
6542,1.29675000e-04,3.51852812e-07,2.71334345e-03
6543,1.29637500e-04,-8.84555273e-09,-6.82329784e-05
6544,1.29600000e-04,2.58950229e-07,1.99807276e-03
6545,1.29562500e-04,-1.72232904e-07,-1.32934224e-03
6546,1.29525000e-04,-4.05334476e-07,-3.12939183e-03
6547,1.29487500e-04,1.76189849e-07,1.36067071e-03
6548,1.29450000e-04,1.69911630e-07,1.31256570e-03
6549,1.29412500e-04,1.41018908e-08,1.08968537e-04
6550,1.29375000e-04,6.28082328e-08,4.85474263e-04
6551,1.29337500e-04,-4.01472218e-07,-3.10406663e-03
6552,1.29300000e-04,4.42522081e-08,3.42244456e-04
6553,1.29262500e-04,-9.29028925e-08,-7.18714960e-04
6554,1.29225000e-04,-1.53496654e-07,-1.18782476e-03
6555,1.29187500e-04,-5.64982994e-08,-4.37335651e-04
6556,1.29150000e-04,1.75582200e-07,1.35952149e-03
6557,1.29112500e-04,-1.07347406e-07,-8.31425354e-04
6558,1.29075000e-04,3.11854731e-07,2.41607384e-03
6559,1.29037500e-04,-2.23347700e-07,-1.73087436e-03
6560,1.29000000e-04,5.70751517e-08,4.42443037e-04
6561,1.28962500e-04,-2.96386613e-08,-2.29823874e-04
6562,1.28925000e-04,-4.82875739e-08,-3.74540034e-04
6563,1.28887500e-04,2.81241324e-07,2.18206827e-03
6564,1.28850000e-04,2.77737104e-08,2.15550721e-04
6565,1.28812500e-04,2.78668496e-07,2.16336532e-03
6566,1.28775000e-04,2.81162782e-07,2.18336465e-03
6567,1.28737500e-04,2.51365344e-07,1.95254175e-03
6568,1.28700000e-04,-9.46037650e-08,-7.35071989e-04
6569,1.28662500e-04,-8.52058375e-08,-6.62242981e-04
6570,1.28625000e-04,1.74660394e-07,1.35790394e-03
6571,1.28587500e-04,-1.30369521e-07,-1.01385843e-03
6572,1.28550000e-04,-4.04216443e-08,-3.14442974e-04
6573,1.28512500e-04,-9.41556040e-08,-7.32657165e-04
6574,1.28475000e-04,-1.21122677e-07,-9.42772343e-04
6575,1.28437500e-04,1.09942926e-07,8.56003316e-04
6576,1.28400000e-04,-1.93198245e-07,-1.50465923e-03
6577,1.28362500e-04,-1.48361323e-09,-1.15579958e-05
6578,1.28325000e-04,-1.76967163e-07,-1.37905445e-03
6579,1.28287500e-04,1.59271902e-07,1.24152316e-03
6580,1.28250000e-04,-9.69133330e-08,-7.55659517e-04
6581,1.28212500e-04,6.13274813e-08,4.78326850e-04
6582,1.28175000e-04,-6.47361373e-08,-5.05060560e-04
6583,1.28137500e-04,-5.86588776e-08,-4.57780725e-04
6584,1.28100000e-04,-9.01069830e-08,-7.03411265e-04
6585,1.28062500e-04,1.50754841e-07,1.17719740e-03
6586,1.28025000e-04,6.19656316e-08,4.84011963e-04
6587,1.27987500e-04,-1.98766336e-07,-1.55301366e-03
6588,1.27950000e-04,3.30499463e-08,2.58303606e-04
6589,1.27912500e-04,-1.73615347e-07,-1.35729774e-03
6590,1.27875000e-04,-6.43429312e-08,-5.03170528e-04
6591,1.27837500e-04,1.12260417e-07,8.78149342e-04
6592,1.27800000e-04,-2.29808151e-07,-1.79818584e-03
6593,1.27762500e-04,1.88739394e-07,1.47726754e-03
6594,1.27725000e-04,2.51688119e-08,1.97054703e-04
6595,1.27687500e-04,6.78856571e-08,5.31654681e-04
6596,1.27650000e-04,-1.31406588e-07,-1.02942882e-03
6597,1.27612500e-04,3.11270095e-07,2.43918186e-03
6598,1.27575000e-04,1.38997216e-07,1.08953334e-03
6599,1.27537500e-04,9.85187669e-08,7.72469014e-04
6600,1.27500000e-04,-7.97647899e-08,-6.25606195e-04
6601,1.27462500e-04,1.37994240e-08,1.08262619e-04
6602,1.27425000e-04,-1.97148788e-07,-1.54717510e-03
6603,1.27387500e-04,4.58042848e-09,3.59566557e-05
6604,1.27350000e-04,6.94196265e-08,5.45108963e-04
6605,1.27312500e-04,7.45720508e-09,5.85740212e-05
6606,1.27275000e-04,-1.69778908e-07,-1.33395331e-03
6607,1.27237500e-04,2.13820826e-07,1.68048591e-03
6608,1.27200000e-04,1.95301038e-08,1.53538552e-04
6609,1.27162500e-04,4.46627630e-08,3.51225896e-04
6610,1.27125000e-04,-7.24293967e-08,-5.69749433e-04
6611,1.27087500e-04,6.21770244e-08,4.89245791e-04
6612,1.27050000e-04,-2.26535280e-07,-1.78304038e-03
6613,1.27012500e-04,2.65337206e-08,2.08906372e-04
6614,1.26975000e-04,1.61605758e-07,1.27273682e-03
6615,1.26937500e-04,-1.70478726e-07,-1.34301311e-03
6616,1.26900000e-04,1.24386612e-07,9.80193945e-04
6617,1.26862500e-04,1.18719800e-07,9.35814762e-04
6618,1.26825000e-04,-1.88471565e-07,-1.48607582e-03
6619,1.26787500e-04,6.13153195e-08,4.83606976e-04
6620,1.26750000e-04,-3.92774397e-08,-3.09881181e-04
6621,1.26712500e-04,8.69040062e-08,6.85836095e-04
6622,1.26675000e-04,-6.12767139e-08,-4.83731707e-04
6623,1.26637500e-04,-1.62093017e-07,-1.27997644e-03
6624,1.26600000e-04,3.27803324e-07,2.58928376e-03
6625,1.26562500e-04,5.63555067e-08,4.45278078e-04
6626,1.26525000e-04,1.37414627e-07,1.08606700e-03
6627,1.26487500e-04,1.40339394e-07,1.10951196e-03
6628,1.26450000e-04,2.44762420e-07,1.93564587e-03
6629,1.26412500e-04,-3.49751791e-07,-2.76675005e-03
6630,1.26375000e-04,3.30656820e-08,2.61647335e-04
6631,1.26337500e-04,7.41202402e-08,5.86684398e-04
6632,1.26300000e-04,3.22839182e-08,2.55612971e-04
6633,1.26262500e-04,-7.22221903e-08,-5.72000319e-04
6634,1.26225000e-04,-4.95469799e-08,-3.92529054e-04
6635,1.26187500e-04,9.37599496e-08,7.43020898e-04
6636,1.26150000e-04,2.48695595e-07,1.97142762e-03
6637,1.26112500e-04,2.94734108e-08,2.33707292e-04
6638,1.26075000e-04,1.04021774e-07,8.25078519e-04
6639,1.26037500e-04,1.73766344e-07,1.37868764e-03
6640,1.26000000e-04,1.30566591e-07,1.03624279e-03
6641,1.25962500e-04,-1.12196002e-08,-8.90709556e-05
6642,1.25925000e-04,-1.09688405e-07,-8.71061382e-04
6643,1.25887500e-04,1.07027541e-07,8.50184025e-04
6644,1.25850000e-04,-6.91247584e-08,-5.49263078e-04
6645,1.25812500e-04,-1.02620470e-07,-8.15661960e-04
6646,1.25775000e-04,1.25987527e-07,1.00168974e-03
6647,1.25737500e-04,5.58019450e-08,4.43797156e-04
6648,1.25700000e-04,3.44572761e-07,2.74123119e-03
6649,1.25662500e-04,1.86555083e-07,1.48457243e-03
6650,1.25625000e-04,-2.80319385e-07,-2.23139809e-03
6651,1.25587500e-04,-2.56285058e-07,-2.04068922e-03
6652,1.25550000e-04,-2.11309158e-07,-1.68306776e-03
6653,1.25512500e-04,1.37545766e-08,1.09587305e-04
6654,1.25475000e-04,-2.47675592e-08,-1.97390390e-04
6655,1.25437500e-04,-8.41622012e-08,-6.70949287e-04
6656,1.25400000e-04,-2.66619219e-07,-2.12615007e-03
6657,1.25362500e-04,-1.16464931e-07,-9.29025279e-04
6658,1.25325000e-04,-2.85030838e-07,-2.27433344e-03
6659,1.25287500e-04,9.21175407e-08,7.35249252e-04
6660,1.25250000e-04,-6.83362167e-08,-5.45598536e-04
6661,1.25212500e-04,-9.08996916e-08,-7.25963395e-04
6662,1.25175000e-04,-1.15903482e-07,-9.25931555e-04
6663,1.25137500e-04,4.14390652e-08,3.31148258e-04
6664,1.25100000e-04,-2.98896002e-07,-2.38925661e-03
6665,1.25062500e-04,8.44601198e-08,6.75343287e-04
6666,1.25025000e-04,-5.99906236e-08,-4.79829023e-04
6667,1.24987500e-04,1.32903700e-07,1.06333594e-03
6668,1.24950000e-04,-1.48813288e-07,-1.19098270e-03
6669,1.24912500e-04,-1.07955995e-07,-8.64252936e-04
6670,1.24875000e-04,3.87444490e-08,3.10265858e-04
6671,1.24837500e-04,-9.56153934e-08,-7.65918842e-04
6672,1.24800000e-04,7.18899660e-08,5.76041394e-04
6673,1.24762500e-04,-2.47679449e-07,-1.98520748e-03
6674,1.24725000e-04,-1.02802188e-07,-8.24230809e-04
6675,1.24687500e-04,-1.05501992e-07,-8.46131268e-04
6676,1.24650000e-04,4.36433183e-08,3.50126902e-04
6677,1.24612500e-04,-1.02030305e-07,-8.18780661e-04
6678,1.24575000e-04,2.83075507e-08,2.27232998e-04
6679,1.24537500e-04,-7.90650814e-08,-6.34869669e-04
6680,1.24500000e-04,1.16813770e-07,9.38263211e-04
6681,1.24462500e-04,5.63009896e-08,4.52353035e-04
6682,1.24425000e-04,1.69219883e-07,1.36001513e-03
6683,1.24387500e-04,-4.11319143e-08,-3.30675625e-04
6684,1.24350000e-04,-8.40582928e-08,-6.75981446e-04
6685,1.24312500e-04,1.05007086e-07,8.44702555e-04
6686,1.24275000e-04,-3.11740860e-07,-2.50847604e-03
6687,1.24237500e-04,5.22676507e-07,4.20707522e-03
6688,1.24200000e-04,-6.89321418e-08,-5.55009193e-04
6689,1.24162500e-04,2.53183864e-07,2.03913310e-03
6690,1.24125000e-04,-1.31298176e-07,-1.05778993e-03
6691,1.24087500e-04,1.45951545e-07,1.17619861e-03
6692,1.24050000e-04,-1.69729225e-07,-1.36823237e-03
6693,1.24012500e-04,7.84102938e-09,6.32277342e-05
6694,1.23975000e-04,3.08925183e-08,2.49183451e-04
6695,1.23937500e-04,-8.55186717e-08,-6.90014497e-04
6696,1.23900000e-04,1.39977802e-07,1.12976434e-03
6697,1.23862500e-04,-1.83999429e-07,-1.48551360e-03
6698,1.23825000e-04,8.97586592e-08,7.24883175e-04
6699,1.23787500e-04,7.63069830e-08,6.16435286e-04
6700,1.23750000e-04,3.23182090e-07,2.61157244e-03
6701,1.23712500e-04,-1.86232150e-08,-1.50536243e-04
6702,1.23675000e-04,-2.22785769e-07,-1.80138079e-03
6703,1.23637500e-04,1.01183694e-07,8.18390004e-04
6704,1.23600000e-04,2.17252125e-07,1.75770328e-03
6705,1.23562500e-04,2.81722468e-07,2.27999974e-03
6706,1.23525000e-04,8.75962023e-08,7.09137440e-04
6707,1.23487500e-04,-2.09322538e-07,-1.69509090e-03
6708,1.23450000e-04,-2.71782672e-08,-2.20156073e-04
6709,1.23412500e-04,1.24790793e-07,1.01116818e-03
6710,1.23375000e-04,-1.85121206e-07,-1.50047584e-03
6711,1.23337500e-04,1.45324068e-07,1.17826345e-03
6712,1.23300000e-04,1.91501280e-07,1.55313285e-03
6713,1.23262500e-04,-3.04645104e-07,-2.47151489e-03
6714,1.23225000e-04,8.31532176e-10,6.74808015e-06
6715,1.23187500e-04,-2.55194470e-07,-2.07159387e-03
6716,1.23150000e-04,1.19874999e-08,9.73406405e-05
6717,1.23112500e-04,1.60774912e-07,1.30591867e-03
6718,1.23075000e-04,1.23839455e-07,1.00621129e-03
6719,1.23037500e-04,-1.88700926e-08,-1.53368628e-04
6720,1.23000000e-04,-6.09495476e-09,-4.95524777e-05
6721,1.22962500e-04,6.81975014e-08,5.54620323e-04
6722,1.22925000e-04,-2.98117248e-07,-2.42519624e-03
6723,1.22887500e-04,1.77686248e-08,1.44592614e-04
6724,1.22850000e-04,4.90540950e-08,3.99300733e-04
6725,1.22812500e-04,-1.89540517e-09,-1.54333245e-05
6726,1.22775000e-04,-2.50209977e-07,-2.03795542e-03
6727,1.22737500e-04,6.67513333e-08,5.43854432e-04
6728,1.22700000e-04,2.77913531e-08,2.26498395e-04
6729,1.22662500e-04,-8.98145247e-08,-7.32208497e-04
6730,1.22625000e-04,-1.25010109e-08,-1.01945043e-04
6731,1.22587500e-04,-7.58870274e-08,-6.19043764e-04
6732,1.22550000e-04,-3.33287871e-07,-2.71960727e-03
6733,1.22512500e-04,-9.27625687e-09,-7.57168197e-05
6734,1.22475000e-04,2.26191928e-07,1.84684162e-03
6735,1.22437500e-04,1.57759739e-07,1.28849200e-03
6736,1.22400000e-04,1.40483070e-08,1.14773750e-04
6737,1.22362500e-04,8.84704829e-08,7.23019577e-04
6738,1.22325000e-04,-1.50123405e-07,-1.22725040e-03
6739,1.22287500e-04,-4.08115071e-08,-3.33734086e-04
6740,1.22250000e-04,-2.09725181e-07,-1.71554340e-03
6741,1.22212500e-04,7.05814531e-08,5.77530556e-04
6742,1.22175000e-04,2.41102549e-07,1.97341968e-03
6743,1.22137500e-04,-2.40587589e-07,-1.96980935e-03
6744,1.22100000e-04,-2.32568054e-08,-1.90473426e-04
6745,1.22062500e-04,-3.37432886e-08,-2.76442713e-04
6746,1.22025000e-04,1.22129916e-07,1.00085979e-03
6747,1.21987500e-04,-3.27987788e-07,-2.68869997e-03
6748,1.21950000e-04,1.08765951e-07,8.91889716e-04
6749,1.21912500e-04,-2.04763353e-07,-1.67959276e-03
6750,1.21875000e-04,2.05935960e-07,1.68973095e-03
6751,1.21837500e-04,1.52925903e-07,1.25516285e-03
6752,1.21800000e-04,-1.08904559e-07,-8.94126100e-04
6753,1.21762500e-04,1.68239038e-07,1.38169829e-03
6754,1.21725000e-04,-5.46548027e-08,-4.49002281e-04
6755,1.21687500e-04,8.14249603e-08,6.69131672e-04
6756,1.21650000e-04,1.43272965e-07,1.17774735e-03
6757,1.21612500e-04,-1.50822127e-07,-1.24018606e-03
6758,1.21575000e-04,7.56760011e-08,6.22463509e-04
6759,1.21537500e-04,1.72930253e-07,1.42285511e-03
6760,1.21500000e-04,2.73402439e-07,2.25022583e-03
6761,1.21462500e-04,1.57321032e-08,1.29522307e-04
6762,1.21425000e-04,8.08952731e-08,6.66215962e-04
6763,1.21387500e-04,-1.08728623e-07,-8.95715155e-04
6764,1.21350000e-04,2.22358189e-07,1.83237074e-03
6765,1.21312500e-04,7.65618129e-08,6.31112316e-04
6766,1.21275000e-04,1.98851999e-07,1.63967841e-03
6767,1.21237500e-04,6.03146457e-08,4.97491665e-04
6768,1.21200000e-04,-2.73198820e-07,-2.25411567e-03
6769,1.21162500e-04,2.23968222e-07,1.84849456e-03
6770,1.21125000e-04,-2.17295048e-07,-1.79397357e-03
6771,1.21087500e-04,1.35463915e-07,1.11872749e-03
6772,1.21050000e-04,3.74299725e-08,3.09210842e-04
6773,1.21012500e-04,-3.83630425e-08,-3.17017188e-04
6774,1.20975000e-04,-2.80416533e-07,-2.31797093e-03
6775,1.20937500e-04,-1.23355731e-07,-1.01999571e-03
6776,1.20900000e-04,2.63171469e-07,2.17676980e-03
6777,1.20862500e-04,7.30354633e-08,6.04285559e-04
6778,1.20825000e-04,4.45328083e-08,3.68572798e-04
6779,1.20787500e-04,-1.76978956e-08,-1.46520920e-04
6780,1.20750000e-04,6.27593106e-08,5.19745844e-04
6781,1.20712500e-04,-2.57031746e-07,-2.12928857e-03
6782,1.20675000e-04,-3.68708689e-07,-3.05538587e-03
6783,1.20637500e-04,1.64982684e-07,1.36759037e-03
6784,1.20600000e-04,-3.45598284e-07,-2.86565741e-03
6785,1.20562500e-04,-8.29891582e-08,-6.88349679e-04
6786,1.20525000e-04,-1.23120674e-07,-1.02153639e-03
6787,1.20487500e-04,3.48060216e-08,2.88876619e-04
6788,1.20450000e-04,-2.85280754e-07,-2.36845790e-03
6789,1.20412500e-04,-2.30229061e-07,-1.91200300e-03
6790,1.20375000e-04,5.10567681e-08,4.24147607e-04
6791,1.20337500e-04,-2.38277804e-07,-1.98007939e-03
6792,1.20300000e-04,-4.35013635e-07,-3.61607344e-03
6793,1.20262500e-04,9.81768820e-08,8.16354907e-04
6794,1.20225000e-04,4.55268422e-07,3.78680326e-03
6795,1.20187500e-04,9.77045578e-08,8.12934438e-04
6796,1.20150000e-04,-3.61927041e-07,-3.01229331e-03
6797,1.20112500e-04,-5.12246987e-08,-4.26472671e-04
6798,1.20075000e-04,5.60263581e-07,4.66594696e-03
6799,1.20037500e-04,1.30806974e-07,1.08971758e-03
6800,1.20000000e-04,2.58861982e-07,2.15718318e-03
6801,1.19962500e-04,6.44927658e-08,5.37607717e-04
6802,1.19925000e-04,3.31149621e-07,2.76130599e-03
6803,1.19887500e-04,9.62959243e-08,8.03219054e-04
6804,1.19850000e-04,1.49463323e-07,1.24708655e-03
6805,1.19812500e-04,2.77963563e-09,2.31998801e-05
6806,1.19775000e-04,7.64561783e-08,6.38331691e-04
6807,1.19737500e-04,-4.40551071e-08,-3.67930741e-04
6808,1.19700000e-04,-1.67021215e-08,-1.39533178e-04
6809,1.19662500e-04,-4.16962787e-07,-3.48449002e-03
6810,1.19625000e-04,2.42722570e-07,2.02902880e-03
6811,1.19587500e-04,1.50503332e-07,1.25852059e-03
6812,1.19550000e-04,1.07860239e-07,9.02218645e-04
6813,1.19512500e-04,2.36177691e-07,1.97617564e-03
6814,1.19475000e-04,-1.96997239e-08,-1.64885741e-04
6815,1.19437500e-04,-2.67361102e-08,-2.23850216e-04
6816,1.19400000e-04,1.12892478e-07,9.45498137e-04
6817,1.19362500e-04,-9.03514632e-08,-7.56950158e-04
6818,1.19325000e-04,5.66958041e-08,4.75137683e-04
6819,1.19287500e-04,5.51802555e-08,4.62582043e-04
6820,1.19250000e-04,-2.73406370e-07,-2.29271589e-03
6821,1.19212500e-04,-2.20222800e-08,-1.84731299e-04
6822,1.19175000e-04,-2.75875853e-07,-2.31488025e-03
6823,1.19137500e-04,7.79798585e-08,6.54536636e-04
6824,1.19100000e-04,-8.70659893e-08,-7.31032656e-04
6825,1.19062500e-04,-1.74592335e-07,-1.46639231e-03
6826,1.19025000e-04,-3.65188995e-08,-3.06817051e-04
6827,1.18987500e-04,1.88768915e-07,1.58646005e-03
6828,1.18950000e-04,5.01924512e-08,4.21962599e-04
6829,1.18912500e-04,-3.23048270e-08,-2.71668891e-04
6830,1.18875000e-04,-1.03926666e-07,-8.74251663e-04
6831,1.18837500e-04,-1.12488353e-07,-9.46572869e-04
6832,1.18800000e-04,-1.67429867e-07,-1.40934231e-03
6833,1.18762500e-04,-1.57898018e-07,-1.32952757e-03
6834,1.18725000e-04,-2.20201404e-07,-1.85471808e-03
6835,1.18687500e-04,7.12984383e-08,6.00724072e-04
6836,1.18650000e-04,1.21292357e-07,1.02227018e-03
6837,1.18612500e-04,-1.04749160e-07,-8.83120754e-04
6838,1.18575000e-04,-2.21688446e-07,-1.86960528e-03
6839,1.18537500e-04,9.93894576e-08,8.38464263e-04
6840,1.18500000e-04,-3.67101314e-08,-3.09790138e-04
6841,1.18462500e-04,-9.66145972e-08,-8.15571149e-04
6842,1.18425000e-04,-1.55871061e-07,-1.31620064e-03
6843,1.18387500e-04,-2.32808127e-07,-1.96649247e-03
6844,1.18350000e-04,9.89244517e-08,8.35863555e-04
6845,1.18312500e-04,-1.48502166e-07,-1.25516886e-03
6846,1.18275000e-04,-5.77106662e-08,-4.87936303e-04
6847,1.18237500e-04,-2.82410728e-07,-2.38850389e-03
6848,1.18200000e-04,-1.47709399e-07,-1.24965651e-03
6849,1.18162500e-04,-1.19057034e-07,-1.00757037e-03
6850,1.18125000e-04,-2.34659206e-07,-1.98653296e-03
6851,1.18087500e-04,-2.80889525e-07,-2.37865587e-03
6852,1.18050000e-04,4.67844612e-08,3.96310556e-04
6853,1.18012500e-04,-1.03269670e-07,-8.75073998e-04
6854,1.17975000e-04,1.41093333e-07,1.19595960e-03
6855,1.17937500e-04,-8.78119133e-09,-7.44563123e-05
6856,1.17900000e-04,1.96430339e-07,1.66607582e-03
6857,1.17862500e-04,4.93573058e-08,4.18770226e-04
6858,1.17825000e-04,1.78249277e-07,1.51283070e-03
6859,1.17787500e-04,2.84088772e-07,2.41187539e-03
6860,1.17750000e-04,1.93091607e-08,1.63984380e-04
6861,1.17712500e-04,1.65424439e-08,1.40532602e-04
6862,1.17675000e-04,-1.92840259e-07,-1.63875300e-03
6863,1.17637500e-04,-8.74746329e-08,-7.43594796e-04
6864,1.17600000e-04,-1.01301741e-07,-8.61409364e-04
6865,1.17562500e-04,-3.17358162e-08,-2.69948463e-04
6866,1.17525000e-04,-1.82860052e-07,-1.55592471e-03
6867,1.17487500e-04,2.79179892e-07,2.37625187e-03
6868,1.17450000e-04,1.00251053e-07,8.53563672e-04
6869,1.17412500e-04,-1.49459724e-07,-1.27294559e-03
6870,1.17375000e-04,-8.03842268e-08,-6.84849643e-04
6871,1.17337500e-04,-2.04526089e-07,-1.74305817e-03
6872,1.17300000e-04,-1.12773279e-07,-9.61409026e-04
6873,1.17262500e-04,-2.01297134e-07,-1.71663689e-03
6874,1.17225000e-04,6.17320284e-08,5.26611460e-04
6875,1.17187500e-04,7.01988725e-08,5.99030379e-04
6876,1.17150000e-04,1.01930784e-07,8.70087783e-04
6877,1.17112500e-04,-2.14286526e-08,-1.82974940e-04
6878,1.17075000e-04,-3.50432067e-08,-2.99322713e-04
6879,1.17037500e-04,-1.34373561e-07,-1.14812399e-03
6880,1.17000000e-04,1.30798883e-09,1.11793917e-05
6881,1.16962500e-04,-1.04091974e-07,-8.89960236e-04
6882,1.16925000e-04,5.56146276e-08,4.75643597e-04
6883,1.16887500e-04,9.79320294e-08,8.37831499e-04
6884,1.16850000e-04,1.03312289e-07,8.84144539e-04
6885,1.16812500e-04,8.30945730e-08,7.11350010e-04
6886,1.16775000e-04,3.66279628e-07,3.13662709e-03
6887,1.16737500e-04,2.80853071e-07,2.40585134e-03
6888,1.16700000e-04,1.69716788e-07,1.45429981e-03
6889,1.16662500e-04,1.89206411e-08,1.62182716e-04
6890,1.16625000e-04,1.83677609e-07,1.57494199e-03
6891,1.16587500e-04,6.14845794e-08,5.27368538e-04
6892,1.16550000e-04,-1.89931784e-07,-1.62961634e-03
6893,1.16512500e-04,-5.83015236e-09,-5.00388573e-05
6894,1.16475000e-04,-4.36280880e-07,-3.74570406e-03
6895,1.16437500e-04,-2.62389725e-07,-2.25348127e-03
6896,1.16400000e-04,5.11074127e-08,4.39067120e-04
6897,1.16362500e-04,7.58498340e-08,6.51840876e-04
6898,1.16325000e-04,-2.47536008e-07,-2.12796912e-03
6899,1.16287500e-04,-1.14911400e-07,-9.88166396e-04
6900,1.16250000e-04,1.46448735e-07,1.25977407e-03
6901,1.16212500e-04,9.24129986e-08,7.95207044e-04
6902,1.16175000e-04,2.70555918e-07,2.32886523e-03
6903,1.16137500e-04,1.55834082e-07,1.34180675e-03
6904,1.16100000e-04,-2.13155136e-08,-1.83596155e-04
6905,1.16062500e-04,3.83082366e-08,3.30065582e-04
6906,1.16025000e-04,-6.98036042e-08,-6.01625548e-04
6907,1.15987500e-04,6.89956214e-08,5.94853941e-04
6908,1.15950000e-04,-1.09382583e-07,-9.43359922e-04
6909,1.15912500e-04,-4.57553728e-09,-3.94740626e-05
6910,1.15875000e-04,-2.23016725e-07,-1.92463193e-03
6911,1.15837500e-04,-1.65265017e-08,-1.42669703e-04
6912,1.15800000e-04,2.70599935e-07,2.33678700e-03
6913,1.15762500e-04,3.59983949e-08,3.10967670e-04
6914,1.15725000e-04,3.94263941e-08,3.40690379e-04
6915,1.15687500e-04,9.46005834e-08,8.17725194e-04
6916,1.15650000e-04,1.08663741e-07,9.39591363e-04
6917,1.15612500e-04,-4.50059132e-08,-3.89282415e-04
6918,1.15575000e-04,1.44094407e-07,1.24676104e-03
6919,1.15537500e-04,-2.34294977e-07,-2.02786954e-03
6920,1.15500000e-04,2.27039138e-07,1.96570682e-03
6921,1.15462500e-04,-6.78216662e-08,-5.87391284e-04
6922,1.15425000e-04,5.96592438e-08,5.16865876e-04
6923,1.15387500e-04,1.36359868e-08,1.18175598e-04
6924,1.15350000e-04,-1.55169098e-07,-1.34520241e-03
6925,1.15312500e-04,-2.11095132e-07,-1.83063530e-03
6926,1.15275000e-04,2.88708488e-08,2.50451952e-04
6927,1.15237500e-04,-6.41084386e-08,-5.56315770e-04
6928,1.15200000e-04,3.82417709e-08,3.31959817e-04
6929,1.15162500e-04,-9.36841715e-08,-8.13495465e-04
6930,1.15125000e-04,-1.69274410e-07,-1.47035318e-03
6931,1.15087500e-04,-2.00020522e-07,-1.73798651e-03
6932,1.15050000e-04,-2.00473886e-08,-1.74249358e-04
6933,1.15012500e-04,9.61888702e-09,8.36334052e-05
6934,1.14975000e-04,7.06506293e-08,6.14486883e-04
6935,1.14937500e-04,-1.52003360e-07,-1.32248709e-03
6936,1.14900000e-04,1.19682296e-07,1.04162138e-03
6937,1.14862500e-04,-1.54744001e-07,-1.34721080e-03
6938,1.14825000e-04,3.09759296e-08,2.69766424e-04
6939,1.14787500e-04,9.54576809e-08,8.31603449e-04
6940,1.14750000e-04,-2.13697574e-07,-1.86228823e-03
6941,1.14712500e-04,-1.80809649e-07,-1.57619831e-03
6942,1.14675000e-04,-9.30986501e-08,-8.11847832e-04
6943,1.14637500e-04,1.44930557e-07,1.26425085e-03
6944,1.14600000e-04,-9.28096937e-08,-8.09857711e-04
6945,1.14562500e-04,2.28496222e-07,1.99451148e-03
6946,1.14525000e-04,3.17844204e-08,2.77532595e-04
6947,1.14487500e-04,-1.09666105e-07,-9.57887150e-04
6948,1.14450000e-04,-2.28566224e-08,-1.99708365e-04
6949,1.14412500e-04,2.20652728e-07,1.92857186e-03
6950,1.14375000e-04,-2.78609316e-07,-2.43592844e-03
6951,1.14337500e-04,6.36117070e-09,5.56350340e-05
6952,1.14300000e-04,2.10441487e-07,1.84113287e-03
6953,1.14262500e-04,2.83309998e-07,2.47946612e-03
6954,1.14225000e-04,-1.42678275e-07,-1.24909849e-03
6955,1.14187500e-04,-1.04991521e-07,-9.19465973e-04
6956,1.14150000e-04,6.26461722e-08,5.48805714e-04
6957,1.14112500e-04,-7.70614679e-08,-6.75311363e-04
6958,1.14075000e-04,3.07547103e-07,2.69600792e-03
6959,1.14037500e-04,2.19818278e-07,1.92759643e-03
6960,1.14000000e-04,-3.67813415e-08,-3.22643347e-04
6961,1.13962500e-04,-5.32866993e-08,-4.67580997e-04
6962,1.13925000e-04,-1.48988971e-07,-1.30778118e-03
6963,1.13887500e-04,-9.92527656e-08,-8.71498326e-04
6964,1.13850000e-04,-2.22950077e-07,-1.95827911e-03
6965,1.13812500e-04,-3.17468237e-07,-2.78939692e-03
6966,1.13775000e-04,-9.38831124e-09,-8.25164688e-05
6967,1.13737500e-04,1.09717926e-07,9.64659203e-04
6968,1.13700000e-04,-1.14181505e-07,-1.00423487e-03
6969,1.13662500e-04,-1.38922362e-07,-1.22223567e-03
6970,1.13625000e-04,2.09878221e-07,1.84711305e-03
6971,1.13587500e-04,2.40001244e-07,2.11291950e-03
6972,1.13550000e-04,4.70261940e-08,4.14145258e-04
6973,1.13512500e-04,1.80933963e-07,1.59395629e-03
6974,1.13475000e-04,-1.73153333e-07,-1.52591614e-03
6975,1.13437500e-04,1.33712971e-07,1.17873693e-03
6976,1.13400000e-04,-6.06646666e-09,-5.34961787e-05
6977,1.13362500e-04,-2.05863221e-07,-1.81597284e-03
6978,1.13325000e-04,1.47473662e-07,1.30133388e-03
6979,1.13287500e-04,-1.17393948e-07,-1.03624802e-03
6980,1.13250000e-04,-1.69116789e-07,-1.49330498e-03
6981,1.13212500e-04,1.04190270e-08,9.20307119e-05
6982,1.13175000e-04,1.96819320e-07,1.73907065e-03
6983,1.13137500e-04,-1.63336060e-07,-1.44369515e-03
6984,1.13100000e-04,2.79928551e-08,2.47505351e-04
6985,1.13062500e-04,5.89605900e-08,5.21486700e-04
6986,1.13025000e-04,9.70384866e-08,8.58557722e-04
6987,1.12987500e-04,8.61636407e-08,7.62594452e-04
6988,1.12950000e-04,-4.22283448e-08,-3.73867595e-04
6989,1.12912500e-04,-1.28469927e-07,-1.13778304e-03
6990,1.12875000e-04,-2.32023356e-07,-2.05557790e-03
6991,1.12837500e-04,1.49898252e-07,1.32844357e-03
6992,1.12800000e-04,2.57251218e-08,2.28059591e-04
6993,1.12762500e-04,-3.26013575e-07,-2.89115242e-03
6994,1.12725000e-04,-1.40462753e-09,-1.24606567e-05
6995,1.12687500e-04,-1.50313621e-07,-1.33389791e-03
6996,1.12650000e-04,-1.74814393e-07,-1.55183660e-03
6997,1.12612500e-04,5.12520602e-08,4.55118749e-04
6998,1.12575000e-04,-1.25287192e-07,-1.11292198e-03
6999,1.12537500e-04,3.36110427e-07,2.98665269e-03
7000,1.12500000e-04,9.68208886e-08,8.60630121e-04
7001,1.12462500e-04,2.50826217e-07,2.23030981e-03
7002,1.12425000e-04,2.37112723e-07,2.10907470e-03
7003,1.12387500e-04,6.96438838e-08,6.19676421e-04
7004,1.12350000e-04,5.24951504e-08,4.67246555e-04
7005,1.12312500e-04,6.48479125e-08,5.77388202e-04
7006,1.12275000e-04,1.25590293e-07,1.11859535e-03
7007,1.12237500e-04,-1.22460833e-07,-1.09108661e-03
7008,1.12200000e-04,-2.46142930e-07,-2.19378726e-03
7009,1.12162500e-04,1.36537028e-07,1.21731441e-03
7010,1.12125000e-04,2.55545201e-07,2.27910993e-03
7011,1.12087500e-04,5.94316258e-08,5.30225278e-04
7012,1.12050000e-04,1.31132116e-07,1.17030001e-03
7013,1.12012500e-04,-1.74998368e-07,-1.56231107e-03
7014,1.11975000e-04,3.06549380e-08,2.73765912e-04
7015,1.11937500e-04,5.85069078e-08,5.22674776e-04
7016,1.11900000e-04,-1.74721793e-07,-1.56141013e-03
7017,1.11862500e-04,1.08896296e-07,9.73483482e-04
7018,1.11825000e-04,5.12810474e-08,4.58583031e-04
7019,1.11787500e-04,-7.51699614e-08,-6.72436197e-04
7020,1.11750000e-04,1.38705764e-07,1.24121489e-03
7021,1.11712500e-04,9.26546946e-08,8.29403107e-04
7022,1.11675000e-04,-8.42384695e-09,-7.54318062e-05
7023,1.11637500e-04,-2.41233602e-08,-2.16086532e-04
7024,1.11600000e-04,3.89433371e-07,3.48954634e-03
7025,1.11562500e-04,-1.78129385e-07,-1.59667796e-03
7026,1.11525000e-04,-1.05025056e-07,-9.41717608e-04
7027,1.11487500e-04,-3.42229758e-08,-3.06966932e-04
7028,1.11450000e-04,2.19997687e-07,1.97395861e-03
7029,1.11412500e-04,8.41853174e-08,7.55618242e-04
7030,1.11375000e-04,2.04737261e-07,1.83826946e-03
7031,1.11337500e-04,-1.25280037e-07,-1.12522768e-03
7032,1.11300000e-04,-2.37197153e-07,-2.13115142e-03
7033,1.11262500e-04,-3.85695957e-08,-3.46654046e-04
7034,1.11225000e-04,-1.66267813e-07,-1.49487807e-03
7035,1.11187500e-04,-9.83625816e-08,-8.84655034e-04
7036,1.11150000e-04,-1.94763958e-07,-1.75226233e-03
7037,1.11112500e-04,-2.34596939e-07,-2.11134606e-03
7038,1.11075000e-04,7.93440278e-08,7.14328407e-04
7039,1.11037500e-04,1.79241386e-07,1.61424191e-03
7040,1.11000000e-04,2.03860357e-07,1.83657980e-03
7041,1.10962500e-04,8.82362619e-08,7.95189923e-04
7042,1.10925000e-04,1.23480173e-07,1.11318615e-03
7043,1.10887500e-04,1.16837354e-07,1.05365667e-03
7044,1.10850000e-04,9.87374440e-08,8.90730212e-04
7045,1.10812500e-04,1.78754197e-07,1.61312304e-03
7046,1.10775000e-04,1.08185616e-07,9.76624830e-04
7047,1.10737500e-04,2.58711482e-07,2.33625901e-03
7048,1.10700000e-04,2.69671825e-07,2.43605985e-03
7049,1.10662500e-04,6.14611635e-08,5.55392870e-04
7050,1.10625000e-04,-2.80577277e-08,-2.53629177e-04
7051,1.10587500e-04,-9.55278185e-08,-8.63821124e-04
7052,1.10550000e-04,-2.55509690e-07,-2.31125907e-03
7053,1.10512500e-04,6.54785008e-08,5.92498594e-04
7054,1.10475000e-04,-1.60166611e-07,-1.44979960e-03
7055,1.10437500e-04,1.73132717e-08,1.56769863e-04
7056,1.10400000e-04,-1.39013405e-07,-1.25917939e-03
7057,1.10362500e-04,5.96898175e-09,5.40852351e-05
7058,1.10325000e-04,1.13173959e-09,1.02582333e-05
7059,1.10287500e-04,-2.39643061e-08,-2.17289413e-04
7060,1.10250000e-04,6.61475112e-08,5.99977426e-04
7061,1.10212500e-04,1.83615302e-07,1.66601159e-03
7062,1.10175000e-04,-6.01691705e-08,-5.46123626e-04
7063,1.10137500e-04,5.73382088e-08,5.20605687e-04
7064,1.10100000e-04,-3.99681516e-07,-3.63016818e-03
7065,1.10062500e-04,-2.51461361e-07,-2.28471424e-03
7066,1.10025000e-04,-1.73826193e-07,-1.57987905e-03
7067,1.09987500e-04,8.47697224e-09,7.70721422e-05
7068,1.09950000e-04,1.26937471e-07,1.15450178e-03
7069,1.09912500e-04,5.89661470e-08,5.36482629e-04
7070,1.09875000e-04,1.17840485e-07,1.07249588e-03
7071,1.09837500e-04,1.48230616e-07,1.34954470e-03
7072,1.09800000e-04,2.26140637e-07,2.05956864e-03
7073,1.09762500e-04,3.48150413e-07,3.17185207e-03
7074,1.09725000e-04,-6.02237409e-08,-5.48860705e-04
7075,1.09687500e-04,-1.23670508e-07,-1.12748041e-03
7076,1.09650000e-04,1.22508446e-07,1.11726809e-03
7077,1.09612500e-04,3.94991384e-08,3.60352500e-04
7078,1.09575000e-04,-1.38923910e-07,-1.26784312e-03
7079,1.09537500e-04,-1.16084069e-07,-1.05976555e-03
7080,1.09500000e-04,1.52312915e-07,1.39098552e-03
7081,1.09462500e-04,-1.39497676e-07,-1.27438781e-03
7082,1.09425000e-04,1.09727455e-07,1.00276404e-03
7083,1.09387500e-04,-9.50876260e-08,-8.69273235e-04
7084,1.09350000e-04,1.38858306e-07,1.26985191e-03
7085,1.09312500e-04,-2.44964715e-07,-2.24095794e-03
7086,1.09275000e-04,7.63919479e-08,6.99079825e-04
7087,1.09237500e-04,-1.29134381e-07,-1.18214332e-03
7088,1.09200000e-04,5.53352741e-08,5.06733280e-04
7089,1.09162500e-04,-2.88370270e-08,-2.64166055e-04
7090,1.09125000e-04,-9.54345649e-08,-8.74543550e-04
7091,1.09087500e-04,-1.80494553e-07,-1.65458511e-03
7092,1.09050000e-04,7.96244561e-08,7.30164660e-04
7093,1.09012500e-04,-9.64451217e-08,-8.84716172e-04
7094,1.08975000e-04,-7.90782861e-09,-7.25655298e-05
7095,1.08937500e-04,-1.63719932e-07,-1.50287947e-03
7096,1.08900000e-04,-2.59017321e-07,-2.37848780e-03
7097,1.08862500e-04,-2.45956131e-08,-2.25932834e-04
7098,1.08825000e-04,1.55024114e-07,1.42452666e-03
7099,1.08787500e-04,1.94269648e-07,1.78577179e-03
7100,1.08750000e-04,4.40623756e-07,4.05171270e-03
7101,1.08712500e-04,2.19540918e-07,2.01946343e-03
7102,1.08675000e-04,5.21683057e-08,4.80039620e-04
7103,1.08637500e-04,2.23729682e-07,2.05941486e-03
7104,1.08600000e-04,7.05188254e-08,6.49344617e-04
7105,1.08562500e-04,1.60788236e-08,1.48106608e-04
7106,1.08525000e-04,7.12071708e-08,6.56136105e-04
7107,1.08487500e-04,-8.54545554e-08,-7.87690337e-04
7108,1.08450000e-04,5.55014953e-08,5.11770358e-04
7109,1.08412500e-04,1.83968843e-07,1.69693386e-03
7110,1.08375000e-04,-1.29169191e-07,-1.19187258e-03
7111,1.08337500e-04,1.06277444e-07,9.80984827e-04
7112,1.08300000e-04,2.79967006e-07,2.58510624e-03
7113,1.08262500e-04,-1.79850466e-07,-1.66124434e-03
7114,1.08225000e-04,2.53119911e-07,2.33883031e-03
7115,1.08187500e-04,-1.44924820e-07,-1.33957083e-03
7116,1.08150000e-04,1.76997773e-07,1.63659522e-03
7117,1.08112500e-04,-3.90722432e-09,-3.61403568e-05
7118,1.08075000e-04,-3.47532456e-08,-3.21566002e-04
7119,1.08037500e-04,3.67244675e-08,3.39923336e-04
7120,1.08000000e-04,9.29453980e-08,8.60605537e-04
7121,1.07962500e-04,-9.57682231e-08,-8.87050811e-04
7122,1.07925000e-04,-1.95790637e-08,-1.81413609e-04
7123,1.07887500e-04,-1.81736088e-08,-1.68449624e-04
7124,1.07850000e-04,2.58519461e-07,2.39702792e-03
7125,1.07812500e-04,3.57029895e-09,3.31158163e-05
7126,1.07775000e-04,-1.91719939e-07,-1.77889064e-03
7127,1.07737500e-04,-2.88302036e-08,-2.67596738e-04
7128,1.07700000e-04,-2.06597188e-07,-1.91826544e-03
7129,1.07662500e-04,3.31225407e-08,3.07651603e-04
7130,1.07625000e-04,-1.51104944e-07,-1.40399483e-03
7131,1.07587500e-04,-3.27602714e-07,-3.04498863e-03
7132,1.07550000e-04,-2.98408382e-08,-2.77460142e-04
7133,1.07512500e-04,-2.95395430e-07,-2.74754499e-03
7134,1.07475000e-04,8.65641336e-09,8.05435065e-05
7135,1.07437500e-04,1.22463147e-07,1.13985477e-03
7136,1.07400000e-04,-1.51222110e-08,-1.40802710e-04
7137,1.07362500e-04,2.18482456e-07,2.03499785e-03
7138,1.07325000e-04,7.39554462e-09,6.89079396e-05
7139,1.07287500e-04,9.34846867e-10,8.71347423e-06
7140,1.07250000e-04,3.01335270e-07,2.80965287e-03
7141,1.07212500e-04,-1.45237646e-07,-1.35467083e-03
7142,1.07175000e-04,-1.92514540e-07,-1.79626349e-03
7143,1.07137500e-04,-1.62895270e-07,-1.52043187e-03
7144,1.07100000e-04,3.95403021e-09,3.69190496e-05
7145,1.07062500e-04,-6.71864697e-08,-6.27544376e-04
7146,1.07025000e-04,-6.27350634e-08,-5.86172047e-04
7147,1.06987500e-04,-1.64193460e-07,-1.53469760e-03
7148,1.06950000e-04,-5.49441352e-08,-5.13736655e-04
7149,1.06912500e-04,1.91078898e-07,1.78724563e-03
7150,1.06875000e-04,-9.45840464e-08,-8.84996925e-04
7151,1.06837500e-04,4.39561956e-08,4.11430402e-04
7152,1.06800000e-04,3.49713768e-07,3.27447348e-03
7153,1.06762500e-04,5.11215876e-07,4.78834681e-03
7154,1.06725000e-04,2.13516077e-07,2.00061914e-03
7155,1.06687500e-04,1.76098421e-07,1.65060032e-03
7156,1.06650000e-04,5.06993025e-09,4.75380239e-05
7157,1.06612500e-04,1.12201522e-07,1.05242371e-03
7158,1.06575000e-04,-2.18321192e-07,-2.04852163e-03
7159,1.06537500e-04,3.12681168e-08,2.93493998e-04
7160,1.06500000e-04,-4.13345522e-08,-3.88117861e-04
7161,1.06462500e-04,8.29694748e-08,7.79330514e-04
7162,1.06425000e-04,3.51240759e-08,3.30035949e-04
7163,1.06387500e-04,-3.55988502e-07,-3.34614971e-03
7164,1.06350000e-04,7.27977967e-08,6.84511487e-04
7165,1.06312500e-04,-1.06880694e-07,-1.00534457e-03
7166,1.06275000e-04,-2.20493513e-07,-2.07474488e-03
7167,1.06237500e-04,7.90366284e-08,7.43961674e-04
7168,1.06200000e-04,1.19855504e-07,1.12858290e-03
7169,1.06162500e-04,1.41295311e-08,1.33093428e-04
7170,1.06125000e-04,4.53296982e-08,4.27134966e-04
7171,1.06087500e-04,-5.99877883e-08,-5.65455763e-04
7172,1.06050000e-04,8.84568419e-10,8.34105062e-06
7173,1.06012500e-04,-1.57299229e-08,-1.48378002e-04
7174,1.05975000e-04,-2.96390201e-08,-2.79679360e-04
7175,1.05937500e-04,1.13048848e-07,1.06712777e-03
7176,1.05900000e-04,1.88008018e-07,1.77533539e-03
7177,1.05862500e-04,-1.26313434e-07,-1.19318393e-03
7178,1.05825000e-04,-5.41571850e-08,-5.11761729e-04
7179,1.05787500e-04,-4.60692497e-08,-4.35488595e-04
7180,1.05750000e-04,-3.64286051e-07,-3.44478535e-03
7181,1.05712500e-04,5.39479581e-08,5.10327143e-04
7182,1.05675000e-04,2.23000140e-07,2.11024499e-03
7183,1.05637500e-04,-3.26428151e-08,-3.09007835e-04
7184,1.05600000e-04,1.47412754e-07,1.39595411e-03
7185,1.05562500e-04,1.86228854e-07,1.76415729e-03
7186,1.05525000e-04,-6.68475750e-08,-6.33476191e-04
7187,1.05487500e-04,-4.26376570e-08,-4.04196298e-04
7188,1.05450000e-04,1.20582544e-08,1.14350445e-04
7189,1.05412500e-04,-2.19231576e-07,-2.07974933e-03
7190,1.05375000e-04,3.26956950e-09,3.10279431e-05
7191,1.05337500e-04,2.12494325e-08,2.01727139e-04
7192,1.05300000e-04,-2.92430383e-07,-2.77711665e-03
7193,1.05262500e-04,2.12713120e-07,2.02078727e-03
7194,1.05225000e-04,2.24160224e-09,2.13029436e-05
7195,1.05187500e-04,2.60098894e-08,2.47271675e-04
7196,1.05150000e-04,3.22483184e-07,3.06688715e-03
7197,1.05112500e-04,-7.41026528e-08,-7.04984210e-04
7198,1.05075000e-04,8.78015025e-08,8.35607923e-04
7199,1.05037500e-04,1.64464347e-07,1.56576792e-03
7200,1.05000000e-04,-4.22717827e-08,-4.02588407e-04
7201,1.04962500e-04,-2.95044504e-08,-2.81095157e-04
7202,1.04925000e-04,3.55062699e-08,3.38396664e-04
7203,1.04887500e-04,-1.10570553e-07,-1.05418236e-03
7204,1.04850000e-04,-8.99349495e-08,-8.57748684e-04
7205,1.04812500e-04,-6.67553137e-08,-6.36902218e-04
7206,1.04775000e-04,7.60358696e-08,7.25706224e-04
7207,1.04737500e-04,-1.67923358e-07,-1.60327827e-03
7208,1.04700000e-04,1.55026223e-08,1.48067071e-04
7209,1.04662500e-04,2.29032182e-08,2.18829268e-04
7210,1.04625000e-04,1.60309633e-07,1.53223067e-03
7211,1.04587500e-04,-1.19778574e-08,-1.14524751e-04
7212,1.04550000e-04,1.41642820e-07,1.35478546e-03
7213,1.04512500e-04,3.40877679e-08,3.26159722e-04
7214,1.04475000e-04,1.19499376e-07,1.14380834e-03
7215,1.04437500e-04,-1.41063440e-07,-1.35069721e-03
7216,1.04400000e-04,-9.92610512e-08,-9.50776352e-04
7217,1.04362500e-04,-1.74436268e-07,-1.67144585e-03
7218,1.04325000e-04,-1.65470704e-07,-1.58610788e-03
7219,1.04287500e-04,2.50677241e-08,2.40371321e-04
7220,1.04250000e-04,7.04752918e-08,6.76021984e-04
7221,1.04212500e-04,-3.13327871e-07,-3.00662464e-03
7222,1.04175000e-04,2.50257858e-07,2.40228326e-03
7223,1.04137500e-04,2.44931897e-08,2.35200477e-04
7224,1.04100000e-04,2.74685676e-07,2.63867124e-03
7225,1.04062500e-04,3.52045957e-08,3.38302421e-04
7226,1.04025000e-04,8.79509590e-08,8.45479058e-04
7227,1.03987500e-04,7.35413153e-08,7.07213033e-04
7228,1.03950000e-04,-1.31145083e-07,-1.26161696e-03
7229,1.03912500e-04,-1.63748360e-07,-1.57582928e-03
7230,1.03875000e-04,4.20251401e-07,4.04574152e-03
7231,1.03837500e-04,-3.85877783e-08,-3.71616981e-04
7232,1.03800000e-04,-1.52100474e-08,-1.46532249e-04
7233,1.03762500e-04,1.42092575e-07,1.36940200e-03
7234,1.03725000e-04,-5.25729498e-08,-5.06849359e-04
7235,1.03687500e-04,1.82153053e-07,1.75675036e-03
7236,1.03650000e-04,-5.25469166e-08,-5.06964945e-04
7237,1.03612500e-04,-1.40971395e-07,-1.36056359e-03
7238,1.03575000e-04,7.80739620e-08,7.53791571e-04
7239,1.03537500e-04,-6.61263804e-08,-6.38670823e-04
7240,1.03500000e-04,1.63655654e-07,1.58121405e-03
7241,1.03462500e-04,-2.55738497e-08,-2.47179893e-04
7242,1.03425000e-04,1.81452504e-08,1.75443562e-04
7243,1.03387500e-04,-1.59209743e-07,-1.53993223e-03
7244,1.03350000e-04,2.06235573e-07,1.99550627e-03
7245,1.03312500e-04,1.97936128e-07,1.91589719e-03
7246,1.03275000e-04,-1.59647941e-07,-1.54585273e-03
7247,1.03237500e-04,3.89058805e-08,3.76858027e-04
7248,1.03200000e-04,-1.88101417e-07,-1.82268815e-03
7249,1.03162500e-04,-4.51227267e-08,-4.37394661e-04
7250,1.03125000e-04,-6.24921443e-08,-6.05984430e-04
7251,1.03087500e-04,1.00226373e-07,9.72245645e-04
7252,1.03050000e-04,-1.00419832e-07,-9.74476774e-04
7253,1.03012500e-04,-7.31957330e-08,-7.10551953e-04
7254,1.02975000e-04,-3.76298157e-08,-3.65426712e-04
7255,1.02937500e-04,-9.11012372e-08,-8.85015055e-04
7256,1.02900000e-04,1.77242652e-07,1.72247475e-03
7257,1.02862500e-04,1.09891501e-07,1.06833395e-03
7258,1.02825000e-04,-2.76298606e-08,-2.68707616e-04
7259,1.02787500e-04,6.61304485e-08,6.43370531e-04
7260,1.02750000e-04,3.27799499e-07,3.19026277e-03
7261,1.02712500e-04,-2.66886206e-07,-2.59838098e-03
7262,1.02675000e-04,-3.98649393e-08,-3.88263349e-04
7263,1.02637500e-04,-4.81676534e-08,-4.69298779e-04
7264,1.02600000e-04,2.94586844e-08,2.87121680e-04
7265,1.02562500e-04,-2.26913113e-07,-2.21243742e-03
7266,1.02525000e-04,-1.82607427e-07,-1.78110146e-03
7267,1.02487500e-04,1.99475119e-07,1.94633608e-03
7268,1.02450000e-04,-8.23547857e-08,-8.03853447e-04
7269,1.02412500e-04,1.31442917e-07,1.28346557e-03
7270,1.02375000e-04,4.89682428e-09,4.78322274e-05
7271,1.02337500e-04,7.68109225e-08,7.50564774e-04
7272,1.02300000e-04,6.71426577e-08,6.56330964e-04
7273,1.02262500e-04,-1.06573452e-07,-1.04215575e-03
7274,1.02225000e-04,-1.49829229e-07,-1.46568089e-03
7275,1.02187500e-04,1.19887305e-07,1.17320910e-03
7276,1.02150000e-04,5.82774473e-08,5.70508540e-04
7277,1.02112500e-04,-5.97371126e-08,-5.85012732e-04
7278,1.02075000e-04,1.23111853e-07,1.20609212e-03
7279,1.02037500e-04,2.38322364e-07,2.33563507e-03
7280,1.02000000e-04,9.32059943e-08,9.13784257e-04
7281,1.01962500e-04,-1.61398100e-07,-1.58291627e-03
7282,1.01925000e-04,-1.25952971e-07,-1.23574168e-03
7283,1.01887500e-04,3.48092044e-09,3.41643523e-05
7284,1.01850000e-04,-2.83354628e-07,-2.78207784e-03
7285,1.01812500e-04,-2.09242938e-07,-2.05517926e-03
7286,1.01775000e-04,7.10734376e-08,6.98338861e-04
7287,1.01737500e-04,-3.65348120e-07,-3.59108608e-03
7288,1.01700000e-04,-8.82874795e-08,-8.68116810e-04
7289,1.01662500e-04,2.08191837e-08,2.04787249e-04
7290,1.01625000e-04,-6.67801143e-08,-6.57122896e-04
7291,1.01587500e-04,-2.87822891e-08,-2.83325105e-04
7292,1.01550000e-04,9.68945697e-08,9.54156275e-04
7293,1.01512500e-04,2.04784352e-07,2.01733138e-03
7294,1.01475000e-04,1.23578915e-07,1.21782621e-03
7295,1.01437500e-04,4.83073301e-08,4.76227531e-04
7296,1.01400000e-04,2.91068720e-07,2.87050020e-03
7297,1.01362500e-04,-2.07032341e-07,-2.04249442e-03
7298,1.01325000e-04,-2.44369713e-07,-2.41174156e-03
7299,1.01287500e-04,-1.81720668e-07,-1.79410754e-03
7300,1.01250000e-04,-1.53556267e-07,-1.51660511e-03
7301,1.01212500e-04,-3.65438084e-08,-3.61060229e-04
7302,1.01175000e-04,1.81126857e-07,1.79023332e-03
7303,1.01137500e-04,3.77834761e-08,3.73585229e-04
7304,1.01100000e-04,3.37053896e-09,3.33386643e-05
7305,1.01062500e-04,-3.10137975e-08,-3.06877403e-04
7306,1.01025000e-04,-2.61874189e-09,-2.59217213e-05
7307,1.00987500e-04,2.65600840e-07,2.63003679e-03
7308,1.00950000e-04,3.84169943e-08,3.80554673e-04
7309,1.00912500e-04,-1.34831273e-08,-1.33612063e-04
7310,1.00875000e-04,-4.70532672e-08,-4.66451224e-04
7311,1.00837500e-04,-1.91979055e-09,-1.90384584e-05
7312,1.00800000e-04,3.17760200e-08,3.15238294e-04
7313,1.00762500e-04,7.40305853e-08,7.34703737e-04
7314,1.00725000e-04,-2.86462228e-07,-2.84400326e-03
7315,1.00687500e-04,6.38345794e-08,6.33987132e-04
7316,1.00650000e-04,-2.67303787e-07,-2.65577533e-03
7317,1.00612500e-04,-1.81564461e-07,-1.80459149e-03
7318,1.00575000e-04,-1.90867615e-07,-1.89776400e-03
7319,1.00537500e-04,2.73003208e-07,2.71543660e-03
7320,1.00500000e-04,1.06632342e-07,1.06101833e-03
7321,1.00462500e-04,-6.57068484e-08,-6.54043533e-04
7322,1.00425000e-04,1.15622760e-07,1.15133443e-03
7323,1.00387500e-04,1.89912204e-07,1.89179135e-03
7324,1.00350000e-04,-1.48584556e-07,-1.48066323e-03
7325,1.00312500e-04,1.35377339e-07,1.34955603e-03
7326,1.00275000e-04,9.57196186e-08,9.54571115e-04
7327,1.00237500e-04,6.77026839e-08,6.75422710e-04
7328,1.00200000e-04,3.96502004e-07,3.95710583e-03
7329,1.00162500e-04,-3.54686851e-07,-3.54111420e-03
7330,1.00125000e-04,-1.12198507e-07,-1.12058434e-03
7331,1.00087500e-04,-1.02140084e-08,-1.02050790e-04
7332,1.00050000e-04,1.66656111e-09,1.66572825e-05
7333,1.00012500e-04,-7.08546475e-08,-7.08457918e-04
7334,9.99750000e-05,6.04281736e-08,6.04432844e-04
7335,9.99375000e-05,-6.61906214e-08,-6.62320164e-04
7336,9.99000000e-05,-2.61911385e-07,-2.62173559e-03
7337,9.98625000e-05,-8.98462666e-08,-8.99699754e-04
7338,9.98250000e-05,1.74139470e-07,1.74444748e-03
7339,9.97875000e-05,-2.13557081e-08,-2.14011856e-04
7340,9.97500000e-05,-1.58366920e-07,-1.58763829e-03
7341,9.97125000e-05,1.59049785e-07,1.59508372e-03
7342,9.96750000e-05,6.26959817e-08,6.29004081e-04
7343,9.96375000e-05,8.32794405e-08,8.35824268e-04
7344,9.96000000e-05,-4.06327683e-08,-4.07959521e-04
7345,9.95625000e-05,1.30628508e-07,1.31202519e-03
7346,9.95250000e-05,7.85568468e-08,7.89317727e-04
7347,9.94875000e-05,-7.58270489e-08,-7.62176644e-04
7348,9.94500000e-05,1.30693860e-07,1.31416652e-03
7349,9.94125000e-05,8.05220779e-08,8.09979408e-04
7350,9.93750000e-05,1.40829210e-07,1.41714929e-03
7351,9.93375000e-05,-7.77908840e-08,-7.83096856e-04
7352,9.93000000e-05,5.94906733e-08,5.99100436e-04
7353,9.92625000e-05,-1.04879028e-07,-1.05658258e-03
7354,9.92250000e-05,-1.35766589e-07,-1.36826998e-03
7355,9.91875000e-05,-9.66647491e-08,-9.74565838e-04
7356,9.91500000e-05,-9.74480017e-08,-9.82834107e-04
7357,9.91125000e-05,2.94181952e-08,2.96816196e-04
7358,9.90750000e-05,-2.51284419e-08,-2.53630501e-04
7359,9.90375000e-05,-8.19650534e-08,-8.27616341e-04
7360,9.90000000e-05,1.04379228e-07,1.05433564e-03
7361,9.89625000e-05,2.17147420e-08,2.19423943e-04
7362,9.89250000e-05,1.14992153e-07,1.16241752e-03
7363,9.88875000e-05,1.10297852e-07,1.11538720e-03
7364,9.88500000e-05,2.29817852e-07,2.32491504e-03
7365,9.88125000e-05,-1.05404126e-07,-1.06670843e-03
7366,9.87750000e-05,6.36753386e-08,6.44650352e-04
7367,9.87375000e-05,-9.54005634e-08,-9.66203959e-04
7368,9.87000000e-05,-3.92670004e-07,-3.97841949e-03
7369,9.86625000e-05,-2.94710127e-08,-2.98705311e-04
7370,9.86250000e-05,3.62319073e-08,3.67370416e-04
7371,9.85875000e-05,3.90049260e-08,3.95637641e-04
7372,9.85500000e-05,1.63571118e-08,1.65977796e-04
7373,9.85125000e-05,6.45107208e-08,6.54848073e-04
7374,9.84750000e-05,3.39635209e-08,3.44894855e-04
7375,9.84375000e-05,-3.30174941e-07,-3.35415813e-03
7376,9.84000000e-05,-1.79189353e-07,-1.82103001e-03
7377,9.83625000e-05,3.04965581e-07,3.10042528e-03
7378,9.83250000e-05,-8.20688557e-08,-8.34669267e-04
7379,9.82875000e-05,6.71423940e-08,6.83122411e-04
7380,9.82500000e-05,-1.71252466e-07,-1.74302765e-03
7381,9.82125000e-05,2.67007130e-07,2.71866748e-03
7382,9.81750000e-05,1.10066563e-07,1.12112619e-03
7383,9.81375000e-05,-1.19507468e-07,-1.21775538e-03
7384,9.81000000e-05,-8.93800067e-08,-9.11111180e-04
7385,9.80625000e-05,7.57248200e-08,7.72209764e-04
7386,9.80250000e-05,1.32782175e-07,1.35457459e-03
7387,9.79875000e-05,2.74275254e-08,2.79908410e-04
7388,9.79500000e-05,7.27024909e-08,7.42240847e-04
7389,9.79125000e-05,5.06089162e-08,5.16879011e-04
7390,9.78750000e-05,-1.82267130e-07,-1.86224398e-03
7391,9.78375000e-05,-5.44396761e-08,-5.56429550e-04
7392,9.78000000e-05,2.69800866e-08,2.75870006e-04
7393,9.77625000e-05,-4.87377756e-08,-4.98532419e-04
7394,9.77250000e-05,1.56856813e-07,1.60508378e-03
7395,9.76875000e-05,-8.89384879e-08,-9.10438776e-04
7396,9.76500000e-05,1.29573773e-07,1.32692035e-03
7397,9.76125000e-05,6.68250628e-08,6.84595342e-04
7398,9.75750000e-05,8.41471299e-08,8.62384114e-04
7399,9.75375000e-05,-1.81764728e-08,-1.86353687e-04
7400,9.75000000e-05,-1.22924362e-07,-1.26076269e-03
7401,9.74625000e-05,-1.87971714e-07,-1.92865680e-03
7402,9.74250000e-05,3.87353438e-09,3.97591417e-05
7403,9.73875000e-05,1.77225442e-07,1.81979661e-03
7404,9.73500000e-05,-1.29043495e-07,-1.32556235e-03
7405,9.73125000e-05,8.40123757e-08,8.63325634e-04
7406,9.72750000e-05,-1.02960672e-07,-1.05844947e-03
7407,9.72375000e-05,1.77640969e-07,1.82687717e-03
7408,9.72000000e-05,-2.05067694e-07,-2.10974994e-03
7409,9.71625000e-05,1.95752491e-07,2.01469179e-03
7410,9.71250000e-05,1.96182995e-07,2.01990213e-03
7411,9.70875000e-05,-8.59003439e-08,-8.84772437e-04
7412,9.70500000e-05,-2.53396042e-07,-2.61098446e-03
7413,9.70125000e-05,8.35150709e-08,8.60869175e-04
7414,9.69750000e-05,-1.09138222e-07,-1.12542636e-03
7415,9.69375000e-05,2.44240048e-07,2.51956207e-03
7416,9.69000000e-05,6.66670803e-08,6.87998765e-04
7417,9.68625000e-05,7.97228932e-08,8.23052194e-04
7418,9.68250000e-05,-2.00378910e-07,-2.06949559e-03
7419,9.67875000e-05,-1.69675041e-08,-1.75306771e-04
7420,9.67500000e-05,1.01062685e-07,1.04457555e-03
7421,9.67125000e-05,1.79086494e-07,1.85174092e-03
7422,9.66750000e-05,-9.08261006e-08,-9.39499360e-04
7423,9.66375000e-05,2.88113577e-08,2.98138484e-04
7424,9.66000000e-05,9.29968638e-08,9.62700453e-04
7425,9.65625000e-05,1.59971371e-07,1.65666145e-03
7426,9.65250000e-05,8.99028403e-08,9.31394357e-04
7427,9.64875000e-05,-3.51508521e-07,-3.64304724e-03
7428,9.64500000e-05,-2.34482055e-07,-2.43112551e-03
7429,9.64125000e-05,7.76256055e-08,8.05140469e-04
7430,9.63750000e-05,-1.43229791e-07,-1.48617163e-03
7431,9.63375000e-05,2.32115182e-08,2.40939594e-04
7432,9.63000000e-05,5.64821263e-08,5.86522599e-04
7433,9.62625000e-05,-2.84116928e-07,-2.95148088e-03
7434,9.62250000e-05,8.46658996e-08,8.79874249e-04
7435,9.61875000e-05,8.07694800e-10,8.39708694e-06
7436,9.61500000e-05,1.54250695e-07,1.60427140e-03
7437,9.61125000e-05,-1.37428412e-07,-1.42987033e-03
7438,9.60750000e-05,-9.54708872e-08,-9.93712071e-04
7439,9.60375000e-05,1.15449893e-07,1.20213347e-03
7440,9.60000000e-05,-3.54387786e-08,-3.69153944e-04
7441,9.59625000e-05,1.79604638e-07,1.87161274e-03
7442,9.59250000e-05,-1.00125993e-07,-1.04379456e-03
7443,9.58875000e-05,9.89100537e-08,1.03152187e-03
7444,9.58500000e-05,5.19490335e-08,5.41982614e-04
7445,9.58125000e-05,-8.76764275e-08,-9.15083392e-04
7446,9.57750000e-05,2.58925872e-08,2.70348078e-04
7447,9.57375000e-05,-1.69474870e-07,-1.77020363e-03
7448,9.57000000e-05,1.03062871e-07,1.07693700e-03
7449,9.56625000e-05,-1.14455864e-07,-1.19645487e-03
7450,9.56250000e-05,3.35739112e-08,3.51099725e-04
7451,9.55875000e-05,1.63411684e-08,1.70955077e-04
7452,9.55500000e-05,-1.93150343e-07,-2.02145832e-03
7453,9.55125000e-05,-2.25807246e-07,-2.36416434e-03
7454,9.54750000e-05,-1.61887132e-07,-1.69559709e-03
7455,9.54375000e-05,1.35258733e-08,1.41724933e-04
7456,9.54000000e-05,-8.29470010e-08,-8.69465420e-04
7457,9.53625000e-05,-7.59835010e-08,-7.96785959e-04
7458,9.53250000e-05,1.00018037e-07,1.04923196e-03
7459,9.52875000e-05,8.13107226e-08,8.53319928e-04
7460,9.52500000e-05,1.48891642e-07,1.56316685e-03
7461,9.52125000e-05,-1.22008772e-07,-1.28143650e-03
7462,9.51750000e-05,-1.03219860e-07,-1.08452703e-03
7463,9.51375000e-05,1.38269439e-07,1.45336423e-03
7464,9.51000000e-05,-9.55726875e-09,-1.00497043e-04
7465,9.50625000e-05,-3.31495174e-08,-3.48712872e-04
7466,9.50250000e-05,1.44602012e-07,1.52172599e-03
7467,9.49875000e-05,8.30817626e-08,8.74659956e-04
7468,9.49500000e-05,-1.14971893e-07,-1.21086775e-03
7469,9.49125000e-05,4.72550523e-08,4.97880177e-04
7470,9.48750000e-05,6.01485324e-08,6.33976626e-04
7471,9.48375000e-05,1.45369572e-07,1.53282796e-03
7472,9.48000000e-05,2.03704948e-07,2.14878637e-03
7473,9.47625000e-05,-1.89259100e-08,-1.99719403e-04
7474,9.47250000e-05,-1.44330513e-07,-1.52367921e-03
7475,9.46875000e-05,1.11570096e-07,1.17829805e-03
7476,9.46500000e-05,5.85765063e-08,6.18874869e-04
7477,9.46125000e-05,-8.71549126e-08,-9.21177568e-04
7478,9.45750000e-05,-2.27884605e-07,-2.40956494e-03
7479,9.45375000e-05,1.43167094e-07,1.51439476e-03
7480,9.45000000e-05,-5.51713031e-09,-5.83823313e-05
7481,9.44625000e-05,2.72179601e-07,2.88135081e-03
7482,9.44250000e-05,6.48192837e-08,6.86463158e-04
7483,9.43875000e-05,1.55433419e-07,1.64675851e-03
7484,9.43500000e-05,2.03166581e-08,2.15332890e-04
7485,9.43125000e-05,5.89552314e-08,6.25105170e-04
7486,9.42750000e-05,-1.78316410e-07,-1.89144959e-03
7487,9.42375000e-05,-1.15128052e-07,-1.22167982e-03
7488,9.42000000e-05,1.26258575e-07,1.34032458e-03
7489,9.41625000e-05,-2.34105384e-07,-2.48618488e-03
7490,9.41250000e-05,-1.96029232e-07,-2.08264788e-03
7491,9.40875000e-05,-3.57933758e-08,-3.80426473e-04
7492,9.40500000e-05,2.17838727e-08,2.31620124e-04
7493,9.40125000e-05,-3.11969576e-07,-3.31838400e-03
7494,9.39750000e-05,-7.33446399e-08,-7.80469699e-04
7495,9.39375000e-05,1.43637040e-07,1.52907029e-03
7496,9.39000000e-05,-2.85609188e-07,-3.04163140e-03
7497,9.38625000e-05,8.55841855e-08,9.11803814e-04
7498,9.38250000e-05,-1.81862772e-07,-1.93831892e-03
7499,9.37875000e-05,1.09300283e-07,1.16540353e-03
7500,9.37500000e-05,1.62232470e-07,1.73047968e-03
7501,9.37125000e-05,1.44077096e-07,1.53743733e-03
7502,9.36750000e-05,1.07423753e-07,1.14677078e-03
7503,9.36375000e-05,-3.37199548e-08,-3.60111652e-04
7504,9.36000000e-05,7.24195091e-08,7.73712704e-04
7505,9.35625000e-05,1.41446819e-07,1.51178965e-03
7506,9.35250000e-05,-1.59378142e-08,-1.70412341e-04
7507,9.34875000e-05,-6.53698962e-08,-6.99236755e-04
7508,9.34500000e-05,-8.19855477e-08,-8.77319932e-04
7509,9.34125000e-05,5.86871061e-08,6.28257525e-04
7510,9.33750000e-05,2.17737381e-07,2.33185950e-03
7511,9.33375000e-05,-2.10972153e-07,-2.26031502e-03
7512,9.33000000e-05,-7.26536857e-08,-7.78710458e-04
7513,9.32625000e-05,2.45487957e-08,2.63222578e-04
7514,9.32250000e-05,-6.82082022e-08,-7.31651405e-04
7515,9.31875000e-05,-1.31080840e-07,-1.40663544e-03
7516,9.31500000e-05,3.58569708e-08,3.84937959e-04
7517,9.31125000e-05,-4.01074098e-08,-4.30741413e-04
7518,9.30750000e-05,-1.03908895e-08,-1.11639962e-04
7519,9.30375000e-05,-9.86920847e-08,-1.06077748e-03
7520,9.30000000e-05,-4.56997702e-07,-4.91395378e-03
7521,9.29625000e-05,-3.96989073e-08,-4.27042165e-04
7522,9.29250000e-05,3.41760766e-08,3.67781293e-04
7523,9.28875000e-05,2.16284532e-07,2.32845681e-03
7524,9.28500000e-05,-9.23190946e-09,-9.94282117e-05
7525,9.28125000e-05,-1.90302990e-07,-2.05040259e-03
7526,9.27750000e-05,1.64781551e-07,1.77614175e-03
7527,9.27375000e-05,-6.27590060e-08,-6.76738169e-04
7528,9.27000000e-05,-1.75151403e-07,-1.88944339e-03
7529,9.26625000e-05,5.72870165e-08,6.18233012e-04
7530,9.26250000e-05,1.11149616e-07,1.19999586e-03
7531,9.25875000e-05,-1.19850698e-07,-1.29445874e-03
7532,9.25500000e-05,5.67161145e-08,6.12815932e-04
7533,9.25125000e-05,-8.73055459e-08,-9.43716210e-04
7534,9.24750000e-05,-9.56330124e-08,-1.03414990e-03
7535,9.24375000e-05,-9.75022905e-08,-1.05479151e-03
7536,9.24000000e-05,-2.00465441e-07,-2.16953941e-03
7537,9.23625000e-05,2.44994984e-08,2.65253739e-04
7538,9.23250000e-05,1.06761900e-07,1.15637043e-03
7539,9.22875000e-05,-1.64683927e-07,-1.78446623e-03
7540,9.22500000e-05,-4.63450385e-08,-5.02385241e-04
7541,9.22125000e-05,-1.65491629e-07,-1.79467674e-03
7542,9.21750000e-05,4.30003335e-08,4.66507551e-04
7543,9.21375000e-05,1.01867141e-08,1.10559915e-04
7544,9.21000000e-05,4.90553560e-08,5.32631444e-04
7545,9.20625000e-05,3.80375709e-09,4.13171170e-05
7546,9.20250000e-05,3.67409947e-09,3.99250146e-05
7547,9.19875000e-05,-7.83340287e-09,-8.51572537e-05
7548,9.19500000e-05,1.55883127e-07,1.69530317e-03
7549,9.19125000e-05,-7.30367489e-09,-7.94633471e-05
7550,9.18750000e-05,-1.58161717e-08,-1.72148808e-04
7551,9.18375000e-05,-1.22619120e-07,-1.33517485e-03
7552,9.18000000e-05,-5.36743616e-08,-5.84688035e-04
7553,9.17625000e-05,1.42176066e-07,1.54939181e-03
7554,9.17250000e-05,-3.66621846e-08,-3.99696752e-04
7555,9.16875000e-05,2.26478845e-07,2.47011692e-03
7556,9.16500000e-05,1.47449679e-08,1.60883447e-04
7557,9.16125000e-05,2.02777849e-07,2.21342992e-03
7558,9.15750000e-05,-2.23237500e-08,-2.43775593e-04
7559,9.15375000e-05,-1.15356594e-07,-1.26021133e-03
7560,9.15000000e-05,1.69921055e-09,1.85706071e-05
7561,9.14625000e-05,-1.82054798e-07,-1.99048570e-03
7562,9.14250000e-05,-1.41005785e-09,-1.54231102e-05
7563,9.13875000e-05,1.93394545e-09,2.11620347e-05
7564,9.13500000e-05,-8.61309690e-09,-9.42867751e-05
7565,9.13125000e-05,-8.66047787e-08,-9.48443846e-04
7566,9.12750000e-05,1.09944548e-07,1.20454174e-03
7567,9.12375000e-05,2.38793925e-08,2.61727826e-04
7568,9.12000000e-05,-1.14805169e-07,-1.25882861e-03
7569,9.11625000e-05,-1.66771456e-07,-1.82938660e-03
7570,9.11250000e-05,6.88096613e-08,7.55112882e-04
7571,9.10875000e-05,8.31095828e-08,9.12414796e-04
7572,9.10500000e-05,-1.94156141e-07,-2.13241232e-03
7573,9.10125000e-05,8.36646774e-08,9.19265787e-04
7574,9.09750000e-05,4.15195505e-08,4.56384177e-04
7575,9.09375000e-05,-4.71034565e-08,-5.17976154e-04
7576,9.09000000e-05,-7.94026271e-08,-8.73516250e-04
7577,9.08625000e-05,2.25388357e-07,2.48054320e-03
7578,9.08250000e-05,3.76968126e-07,4.15048858e-03
7579,9.07875000e-05,1.78807669e-07,1.96951859e-03
7580,9.07500000e-05,5.31684241e-08,5.85877952e-04
7581,9.07125000e-05,1.62559320e-07,1.79202779e-03
7582,9.06750000e-05,-1.26331904e-07,-1.39323854e-03
7583,9.06375000e-05,-1.08812076e-08,-1.20051939e-04
7584,9.06000000e-05,-2.98482429e-07,-3.29450805e-03
7585,9.05625000e-05,-1.70180940e-07,-1.87915462e-03
7586,9.05250000e-05,3.50818268e-08,3.87537440e-04
7587,9.04875000e-05,-1.04446808e-07,-1.15426780e-03
7588,9.04500000e-05,-2.17880860e-08,-2.40885417e-04
7589,9.04125000e-05,-1.90777055e-07,-2.11007388e-03
7590,9.03750000e-05,6.19004196e-08,6.84928571e-04
7591,9.03375000e-05,8.57625664e-08,9.49357314e-04
7592,9.03000000e-05,1.12641181e-07,1.24741064e-03
7593,9.02625000e-05,2.56488133e-07,2.84158020e-03
7594,9.02250000e-05,1.80807069e-07,2.00395754e-03
7595,9.01875000e-05,1.00665210e-07,1.11617697e-03
7596,9.01500000e-05,2.45704146e-08,2.72550356e-04
7597,9.01125000e-05,3.90637931e-08,4.33500270e-04
7598,9.00750000e-05,4.92146408e-08,5.46374031e-04
7599,9.00375000e-05,1.26523140e-07,1.40522716e-03
7600,9.00000000e-05,8.52817994e-09,9.47575549e-05
7601,8.99625000e-05,-3.95908781e-08,-4.40082013e-04
7602,8.99250000e-05,-6.30281285e-08,-7.00896619e-04
7603,8.98875000e-05,1.31529333e-07,1.46326611e-03
7604,8.98500000e-05,-1.87977953e-07,-2.09213081e-03
7605,8.98125000e-05,-1.11501918e-07,-1.24149665e-03
7606,8.97750000e-05,3.70519597e-08,4.12720242e-04
7607,8.97375000e-05,5.05209146e-08,5.62985536e-04
7608,8.97000000e-05,-4.75696706e-08,-5.30319628e-04
7609,8.96625000e-05,3.60681018e-08,4.02265182e-04
7610,8.96250000e-05,-4.81658491e-10,-5.37415332e-06
7611,8.95875000e-05,-9.53012569e-08,-1.06377851e-03
7612,8.95500000e-05,8.12063463e-08,9.06826871e-04
7613,8.95125000e-05,-2.72174134e-08,-3.04062711e-04
7614,8.94750000e-05,6.17221185e-09,6.89825298e-05
7615,8.94375000e-05,-5.76970974e-08,-6.45110803e-04
7616,8.94000000e-05,1.81925245e-07,2.03495799e-03
7617,8.93625000e-05,1.29529659e-07,1.44948563e-03
7618,8.93250000e-05,-6.43894089e-08,-7.20844208e-04
7619,8.92875000e-05,-5.43384693e-08,-6.08578684e-04
7620,8.92500000e-05,-1.40731790e-07,-1.57682678e-03
7621,8.92125000e-05,-1.27229707e-08,-1.42614215e-04
7622,8.91750000e-05,2.45773890e-09,2.75608511e-05
7623,8.91375000e-05,2.98427565e-08,3.34794632e-04
7624,8.91000000e-05,-3.17163078e-08,-3.55963051e-04
7625,8.90625000e-05,-1.36020618e-07,-1.52724905e-03
7626,8.90250000e-05,-2.41819421e-07,-2.71630914e-03
7627,8.89875000e-05,-1.67157184e-07,-1.87843444e-03
7628,8.89500000e-05,-5.53249975e-08,-6.21978611e-04
7629,8.89125000e-05,6.92162239e-09,7.78475736e-05
7630,8.88750000e-05,8.34630367e-08,9.39105898e-04
7631,8.88375000e-05,1.68451535e-07,1.89617600e-03
7632,8.88000000e-05,2.46530529e-08,2.77624470e-04
7633,8.87625000e-05,7.59093266e-08,8.55195906e-04
7634,8.87250000e-05,-1.27610342e-08,-1.43826816e-04
7635,8.86875000e-05,2.28398579e-07,2.57531872e-03
7636,8.86500000e-05,-1.49240474e-07,-1.68347969e-03
7637,8.86125000e-05,1.41706134e-07,1.59916641e-03
7638,8.85750000e-05,-1.29918485e-08,-1.46676247e-04
7639,8.85375000e-05,-8.75914363e-09,-9.89314543e-05
7640,8.85000000e-05,2.47738035e-08,2.79929983e-04
7641,8.84625000e-05,-3.46555931e-08,-3.91754620e-04
7642,8.84250000e-05,2.03453464e-07,2.30085908e-03
7643,8.83875000e-05,-1.51059373e-08,-1.70905810e-04
7644,8.83500000e-05,8.93665009e-08,1.01150539e-03
7645,8.83125000e-05,-1.32632082e-07,-1.50184948e-03
7646,8.82750000e-05,1.33315308e-07,1.51022722e-03
7647,8.82375000e-05,3.70934727e-08,4.20382181e-04
7648,8.82000000e-05,4.90024279e-08,5.55583083e-04
7649,8.81625000e-05,5.61129170e-08,6.36471481e-04
7650,8.81250000e-05,-3.13726356e-09,-3.56001539e-05
7651,8.80875000e-05,-2.33569629e-07,-2.65156383e-03
7652,8.80500000e-05,-1.35142890e-07,-1.53484259e-03
7653,8.80125000e-05,-8.88655953e-08,-1.00969289e-03
7654,8.79750000e-05,2.38094802e-08,2.70639161e-04
7655,8.79375000e-05,-1.40514230e-07,-1.59788747e-03
7656,8.79000000e-05,1.86069955e-08,2.11683680e-04
7657,8.78625000e-05,4.21309969e-08,4.79510564e-04
7658,8.78250000e-05,7.97741285e-08,9.08330527e-04
7659,8.77875000e-05,2.19680341e-07,2.50241027e-03
7660,8.77500000e-05,6.58003718e-08,7.49861787e-04
7661,8.77125000e-05,-1.15027223e-08,-1.31141198e-04
7662,8.76750000e-05,-1.60088478e-07,-1.82593075e-03
7663,8.76375000e-05,-5.34873210e-08,-6.10324587e-04
7664,8.76000000e-05,1.36170393e-07,1.55445654e-03
7665,8.75625000e-05,-3.59117793e-08,-4.10127387e-04
7666,8.75250000e-05,2.93639473e-08,3.35492114e-04
7667,8.74875000e-05,-1.79676416e-07,-2.05373814e-03
7668,8.74500000e-05,1.36355354e-07,1.55923790e-03
7669,8.74125000e-05,-1.13544488e-07,-1.29895025e-03
7670,8.73750000e-05,-4.48713868e-08,-5.13549492e-04
7671,8.73375000e-05,1.59650305e-07,1.82796971e-03
7672,8.73000000e-05,1.26106452e-07,1.44451835e-03
7673,8.72625000e-05,2.06642670e-07,2.36805810e-03
7674,8.72250000e-05,2.05215858e-08,2.35271834e-04
7675,8.71875000e-05,-1.23873415e-07,-1.42077035e-03
7676,8.71500000e-05,1.90126634e-08,2.18160223e-04
7677,8.71125000e-05,-9.48641601e-08,-1.08898448e-03
7678,8.70750000e-05,-1.61353494e-07,-1.85304041e-03
7679,8.70375000e-05,2.35579457e-07,2.70664319e-03
7680,8.70000000e-05,9.75426895e-09,1.12118034e-04
7681,8.69625000e-05,3.33689272e-08,3.83716282e-04
7682,8.69250000e-05,8.12318800e-08,9.34505378e-04
7683,8.68875000e-05,6.39201394e-08,7.35665538e-04
7684,8.68500000e-05,-6.74335663e-08,-7.76437148e-04
7685,8.68125000e-05,-3.11645647e-07,-3.58987066e-03
7686,8.67750000e-05,-1.22625018e-07,-1.41313763e-03
7687,8.67375000e-05,-3.63314834e-08,-4.18867080e-04
7688,8.67000000e-05,-1.85839492e-07,-2.14347742e-03
7689,8.66625000e-05,-1.68279061e-07,-1.94177483e-03
7690,8.66250000e-05,-4.21421960e-08,-4.86489997e-04
7691,8.65875000e-05,-9.10362479e-08,-1.05137864e-03
7692,8.65500000e-05,3.19566325e-08,3.69227411e-04
7693,8.65125000e-05,-4.77462723e-08,-5.51900272e-04
7694,8.64750000e-05,2.08547738e-07,2.41165352e-03
7695,8.64375000e-05,8.66186626e-08,1.00209588e-03
7696,8.64000000e-05,2.71939578e-07,3.14744882e-03
7697,8.63625000e-05,7.78528064e-08,9.01465409e-04
7698,8.63250000e-05,1.00680189e-08,1.16629237e-04
7699,8.62875000e-05,-4.97642727e-09,-5.76726324e-05
7700,8.62500000e-05,-8.04943268e-09,-9.33267557e-05
7701,8.62125000e-05,-6.97361680e-08,-8.08886971e-04
7702,8.61750000e-05,5.04196684e-11,5.85084635e-07
7703,8.61375000e-05,4.99863084e-08,5.80308326e-04
7704,8.61000000e-05,3.55284830e-08,4.12642079e-04
7705,8.60625000e-05,9.86789415e-08,1.14659627e-03
7706,8.60250000e-05,1.13869866e-07,1.32368342e-03
7707,8.59875000e-05,2.38822784e-08,2.77741281e-04
7708,8.59500000e-05,-6.30409744e-08,-7.33461017e-04
7709,8.59125000e-05,2.57690772e-07,2.99945610e-03
7710,8.58750000e-05,-1.52479560e-07,-1.77559895e-03
7711,8.58375000e-05,-9.31720485e-08,-1.08544690e-03
7712,8.58000000e-05,9.16238920e-08,1.06787753e-03
7713,8.57625000e-05,1.39209546e-08,1.62319832e-04
7714,8.57250000e-05,1.87066398e-07,2.18216854e-03
7715,8.56875000e-05,-4.22788009e-08,-4.93406867e-04
7716,8.56500000e-05,1.52781950e-07,1.78379392e-03
7717,8.56125000e-05,-1.74199324e-07,-2.03474170e-03
7718,8.55750000e-05,-9.05308435e-08,-1.05791228e-03
7719,8.55375000e-05,-1.28374205e-08,-1.50079444e-04
7720,8.55000000e-05,-7.10800907e-08,-8.31346090e-04
7721,8.54625000e-05,7.00394321e-08,8.19534090e-04
7722,8.54250000e-05,-1.77149246e-08,-2.07374008e-04
7723,8.53875000e-05,9.67583969e-09,1.13316817e-04
7724,8.53500000e-05,-1.47262066e-07,-1.72539035e-03
7725,8.53125000e-05,-1.13681662e-07,-1.33253231e-03
7726,8.52750000e-05,3.31626313e-08,3.88890429e-04
7727,8.52375000e-05,1.01917830e-07,1.19569239e-03
7728,8.52000000e-05,7.75702222e-08,9.10448618e-04
7729,8.51625000e-05,1.45669867e-07,1.71049308e-03
7730,8.51250000e-05,-1.86782485e-07,-2.19421422e-03
7731,8.50875000e-05,-4.94325598e-08,-5.80961479e-04
7732,8.50500000e-05,-5.56984989e-08,-6.54891228e-04
7733,8.50125000e-05,-3.52235481e-08,-4.14333752e-04
7734,8.49750000e-05,-4.79892126e-09,-5.64745073e-05
7735,8.49375000e-05,4.37302889e-08,5.14852556e-04
7736,8.49000000e-05,-9.80420922e-08,-1.15479496e-03
7737,8.48625000e-05,-2.54708379e-07,-3.00142441e-03
7738,8.48250000e-05,-1.71277613e-07,-2.01918789e-03
7739,8.47875000e-05,3.79773464e-08,4.47912091e-04
7740,8.47500000e-05,-1.57786005e-07,-1.86178177e-03
7741,8.47125000e-05,5.89075980e-08,6.95382594e-04
7742,8.46750000e-05,1.33499742e-07,1.57661343e-03
7743,8.46375000e-05,4.54047488e-08,5.36461366e-04
7744,8.46000000e-05,8.84163196e-08,1.04511016e-03
7745,8.45625000e-05,-9.57136064e-08,-1.13186822e-03
7746,8.45250000e-05,-1.30894609e-07,-1.54859046e-03
7747,8.44875000e-05,-2.90183158e-07,-3.43462829e-03
7748,8.44500000e-05,1.13615311e-07,1.34535596e-03
7749,8.44125000e-05,-2.49288474e-08,-2.95321752e-04
7750,8.43750000e-05,1.08342197e-07,1.28405566e-03
7751,8.43375000e-05,4.87396967e-08,5.77912515e-04
7752,8.43000000e-05,1.47462612e-07,1.74925992e-03
7753,8.42625000e-05,1.53012247e-09,1.81589969e-05
7754,8.42250000e-05,7.65239001e-08,9.08565154e-04
7755,8.41875000e-05,9.27168351e-08,1.10131356e-03
7756,8.41500000e-05,6.73607370e-08,8.00484100e-04
7757,8.41125000e-05,3.02701584e-08,3.59877050e-04
7758,8.40750000e-05,7.62724421e-08,9.07195268e-04
7759,8.40375000e-05,2.18844029e-07,2.60412351e-03
7760,8.40000000e-05,6.43360952e-08,7.65905896e-04
7761,8.39625000e-05,1.72621113e-08,2.05593108e-04
7762,8.39250000e-05,3.10033754e-09,3.69417640e-05
7763,8.38875000e-05,8.08017537e-08,9.63215661e-04
7764,8.38500000e-05,-4.07042888e-09,-4.85441727e-05
7765,8.38125000e-05,-1.65217221e-07,-1.97127184e-03
7766,8.37750000e-05,-1.98277537e-07,-2.36678648e-03
7767,8.37375000e-05,1.04200311e-07,1.24436854e-03
7768,8.37000000e-05,9.12550563e-08,1.09026352e-03
7769,8.36625000e-05,-3.52495810e-12,-4.21330716e-08
7770,8.36250000e-05,-1.39896056e-07,-1.67289753e-03
7771,8.35875000e-05,-1.38578809e-07,-1.65788914e-03
7772,8.35500000e-05,4.51889060e-08,5.40860634e-04
7773,8.35125000e-05,6.25631522e-08,7.49147160e-04
7774,8.34750000e-05,-6.06046755e-08,-7.26021869e-04
7775,8.34375000e-05,6.09011557e-08,7.29901491e-04
7776,8.34000000e-05,-1.71281248e-07,-2.05373199e-03
7777,8.33625000e-05,3.10339826e-07,3.72277495e-03
7778,8.33250000e-05,-3.27753025e-09,-3.93342964e-05
7779,8.32875000e-05,1.18593063e-08,1.42389990e-04
7780,8.32500000e-05,1.34993001e-07,1.62153755e-03
7781,8.32125000e-05,3.62667659e-08,4.35833149e-04
7782,8.31750000e-05,-1.57383350e-07,-1.89219537e-03
7783,8.31375000e-05,2.37316686e-08,2.85450833e-04
7784,8.31000000e-05,-9.96484666e-08,-1.19913919e-03
7785,8.30625000e-05,-1.55766963e-07,-1.87529828e-03
7786,8.30250000e-05,-1.91710883e-08,-2.30907417e-04
7787,8.29875000e-05,-1.89476571e-07,-2.28319411e-03
7788,8.29500000e-05,8.29649998e-08,1.00018083e-03
7789,8.29125000e-05,-3.63173274e-08,-4.38019930e-04
7790,8.28750000e-05,-1.15501131e-07,-1.39367881e-03
7791,8.28375000e-05,5.79274304e-08,6.99289940e-04
7792,8.28000000e-05,2.49654439e-08,3.01515023e-04
7793,8.27625000e-05,-1.01352214e-07,-1.22461519e-03
7794,8.27250000e-05,-1.27107338e-07,-1.53650454e-03
7795,8.26875000e-05,-1.47846213e-07,-1.78801165e-03
7796,8.26500000e-05,4.00505908e-08,4.84580651e-04
7797,8.26125000e-05,1.00219083e-07,1.21312251e-03
7798,8.25750000e-05,1.44240056e-07,1.74677634e-03
7799,8.25375000e-05,3.08176762e-08,3.73377873e-04
7800,8.25000000e-05,-2.62093880e-08,-3.17689551e-04
7801,8.24625000e-05,-4.36793126e-08,-5.29686980e-04
7802,8.24250000e-05,-3.98415214e-08,-4.83366957e-04
7803,8.23875000e-05,5.54010229e-08,6.72444520e-04
7804,8.23500000e-05,-1.37899556e-07,-1.67455441e-03
7805,8.23125000e-05,8.41807073e-08,1.02269652e-03
7806,8.22750000e-05,3.91476642e-08,4.75814819e-04
7807,8.22375000e-05,-8.65296901e-08,-1.05219261e-03
7808,8.22000000e-05,-2.92153742e-08,-3.55418178e-04
7809,8.21625000e-05,-1.37578514e-07,-1.67446845e-03
7810,8.21250000e-05,-3.59481831e-07,-4.37725213e-03
7811,8.20875000e-05,7.01442942e-08,8.54506400e-04
7812,8.20500000e-05,4.03108336e-08,4.91295961e-04
7813,8.20125000e-05,7.04068381e-08,8.58489110e-04
7814,8.19750000e-05,1.08975532e-07,1.32937519e-03
7815,8.19375000e-05,4.83312003e-08,5.89854465e-04
7816,8.19000000e-05,2.18105816e-07,2.66307467e-03
7817,8.18625000e-05,3.33287579e-07,4.07130956e-03
7818,8.18250000e-05,1.86815648e-07,2.28311210e-03
7819,8.17875000e-05,1.85427243e-07,2.26718317e-03
7820,8.17500000e-05,-1.68095717e-07,-2.05621673e-03
7821,8.17125000e-05,5.91424856e-08,7.23787494e-04
7822,8.16750000e-05,4.62972560e-08,5.66847334e-04
7823,8.16375000e-05,-2.63216640e-08,-3.22421240e-04
7824,8.16000000e-05,1.42380447e-07,1.74485842e-03
7825,8.15625000e-05,-8.72293118e-08,-1.06947815e-03
7826,8.15250000e-05,-1.60158078e-07,-1.96452718e-03
7827,8.14875000e-05,9.82545059e-08,1.20576169e-03
7828,8.14500000e-05,-4.87919594e-10,-5.99041858e-06
7829,8.14125000e-05,6.79122447e-08,8.34174663e-04
7830,8.13750000e-05,-3.05856500e-08,-3.75860522e-04
7831,8.13375000e-05,4.26554451e-08,5.24425327e-04
7832,8.13000000e-05,-5.27532020e-08,-6.48870874e-04
7833,8.12625000e-05,-1.11018785e-08,-1.36617487e-04
7834,8.12250000e-05,7.53008020e-08,9.27064353e-04
7835,8.11875000e-05,-1.29063650e-08,-1.58969853e-04
7836,8.11500000e-05,-7.70980289e-08,-9.50068131e-04
7837,8.11125000e-05,-1.37853219e-07,-1.69953113e-03
7838,8.10750000e-05,-4.82189733e-09,-5.94745276e-05
7839,8.10375000e-05,-4.91296221e-08,-6.06257870e-04
7840,8.10000000e-05,-2.64736588e-09,-3.26835294e-05
7841,8.09625000e-05,-8.64308221e-08,-1.06754142e-03
7842,8.09250000e-05,-1.62133631e-07,-2.00350486e-03
7843,8.08875000e-05,-7.24453946e-08,-8.95631520e-04
7844,8.08500000e-05,-1.40892137e-07,-1.74263620e-03
7845,8.08125000e-05,2.04311678e-07,2.52821876e-03
7846,8.07750000e-05,1.56302387e-07,1.93503419e-03
7847,8.07375000e-05,1.49109844e-08,1.84684743e-04
7848,8.07000000e-05,1.51404869e-07,1.87614460e-03
7849,8.06625000e-05,2.48769233e-07,3.08407541e-03
7850,8.06250000e-05,-4.60171408e-08,-5.70755234e-04
7851,8.05875000e-05,6.29155961e-09,7.80711600e-05
7852,8.05500000e-05,-1.47422132e-07,-1.83019406e-03
7853,8.05125000e-05,1.41725240e-07,1.76028865e-03
7854,8.04750000e-05,2.25423369e-09,2.80116022e-05
7855,8.04375000e-05,1.65561791e-08,2.05826624e-04
7856,8.04000000e-05,-7.15560046e-08,-8.90000057e-04
7857,8.03625000e-05,-2.39612623e-08,-2.98164720e-04
7858,8.03250000e-05,-1.44327563e-07,-1.79679506e-03
7859,8.02875000e-05,2.30811570e-08,2.87481326e-04
7860,8.02500000e-05,7.81665868e-08,9.74038464e-04
7861,8.02125000e-05,-4.33789691e-08,-5.40800612e-04
7862,8.01750000e-05,4.75444724e-08,5.93008698e-04
7863,8.01375000e-05,-8.43397773e-08,-1.05243834e-03
7864,8.01000000e-05,1.22072250e-08,1.52399813e-04
7865,8.00625000e-05,-1.67824716e-07,-2.09617131e-03
7866,8.00250000e-05,1.05471396e-07,1.31798058e-03
7867,7.99875000e-05,-7.80718135e-08,-9.76050176e-04
7868,7.99500000e-05,-2.19692773e-07,-2.74787709e-03
7869,7.99125000e-05,-7.16086515e-08,-8.96088240e-04
7870,7.98750000e-05,-2.43447328e-07,-3.04785387e-03
7871,7.98375000e-05,-8.31749356e-08,-1.04180286e-03
7872,7.98000000e-05,-1.31831143e-07,-1.65201934e-03
7873,7.97625000e-05,-1.32425998e-07,-1.66025385e-03
7874,7.97250000e-05,1.54216866e-07,1.93436019e-03
7875,7.96875000e-05,1.03149743e-07,1.29442815e-03
7876,7.96500000e-05,7.74807924e-08,9.72765756e-04
7877,7.96125000e-05,2.24084172e-07,2.81468578e-03
7878,7.95750000e-05,1.75330387e-07,2.20333505e-03
7879,7.95375000e-05,-5.83932191e-08,-7.34159600e-04
7880,7.95000000e-05,1.46041415e-07,1.83699894e-03
7881,7.94625000e-05,3.70642819e-08,4.66437400e-04
7882,7.94250000e-05,-6.59618806e-08,-8.30492674e-04
7883,7.93875000e-05,2.11985137e-07,2.67025837e-03
7884,7.93500000e-05,6.66490801e-08,8.39937998e-04
7885,7.93125000e-05,1.11638634e-07,1.40757931e-03
7886,7.92750000e-05,-5.32593729e-08,-6.71830626e-04
7887,7.92375000e-05,-3.00948025e-07,-3.79805048e-03
7888,7.92000000e-05,-3.21794312e-08,-4.06305950e-04
7889,7.91625000e-05,-4.13559444e-08,-5.22418373e-04
7890,7.91250000e-05,-2.38466757e-08,-3.01379788e-04
7891,7.90875000e-05,9.11382814e-08,1.15237277e-03
7892,7.90500000e-05,3.85091272e-08,4.87148984e-04
7893,7.90125000e-05,6.62028832e-09,8.37878604e-05
7894,7.89750000e-05,-4.91641338e-08,-6.22527810e-04
7895,7.89375000e-05,-1.10775046e-08,-1.40332600e-04
7896,7.89000000e-05,4.97029582e-08,6.29948773e-04
7897,7.88625000e-05,-2.32271611e-08,-2.94527324e-04
7898,7.88250000e-05,7.57027818e-08,9.60390508e-04
7899,7.87875000e-05,-4.13598114e-08,-5.24953976e-04
7900,7.87500000e-05,-1.87772371e-07,-2.38441106e-03
7901,7.87125000e-05,-4.97994443e-08,-6.32675170e-04
7902,7.86750000e-05,1.14541204e-07,1.45587803e-03
7903,7.86375000e-05,4.27169398e-08,5.43213349e-04
7904,7.86000000e-05,1.49937989e-07,1.90760800e-03
7905,7.85625000e-05,2.04006176e-07,2.59673732e-03
7906,7.85250000e-05,-3.33359145e-08,-4.24526131e-04
7907,7.84875000e-05,-8.72435411e-08,-1.11155969e-03
7908,7.84500000e-05,-6.34082167e-08,-8.08262801e-04
7909,7.84125000e-05,1.44312097e-07,1.84042209e-03
7910,7.83750000e-05,5.08726468e-08,6.49092782e-04
7911,7.83375000e-05,4.83626010e-08,6.17362068e-04
7912,7.83000000e-05,-5.36866194e-08,-6.85652866e-04
7913,7.82625000e-05,-1.47956842e-07,-1.89052026e-03
7914,7.82250000e-05,-6.29334638e-08,-8.04518553e-04
7915,7.81875000e-05,-3.36910562e-08,-4.30900798e-04
7916,7.81500000e-05,5.41917919e-08,6.93433038e-04
7917,7.81125000e-05,7.13130084e-08,9.12952580e-04
7918,7.80750000e-05,-1.22096921e-07,-1.56384145e-03
7919,7.80375000e-05,3.74459410e-08,4.79845472e-04
7920,7.80000000e-05,-5.75493564e-08,-7.37812261e-04
7921,7.79625000e-05,2.10978458e-07,2.70615307e-03
7922,7.79250000e-05,-5.69112970e-08,-7.30334257e-04
7923,7.78875000e-05,7.20730493e-08,9.25348089e-04
7924,7.78500000e-05,-1.50740015e-07,-1.93628792e-03
7925,7.78125000e-05,-8.74203356e-08,-1.12347419e-03
7926,7.77750000e-05,2.69840204e-08,3.46949796e-04
7927,7.77375000e-05,-2.18702023e-08,-2.81334006e-04
7928,7.77000000e-05,1.66975932e-08,2.14898239e-04
7929,7.76625000e-05,7.06119758e-08,9.09215848e-04
7930,7.76250000e-05,-5.28955564e-08,-6.81424237e-04
7931,7.75875000e-05,-1.43390710e-07,-1.84811612e-03
7932,7.75500000e-05,-8.55892142e-08,-1.10366492e-03
7933,7.75125000e-05,2.62264475e-07,3.38351201e-03
7934,7.74750000e-05,1.08336324e-07,1.39833913e-03
7935,7.74375000e-05,-8.20681247e-08,-1.05979822e-03
7936,7.74000000e-05,-9.02955413e-08,-1.16660906e-03
7937,7.73625000e-05,-1.03686020e-08,-1.34026201e-04
7938,7.73250000e-05,-1.09542657e-07,-1.41665253e-03
7939,7.72875000e-05,-1.25070516e-07,-1.61825024e-03
7940,7.72500000e-05,-3.51992777e-08,-4.55654080e-04
7941,7.72125000e-05,-3.98163080e-08,-5.15671789e-04
7942,7.71750000e-05,-4.17708228e-08,-5.41248109e-04
7943,7.71375000e-05,2.73698529e-07,3.54819029e-03
7944,7.71000000e-05,-3.52486609e-08,-4.57181075e-04
7945,7.70625000e-05,2.01861270e-08,2.61944876e-04
7946,7.70250000e-05,9.37664371e-08,1.21735069e-03
7947,7.69875000e-05,1.08445799e-07,1.40861567e-03
7948,7.69500000e-05,2.83540595e-08,3.68473808e-04
7949,7.69125000e-05,1.40790410e-08,1.83052703e-04
7950,7.68750000e-05,-5.76226351e-08,-7.49562733e-04
7951,7.68375000e-05,-1.05310582e-07,-1.37056231e-03
7952,7.68000000e-05,1.42587076e-07,1.85660255e-03
7953,7.67625000e-05,-1.67573778e-07,-2.18301616e-03
7954,7.67250000e-05,-7.97739235e-08,-1.03973833e-03
7955,7.66875000e-05,2.21650998e-08,2.89031456e-04
7956,7.66500000e-05,-5.20720320e-08,-6.79348102e-04
7957,7.66125000e-05,2.22374910e-08,2.90259304e-04
7958,7.65750000e-05,3.01877616e-08,3.94224768e-04
7959,7.65375000e-05,1.26946925e-07,1.65862387e-03
7960,7.65000000e-05,1.21106757e-07,1.58309486e-03
7961,7.64625000e-05,-8.78697204e-09,-1.14918712e-04
7962,7.64250000e-05,2.69137506e-08,3.52158987e-04
7963,7.63875000e-05,4.49740249e-08,5.88761577e-04
7964,7.63500000e-05,2.65429980e-08,3.47648959e-04
7965,7.63125000e-05,-3.02831940e-08,-3.96831370e-04
7966,7.62750000e-05,6.77003187e-09,8.87582021e-05
7967,7.62375000e-05,1.42992510e-07,1.87561909e-03
7968,7.62000000e-05,1.22536264e-07,1.60808745e-03
7969,7.61625000e-05,3.06233396e-08,4.02078971e-04
7970,7.61250000e-05,2.30779690e-07,3.03158871e-03
7971,7.60875000e-05,7.78140921e-08,1.02269219e-03
7972,7.60500000e-05,7.99753536e-09,1.05161543e-04
7973,7.60125000e-05,-4.66617782e-08,-6.13869801e-04
7974,7.59750000e-05,-6.50909719e-08,-8.56741980e-04
7975,7.59375000e-05,-5.17276928e-08,-6.81187724e-04
7976,7.59000000e-05,-8.31958049e-08,-1.09612391e-03
7977,7.58625000e-05,-3.31685932e-08,-4.37219881e-04
7978,7.58250000e-05,-6.86609421e-08,-9.05518524e-04
7979,7.57875000e-05,-6.63256801e-08,-8.75153291e-04
7980,7.57500000e-05,-6.79123058e-08,-8.96532089e-04
7981,7.57125000e-05,2.74363030e-08,3.62374813e-04
7982,7.56750000e-05,1.50606844e-07,1.99017963e-03
7983,7.56375000e-05,1.09849294e-08,1.45231260e-04
7984,7.56000000e-05,3.80958021e-08,5.03912726e-04
7985,7.55625000e-05,3.57184184e-08,4.72700327e-04
7986,7.55250000e-05,4.00609408e-08,5.30432847e-04
7987,7.54875000e-05,-7.79822358e-08,-1.03304833e-03
7988,7.54500000e-05,5.37849247e-08,7.12855199e-04
7989,7.54125000e-05,4.66642960e-08,6.18787283e-04
7990,7.53750000e-05,-7.42024651e-08,-9.84443981e-04
7991,7.53375000e-05,-2.96402058e-08,-3.93432299e-04
7992,7.53000000e-05,8.23468471e-09,1.09358363e-04
7993,7.52625000e-05,6.08613862e-08,8.08654857e-04
7994,7.52250000e-05,1.51005359e-08,2.00738264e-04
7995,7.51875000e-05,1.27034089e-07,1.68956394e-03
7996,7.51500000e-05,1.62144846e-07,2.15761604e-03
7997,7.51125000e-05,1.70275272e-07,2.26693655e-03
7998,7.50750000e-05,2.35009061e-08,3.13032382e-04
7999,7.50375000e-05,-1.64801497e-07,-2.19625517e-03
8000,7.50000000e-05,3.33877914e-08,4.45170552e-04
8001,7.49625000e-05,-1.12813642e-07,-1.50493436e-03
8002,7.49250000e-05,1.24921955e-07,1.66729337e-03
8003,7.48875000e-05,-1.23915970e-07,-1.65469498e-03
8004,7.48500000e-05,1.59668179e-07,2.13317540e-03
8005,7.48125000e-05,1.63010438e-07,2.17891980e-03
8006,7.47750000e-05,6.47231708e-08,8.65572328e-04
8007,7.47375000e-05,1.05136277e-07,1.40674062e-03
8008,7.47000000e-05,-2.17067964e-07,-2.90586297e-03
8009,7.46625000e-05,1.41530303e-07,1.89560091e-03
8010,7.46250000e-05,5.01071007e-09,6.71451936e-05
8011,7.45875000e-05,7.91451571e-09,1.06110484e-04
8012,7.45500000e-05,-1.90023684e-07,-2.54894278e-03
8013,7.45125000e-05,-3.31667684e-08,-4.45116839e-04
8014,7.44750000e-05,-8.86232363e-08,-1.18997296e-03
8015,7.44375000e-05,1.46964563e-08,1.97433502e-04
8016,7.44000000e-05,2.53882999e-08,3.41240590e-04
8017,7.43625000e-05,2.07492012e-08,2.79027753e-04
8018,7.43250000e-05,5.27824435e-08,7.10157330e-04
8019,7.42875000e-05,8.87190390e-08,1.19426605e-03
8020,7.42500000e-05,6.36991833e-08,8.57901458e-04
8021,7.42125000e-05,-9.58959143e-08,-1.29218008e-03
8022,7.41750000e-05,1.20553163e-08,1.62525329e-04
8023,7.41375000e-05,-2.17843860e-07,-2.93837613e-03
8024,7.41000000e-05,-1.86681488e-07,-2.51931833e-03
8025,7.40625000e-05,-1.01899193e-07,-1.37585408e-03
8026,7.40250000e-05,3.83547241e-08,5.18132037e-04
8027,7.39875000e-05,1.58248916e-08,2.13886016e-04
8028,7.39500000e-05,-2.45373859e-08,-3.31810492e-04
8029,7.39125000e-05,-1.97263998e-08,-2.66888549e-04
8030,7.38750000e-05,-1.60088848e-07,-2.16702332e-03
8031,7.38375000e-05,1.25996472e-07,1.70640220e-03
8032,7.38000000e-05,1.60088907e-07,2.16922638e-03
8033,7.37625000e-05,1.60246478e-08,2.17246539e-04
8034,7.37250000e-05,-7.10872170e-08,-9.64221323e-04
8035,7.36875000e-05,4.30017839e-08,5.83569587e-04
8036,7.36500000e-05,3.86440391e-08,5.24698426e-04
8037,7.36125000e-05,-1.49090131e-08,-2.02533716e-04
8038,7.35750000e-05,1.32946385e-08,1.80695053e-04
8039,7.35375000e-05,1.47277142e-07,2.00274884e-03
8040,7.35000000e-05,1.14551030e-07,1.55851741e-03
8041,7.34625000e-05,6.14220125e-08,8.36100221e-04
8042,7.34250000e-05,1.07231984e-07,1.46042879e-03
8043,7.33875000e-05,9.71313470e-08,1.32354075e-03
8044,7.33500000e-05,1.42569103e-07,1.94368239e-03
8045,7.33125000e-05,7.72500475e-08,1.05370909e-03
8046,7.32750000e-05,-4.72414130e-08,-6.44713927e-04
8047,7.32375000e-05,3.08577173e-08,4.21337665e-04
8048,7.32000000e-05,-4.25652200e-08,-5.81492077e-04
8049,7.31625000e-05,1.15887800e-07,1.58397813e-03
8050,7.31250000e-05,2.12884403e-07,2.91123971e-03
8051,7.30875000e-05,-5.27107731e-08,-7.21200931e-04
8052,7.30500000e-05,-7.11152280e-08,-9.73514415e-04
8053,7.30125000e-05,-1.36228333e-07,-1.86582205e-03
8054,7.29750000e-05,5.92305827e-08,8.11655809e-04
8055,7.29375000e-05,-1.48564171e-07,-2.03686953e-03
8056,7.29000000e-05,9.08809561e-09,1.24665235e-04
8057,7.28625000e-05,-8.16312608e-08,-1.12034669e-03
8058,7.28250000e-05,2.81642918e-08,3.86739331e-04
8059,7.27875000e-05,9.49775588e-08,1.30486085e-03
8060,7.27500000e-05,4.89853503e-08,6.73338149e-04
8061,7.27125000e-05,3.32414869e-08,4.57163306e-04
8062,7.26750000e-05,-9.11474998e-08,-1.25417956e-03
8063,7.26375000e-05,-5.45105153e-08,-7.50445917e-04
8064,7.26000000e-05,-4.37543091e-08,-6.02676433e-04
8065,7.25625000e-05,-2.81682688e-08,-3.88193197e-04
8066,7.25250000e-05,1.05688949e-07,1.45727610e-03
8067,7.24875000e-05,2.14784274e-07,2.96305258e-03
8068,7.24500000e-05,1.15286087e-07,1.59125034e-03
8069,7.24125000e-05,-7.74939064e-08,-1.07017306e-03
8070,7.23750000e-05,4.59468092e-08,6.34843651e-04
8071,7.23375000e-05,-8.94262195e-08,-1.23623597e-03
8072,7.23000000e-05,-5.89950049e-08,-8.15975171e-04
8073,7.22625000e-05,6.10162065e-09,8.44368885e-05
8074,7.22250000e-05,-7.11264074e-08,-9.84789303e-04
8075,7.21875000e-05,5.14757343e-08,7.13083766e-04
8076,7.21500000e-05,-6.55303853e-08,-9.08252049e-04
8077,7.21125000e-05,5.39249603e-08,7.47789361e-04
8078,7.20750000e-05,3.91325012e-08,5.42941398e-04
8079,7.20375000e-05,-7.93980677e-08,-1.10217689e-03
8080,7.20000000e-05,1.54711228e-07,2.14876705e-03
8081,7.19625000e-05,4.70220272e-08,6.53424036e-04
8082,7.19250000e-05,1.89586954e-08,2.63589786e-04
8083,7.18875000e-05,2.64528000e-08,3.67974960e-04
8084,7.18500000e-05,6.87862418e-08,9.57358967e-04
8085,7.18125000e-05,-6.02562789e-08,-8.39077860e-04
8086,7.17750000e-05,-1.49562881e-07,-2.08377403e-03
8087,7.17375000e-05,-1.61115128e-07,-2.24589828e-03
8088,7.17000000e-05,1.02380760e-07,1.42790460e-03
8089,7.16625000e-05,1.41810804e-07,1.97887046e-03
8090,7.16250000e-05,-3.45498263e-08,-4.82371048e-04
8091,7.15875000e-05,5.17442854e-08,7.22811740e-04
8092,7.15500000e-05,-2.02707670e-07,-2.83309113e-03
8093,7.15125000e-05,-1.21576163e-07,-1.70006870e-03
8094,7.14750000e-05,-1.62174368e-07,-2.26896633e-03
8095,7.14375000e-05,-6.58697590e-08,-9.22061368e-04
8096,7.14000000e-05,-6.28296659e-09,-8.79967310e-05
8097,7.13625000e-05,-7.36083431e-08,-1.03147091e-03
8098,7.13250000e-05,6.38042166e-08,8.94556138e-04
8099,7.12875000e-05,-7.33681409e-08,-1.02918662e-03
8100,7.12500000e-05,-4.17309232e-08,-5.85697167e-04
8101,7.12125000e-05,1.12679098e-07,1.58229381e-03
8102,7.11750000e-05,-3.79026659e-08,-5.32527796e-04
8103,7.11375000e-05,1.13436469e-08,1.59460860e-04
8104,7.11000000e-05,1.22291016e-07,1.71998616e-03
8105,7.10625000e-05,-8.65410308e-08,-1.21781574e-03
8106,7.10250000e-05,-9.81821523e-08,-1.38236047e-03
8107,7.09875000e-05,6.32765264e-08,8.91375613e-04
8108,7.09500000e-05,1.01635348e-07,1.43249257e-03
8109,7.09125000e-05,7.73091502e-09,1.09020483e-04
8110,7.08750000e-05,3.88670665e-08,5.48388945e-04
8111,7.08375000e-05,-7.58460578e-08,-1.07070489e-03
8112,7.08000000e-05,-1.42859342e-08,-2.01778732e-04
8113,7.07625000e-05,-1.20619732e-07,-1.70457138e-03
8114,7.07250000e-05,3.25172084e-08,4.59769648e-04
8115,7.06875000e-05,1.43185550e-07,2.02561343e-03
8116,7.06500000e-05,3.94491213e-08,5.58373975e-04
8117,7.06125000e-05,8.43054639e-08,1.19391700e-03
8118,7.05750000e-05,-7.91954904e-08,-1.12214652e-03
8119,7.05375000e-05,-9.71368808e-08,-1.37709560e-03
8120,7.05000000e-05,-6.03760530e-08,-8.56397916e-04
8121,7.04625000e-05,-2.60137514e-08,-3.69185757e-04
8122,7.04250000e-05,1.05452719e-07,1.49737620e-03
8123,7.03875000e-05,-3.59899643e-09,-5.11311871e-05
8124,7.03500000e-05,6.69228091e-08,9.51283711e-04
8125,7.03125000e-05,-2.21558831e-07,-3.15105893e-03
8126,7.02750000e-05,-2.55707655e-09,-3.63867172e-05
8127,7.02375000e-05,7.76605513e-08,1.10568502e-03
8128,7.02000000e-05,-1.26692051e-07,-1.80473007e-03
8129,7.01625000e-05,-6.53240704e-08,-9.31039663e-04
8130,7.01250000e-05,2.22000087e-07,3.16577664e-03
8131,7.00875000e-05,4.15186525e-08,5.92383128e-04
8132,7.00500000e-05,-9.21400423e-08,-1.31534678e-03
8133,7.00125000e-05,1.71300611e-07,2.44671468e-03
8134,6.99750000e-05,-1.11650335e-07,-1.59557463e-03
8135,6.99375000e-05,-5.49570746e-08,-7.85802675e-04
8136,6.99000000e-05,2.12553591e-08,3.04082391e-04
8137,6.98625000e-05,-3.10835464e-08,-4.44924622e-04
8138,6.98250000e-05,4.79075731e-08,6.86109175e-04
8139,6.97875000e-05,-3.85596737e-08,-5.52529804e-04
8140,6.97500000e-05,-8.13541357e-08,-1.16636754e-03
8141,6.97125000e-05,-2.21911580e-08,-3.18323945e-04
8142,6.96750000e-05,-1.15460937e-07,-1.65713580e-03
8143,6.96375000e-05,2.06981191e-08,2.97226625e-04
8144,6.96000000e-05,-2.76694941e-08,-3.97550202e-04
8145,6.95625000e-05,7.82553045e-08,1.12496395e-03
8146,6.95250000e-05,3.88686920e-08,5.59060655e-04
8147,6.94875000e-05,1.19367919e-07,1.71783297e-03
8148,6.94500000e-05,1.19394225e-07,1.71913930e-03
8149,6.94125000e-05,3.25700787e-08,4.69224977e-04
8150,6.93750000e-05,1.24618407e-07,1.79630136e-03
8151,6.93375000e-05,9.77167540e-08,1.40929157e-03
8152,6.93000000e-05,-2.96072045e-08,-4.27232388e-04
8153,6.92625000e-05,1.23534967e-07,1.78357649e-03
8154,6.92250000e-05,6.21972576e-08,8.98479705e-04
8155,6.91875000e-05,-2.43234713e-08,-3.51558755e-04
8156,6.91500000e-05,1.33208172e-07,1.92636547e-03
8157,6.91125000e-05,-1.51899901e-07,-2.19786436e-03
8158,6.90750000e-05,1.11948911e-07,1.62068638e-03
8159,6.90375000e-05,-1.38591446e-07,-2.00748066e-03
8160,6.90000000e-05,-2.76382806e-08,-4.00554791e-04
8161,6.89625000e-05,7.33112049e-09,1.06305898e-04
8162,6.89250000e-05,-7.87502694e-08,-1.14255015e-03
8163,6.88875000e-05,-2.19363900e-08,-3.18437888e-04
8164,6.88500000e-05,-3.33184633e-08,-4.83928298e-04
8165,6.88125000e-05,1.51321252e-08,2.19903727e-04
8166,6.87750000e-05,7.42660378e-09,1.07984061e-04
8167,6.87375000e-05,6.61548032e-08,9.62426669e-04
8168,6.87000000e-05,-9.71389058e-09,-1.41395787e-04
8169,6.86625000e-05,-2.29073858e-08,-3.33622949e-04
8170,6.86250000e-05,5.84708557e-08,8.52034327e-04
8171,6.85875000e-05,3.78972902e-08,5.52539314e-04
8172,6.85500000e-05,-7.60912311e-09,-1.11001067e-04
8173,6.85125000e-05,1.33724186e-07,1.95182172e-03
8174,6.84750000e-05,8.30605162e-08,1.21300498e-03
8175,6.84375000e-05,-8.21314927e-08,-1.20009487e-03
8176,6.84000000e-05,-1.25684370e-08,-1.83749078e-04
8177,6.83625000e-05,-1.16012104e-07,-1.69701377e-03
8178,6.83250000e-05,-4.36465055e-08,-6.38807252e-04
8179,6.82875000e-05,5.39527025e-08,7.90081677e-04
8180,6.82500000e-05,2.54353194e-08,3.72678673e-04
8181,6.82125000e-05,-5.30583060e-08,-7.77838460e-04
8182,6.81750000e-05,-1.33052427e-07,-1.95163076e-03
8183,6.81375000e-05,5.44741980e-08,7.99474563e-04
8184,6.81000000e-05,1.16319152e-08,1.70806391e-04
8185,6.80625000e-05,4.70241757e-09,6.90896979e-05
8186,6.80250000e-05,8.19897183e-08,1.20528803e-03
8187,6.79875000e-05,1.55523300e-07,2.28752785e-03
8188,6.79500000e-05,-5.07735995e-08,-7.47220008e-04
8189,6.79125000e-05,-1.44789444e-07,-2.13199990e-03
8190,6.78750000e-05,3.91588997e-08,5.76926699e-04
8191,6.78375000e-05,-8.83218021e-09,-1.30196134e-04
8192,6.78000000e-05,-9.10024189e-08,-1.34221857e-03
8193,6.77625000e-05,9.36894631e-08,1.38261521e-03
8194,6.77250000e-05,-4.77316295e-08,-7.04785966e-04
8195,6.76875000e-05,8.31826004e-08,1.22892115e-03
8196,6.76500000e-05,-8.15789318e-08,-1.20589700e-03
8197,6.76125000e-05,-1.25519990e-07,-1.85646131e-03
8198,6.75750000e-05,-2.62440654e-08,-3.88369447e-04
8199,6.75375000e-05,8.92701091e-09,1.32178581e-04
8200,6.75000000e-05,1.14250523e-07,1.69260033e-03
8201,6.74625000e-05,-8.76792686e-08,-1.29967417e-03
8202,6.74250000e-05,1.50039909e-07,2.22528601e-03
8203,6.73875000e-05,-7.84013028e-08,-1.16343985e-03
8204,6.73500000e-05,3.13246025e-08,4.65101744e-04
8205,6.73125000e-05,1.34881706e-08,2.00381364e-04
8206,6.72750000e-05,-2.03851049e-08,-3.03011593e-04
8207,6.72375000e-05,-2.82649970e-08,-4.20375490e-04
8208,6.72000000e-05,5.08077824e-09,7.56068191e-05
8209,6.71625000e-05,1.71329511e-07,2.55096982e-03
8210,6.71250000e-05,-1.55015257e-07,-2.30935205e-03
8211,6.70875000e-05,1.76316481e-08,2.62815698e-04
8212,6.70500000e-05,2.59865318e-09,3.87569453e-05
8213,6.70125000e-05,8.64950586e-08,1.29073022e-03
8214,6.69750000e-05,7.15052968e-08,1.06764161e-03
8215,6.69375000e-05,-1.54148041e-07,-2.30286523e-03
8216,6.69000000e-05,-6.61323170e-08,-9.88524917e-04
8217,6.68625000e-05,6.11862632e-08,9.15105824e-04
8218,6.68250000e-05,-1.75818000e-07,-2.63102133e-03
8219,6.67875000e-05,-1.08654056e-07,-1.62686215e-03
8220,6.67500000e-05,1.35585854e-07,2.03124874e-03
8221,6.67125000e-05,1.36076338e-07,2.03974275e-03
8222,6.66750000e-05,-3.99623081e-08,-5.99359702e-04
8223,6.66375000e-05,1.76131674e-08,2.64313148e-04
8224,6.66000000e-05,-1.71298280e-08,-2.57204625e-04
8225,6.65625000e-05,8.08872466e-08,1.21520746e-03
8226,6.65250000e-05,1.20608492e-07,1.81297996e-03
8227,6.64875000e-05,-7.24654514e-08,-1.08991091e-03
8228,6.64500000e-05,-7.95030419e-08,-1.19643404e-03
8229,6.64125000e-05,-7.81914007e-08,-1.17735969e-03
8230,6.63750000e-05,-3.98111379e-08,-5.99791155e-04
8231,6.63375000e-05,6.11353195e-08,9.21580094e-04
8232,6.63000000e-05,-6.37640937e-08,-9.61751036e-04
8233,6.62625000e-05,-6.78513756e-08,-1.02397850e-03
8234,6.62250000e-05,1.75349084e-08,2.64777779e-04
8235,6.61875000e-05,-4.13186858e-08,-6.24267208e-04
8236,6.61500000e-05,-1.43189551e-07,-2.16461906e-03
8237,6.61125000e-05,3.91542554e-09,5.92236799e-05
8238,6.60750000e-05,3.55438747e-08,5.37932270e-04
8239,6.60375000e-05,-1.59155182e-08,-2.41007280e-04
8240,6.60000000e-05,3.39960151e-08,5.15091138e-04
8241,6.59625000e-05,-2.54947943e-08,-3.86504367e-04
8242,6.59250000e-05,-1.40330910e-07,-2.12864482e-03
8243,6.58875000e-05,2.75801025e-08,4.18593853e-04
8244,6.58500000e-05,-5.37421743e-08,-8.16130209e-04
8245,6.58125000e-05,1.68984747e-07,2.56766947e-03
8246,6.57750000e-05,-5.17889385e-08,-7.87365085e-04
8247,6.57375000e-05,4.48841285e-08,6.82778148e-04
8248,6.57000000e-05,1.03327336e-07,1.57271440e-03
8249,6.56625000e-05,3.09272368e-08,4.71003035e-04
8250,6.56250000e-05,-6.25781396e-08,-9.53571650e-04
8251,6.55875000e-05,1.44782031e-08,2.20746378e-04
8252,6.55500000e-05,4.74855165e-08,7.24416728e-04
8253,6.55125000e-05,-4.50589068e-08,-6.87790984e-04
8254,6.54750000e-05,-1.92940810e-07,-2.94678594e-03
8255,6.54375000e-05,2.49207256e-07,3.80832482e-03
8256,6.54000000e-05,8.26032756e-08,1.26304703e-03
8257,6.53625000e-05,-8.32653722e-08,-1.27390128e-03
8258,6.53250000e-05,8.63560854e-08,1.32194543e-03
8259,6.52875000e-05,-1.92365692e-07,-2.94643985e-03
8260,6.52500000e-05,-1.48572808e-07,-2.27697790e-03
8261,6.52125000e-05,3.55189034e-08,5.44664035e-04
8262,6.51750000e-05,1.60163966e-07,2.45744482e-03
8263,6.51375000e-05,1.62746285e-07,2.49850371e-03
8264,6.51000000e-05,9.98182126e-08,1.53330588e-03
8265,6.50625000e-05,-1.29097432e-07,-1.98420645e-03
8266,6.50250000e-05,1.24042554e-07,1.90761329e-03
8267,6.49875000e-05,2.44980275e-08,3.76965224e-04
8268,6.49500000e-05,6.29882546e-08,9.69796068e-04
8269,6.49125000e-05,-7.70625133e-09,-1.18717525e-04
8270,6.48750000e-05,-1.52170782e-07,-2.34559972e-03
8271,6.48375000e-05,-5.26912618e-08,-8.12666463e-04
8272,6.48000000e-05,3.89508468e-08,6.01093314e-04
8273,6.47625000e-05,-6.50162024e-09,-1.00391743e-04
8274,6.47250000e-05,6.11890738e-09,9.45370009e-05
8275,6.46875000e-05,-2.50185512e-08,-3.86760211e-04
8276,6.46500000e-05,1.06316445e-08,1.64449257e-04
8277,6.46125000e-05,-1.19986568e-07,-1.85701788e-03
8278,6.45750000e-05,-1.61807973e-08,-2.50573709e-04
8279,6.45375000e-05,-4.35750100e-08,-6.75188999e-04
8280,6.45000000e-05,-1.02924451e-07,-1.59572792e-03
8281,6.44625000e-05,1.26288947e-07,1.95910719e-03
8282,6.44250000e-05,7.26675227e-08,1.12793982e-03
8283,6.43875000e-05,-1.44619321e-07,-2.24607759e-03
8284,6.43500000e-05,8.93810426e-09,1.38898279e-04
8285,6.43125000e-05,5.24981119e-08,8.16297172e-04
8286,6.42750000e-05,1.53656525e-08,2.39061105e-04
8287,6.42375000e-05,2.52362531e-09,3.92858581e-05
8288,6.42000000e-05,-1.10481673e-07,-1.72089834e-03
8289,6.41625000e-05,1.33427805e-07,2.07952940e-03
8290,6.41250000e-05,4.45368653e-09,6.94532013e-05
8291,6.40875000e-05,-2.83024124e-08,-4.41621415e-04
8292,6.40500000e-05,1.00857039e-07,1.57466104e-03
8293,6.40125000e-05,5.47203589e-08,8.54838647e-04
8294,6.39750000e-05,1.72316054e-07,2.69349048e-03
8295,6.39375000e-05,-6.01263084e-08,-9.40391920e-04
8296,6.39000000e-05,8.72062205e-08,1.36472958e-03
8297,6.38625000e-05,1.97698528e-08,3.09569039e-04
8298,6.38250000e-05,-7.60558476e-08,-1.19163099e-03
8299,6.37875000e-05,2.20646522e-07,3.45908716e-03
8300,6.37500000e-05,7.68202493e-08,1.20502352e-03
8301,6.37125000e-05,-2.03725772e-08,-3.19757932e-04
8302,6.36750000e-05,-1.05311602e-07,-1.65389245e-03
8303,6.36375000e-05,1.08320929e-07,1.70215564e-03
8304,6.36000000e-05,-1.27141131e-07,-1.99907438e-03
8305,6.35625000e-05,-1.34014846e-07,-2.10839482e-03
8306,6.35250000e-05,3.07744896e-09,4.84446905e-05
8307,6.34875000e-05,-1.42631848e-07,-2.24661308e-03
8308,6.34500000e-05,-1.52450813e-07,-2.40269209e-03
8309,6.34125000e-05,-1.00892428e-09,-1.59104952e-05
8310,6.33750000e-05,1.37248560e-08,2.16565776e-04
8311,6.33375000e-05,-1.78241191e-08,-2.81414945e-04
8312,6.33000000e-05,-7.98766850e-08,-1.26187496e-03
8313,6.32625000e-05,-4.47849167e-08,-7.07922018e-04
8314,6.32250000e-05,-1.04517366e-08,-1.65310187e-04
8315,6.31875000e-05,1.81512119e-07,2.87259536e-03
8316,6.31500000e-05,5.69401939e-08,9.01665778e-04
8317,6.31125000e-05,1.17495506e-07,1.86168359e-03
8318,6.30750000e-05,2.05810088e-07,3.26294234e-03
8319,6.30375000e-05,-2.70124908e-08,-4.28514627e-04
8320,6.30000000e-05,3.66834025e-08,5.82276231e-04
8321,6.29625000e-05,4.45911843e-08,7.08218135e-04
8322,6.29250000e-05,-7.81269707e-08,-1.24158873e-03
8323,6.28875000e-05,-1.05107420e-07,-1.67135631e-03
8324,6.28500000e-05,-1.22264903e-08,-1.94534451e-04
8325,6.28125000e-05,-8.37771303e-08,-1.33376526e-03
8326,6.27750000e-05,3.88572496e-08,6.18992428e-04
8327,6.27375000e-05,-1.59530876e-07,-2.54283125e-03
8328,6.27000000e-05,-3.74117672e-08,-5.96678903e-04
8329,6.26625000e-05,-2.87947909e-07,-4.59521898e-03
8330,6.26250000e-05,3.23186744e-08,5.16066657e-04
8331,6.25875000e-05,-1.19283348e-08,-1.90586535e-04
8332,6.25500000e-05,-1.59231702e-07,-2.54567070e-03
8333,6.25125000e-05,-3.02102283e-08,-4.83267000e-04
8334,6.24750000e-05,8.91234142e-08,1.42654525e-03
8335,6.24375000e-05,-1.34479066e-08,-2.15381887e-04
8336,6.24000000e-05,-8.60330449e-08,-1.37873469e-03
8337,6.23625000e-05,2.61086806e-07,4.18659941e-03
8338,6.23250000e-05,6.63284228e-08,1.06423462e-03
8339,6.22875000e-05,9.25193442e-08,1.48535973e-03
8340,6.22500000e-05,1.14390533e-08,1.83759892e-04
8341,6.22125000e-05,-8.47701331e-08,-1.36259004e-03
8342,6.21750000e-05,-2.95684865e-09,-4.75568742e-05
8343,6.21375000e-05,-1.13474705e-08,-1.82618717e-04
8344,6.21000000e-05,6.31179478e-08,1.01639207e-03
8345,6.20625000e-05,-2.24638315e-08,-3.61954988e-04
8346,6.20250000e-05,1.80740689e-09,2.91399741e-05
8347,6.19875000e-05,1.11253238e-07,1.79476892e-03
8348,6.19500000e-05,9.38199447e-08,1.51444624e-03
8349,6.19125000e-05,-1.15460650e-07,-1.86490047e-03
8350,6.18750000e-05,-7.51585789e-08,-1.21468410e-03
8351,6.18375000e-05,-1.03460109e-07,-1.67309657e-03
8352,6.18000000e-05,-2.43647089e-08,-3.94250953e-04
8353,6.17625000e-05,-4.91531278e-08,-7.95840968e-04
8354,6.17250000e-05,-1.14477957e-07,-1.85464490e-03
8355,6.16875000e-05,-3.93172125e-08,-6.37361094e-04
8356,6.16500000e-05,1.37718382e-07,2.23387481e-03
8357,6.16125000e-05,6.52527016e-08,1.05908219e-03
8358,6.15750000e-05,5.51302293e-08,8.95334621e-04
8359,6.15375000e-05,-1.59598935e-07,-2.59352322e-03
8360,6.15000000e-05,-1.75878182e-07,-2.85980784e-03
8361,6.14625000e-05,-2.22672943e-08,-3.62290736e-04
8362,6.14250000e-05,-4.75920283e-08,-7.74798996e-04
8363,6.13875000e-05,-4.04952774e-08,-6.59666501e-04
8364,6.13500000e-05,8.41733759e-08,1.37201917e-03
8365,6.13125000e-05,-1.80864833e-08,-2.94988515e-04
8366,6.12750000e-05,-5.17001936e-08,-8.43740409e-04
8367,6.12375000e-05,-7.86294846e-08,-1.28400873e-03
8368,6.12000000e-05,1.50853781e-08,2.46493106e-04
8369,6.11625000e-05,6.70474369e-08,1.09621806e-03
8370,6.11250000e-05,-5.29760966e-08,-8.66684607e-04
8371,6.10875000e-05,-4.09523797e-08,-6.70388864e-04
8372,6.10500000e-05,3.82545875e-08,6.26610770e-04
8373,6.10125000e-05,-3.93131749e-08,-6.44346240e-04
8374,6.09750000e-05,8.49995871e-08,1.39400717e-03
8375,6.09375000e-05,-1.58401979e-07,-2.59941709e-03
8376,6.09000000e-05,5.04200309e-08,8.27915122e-04
8377,6.08625000e-05,3.84522957e-08,6.31789619e-04
8378,6.08250000e-05,5.33972881e-08,8.77883899e-04
8379,6.07875000e-05,-7.40785078e-08,-1.21864705e-03
8380,6.07500000e-05,-6.19116729e-08,-1.01912219e-03
8381,6.07125000e-05,-5.43785350e-09,-8.95672802e-05
8382,6.06750000e-05,-1.21932271e-07,-2.00959655e-03
8383,6.06375000e-05,-3.74855325e-08,-6.18190599e-04
8384,6.06000000e-05,-1.06331490e-07,-1.75464505e-03
8385,6.05625000e-05,-1.15524358e-07,-1.90752293e-03
8386,6.05250000e-05,1.04678434e-07,1.72950738e-03
8387,6.04875000e-05,-6.90720148e-09,-1.14192213e-04
8388,6.04500000e-05,1.33532052e-07,2.20896694e-03
8389,6.04125000e-05,-5.73825154e-09,-9.49845072e-05
8390,6.03750000e-05,-1.02070896e-07,-1.69061526e-03
8391,6.03375000e-05,1.66180337e-08,2.75418003e-04
8392,6.03000000e-05,-3.55780538e-08,-5.90017477e-04
8393,6.02625000e-05,3.31185034e-08,5.49570685e-04
8394,6.02250000e-05,8.50544120e-08,1.41227749e-03
8395,6.01875000e-05,6.25216594e-08,1.03878146e-03
8396,6.01500000e-05,1.43106828e-07,2.37916588e-03
8397,6.01125000e-05,7.41540792e-08,1.23358834e-03
8398,6.00750000e-05,-5.45838330e-09,-9.08594807e-05
8399,6.00375000e-05,1.85859373e-07,3.09572138e-03
8400,6.00000000e-05,-2.93654541e-08,-4.89424234e-04
8401,5.99625000e-05,9.69438427e-08,1.61674118e-03
8402,5.99250000e-05,7.17152044e-08,1.19674934e-03
8403,5.98875000e-05,-5.97144427e-08,-9.97110294e-04
8404,5.98500000e-05,4.03964469e-08,6.74961518e-04
8405,5.98125000e-05,-4.31620060e-08,-7.21621834e-04
8406,5.97750000e-05,-3.01819520e-08,-5.04926007e-04
8407,5.97375000e-05,-7.49195355e-08,-1.25414581e-03
8408,5.97000000e-05,-1.68131739e-08,-2.81627703e-04
8409,5.96625000e-05,2.13888928e-07,3.58498098e-03
8410,5.96250000e-05,7.51143165e-08,1.25977889e-03
8411,5.95875000e-05,1.61354020e-07,2.70785014e-03
8412,5.95500000e-05,3.72637254e-08,6.25755255e-04
8413,5.95125000e-05,7.79540854e-08,1.30987751e-03
8414,5.94750000e-05,8.81391800e-08,1.48195343e-03
8415,5.94375000e-05,1.51749712e-07,2.55309716e-03
8416,5.94000000e-05,-8.60067236e-08,-1.44792464e-03
8417,5.93625000e-05,-1.79384552e-09,-3.02184968e-05
8418,5.93250000e-05,-3.68227432e-08,-6.20695208e-04
8419,5.92875000e-05,-8.97892178e-08,-1.51447131e-03
8420,5.92500000e-05,-1.46989544e-08,-2.48083618e-04
8421,5.92125000e-05,-4.35916996e-08,-7.36190831e-04
8422,5.91750000e-05,1.85445925e-09,3.13385594e-05
8423,5.91375000e-05,1.55405737e-08,2.62787127e-04
8424,5.91000000e-05,-3.76254417e-09,-6.36640299e-05
8425,5.90625000e-05,-2.44576248e-08,-4.14097351e-04
8426,5.90250000e-05,2.74726603e-08,4.65441089e-04
8427,5.89875000e-05,3.17277590e-08,5.37872583e-04
8428,5.89500000e-05,-1.78675807e-08,-3.03097214e-04
8429,5.89125000e-05,-4.67563570e-08,-7.93657662e-04
8430,5.88750000e-05,-7.99641190e-08,-1.35820160e-03
8431,5.88375000e-05,5.66637881e-08,9.63055672e-04
8432,5.88000000e-05,2.64901949e-08,4.50513519e-04
8433,5.87625000e-05,-2.88450326e-08,-4.90874837e-04
8434,5.87250000e-05,-5.12782590e-08,-8.73193001e-04
8435,5.86875000e-05,-1.09899107e-07,-1.87261524e-03
8436,5.86500000e-05,6.28779662e-08,1.07208808e-03
8437,5.86125000e-05,1.60198578e-07,2.73318111e-03
8438,5.85750000e-05,-4.50400250e-09,-7.68929151e-05
8439,5.85375000e-05,-1.08365678e-07,-1.85121807e-03
8440,5.85000000e-05,-4.33017256e-08,-7.40200438e-04
8441,5.84625000e-05,-1.81636527e-08,-3.10688949e-04
8442,5.84250000e-05,-3.77405063e-08,-6.45965021e-04
8443,5.83875000e-05,-2.00355739e-07,-3.43148344e-03
8444,5.83500000e-05,-5.64917713e-09,-9.68153749e-05
8445,5.83125000e-05,-2.08039831e-08,-3.56767127e-04
8446,5.82750000e-05,3.18041272e-08,5.45759369e-04
8447,5.82375000e-05,-5.66369380e-08,-9.72516644e-04
8448,5.82000000e-05,5.23267163e-08,8.99084472e-04
8449,5.81625000e-05,1.40953732e-07,2.42344693e-03
8450,5.81250000e-05,1.53569048e-07,2.64204814e-03
8451,5.80875000e-05,-6.64550193e-08,-1.14405026e-03
8452,5.80500000e-05,-4.50699613e-08,-7.76398989e-04
8453,5.80125000e-05,3.37871775e-09,5.82412023e-05
8454,5.79750000e-05,-5.50762262e-08,-9.49999590e-04
8455,5.79375000e-05,-5.14444347e-08,-8.87929833e-04
8456,5.79000000e-05,1.91921495e-08,3.31470631e-04
8457,5.78625000e-05,4.90106664e-09,8.47019509e-05
8458,5.78250000e-05,-4.05107414e-08,-7.00574863e-04
8459,5.77875000e-05,-1.69111977e-08,-2.92644563e-04
8460,5.77500000e-05,-5.25196939e-08,-9.09431929e-04
8461,5.77125000e-05,-6.69712419e-09,-1.16042871e-04
8462,5.76750000e-05,1.13645796e-07,1.97045160e-03
8463,5.76375000e-05,-2.89832456e-08,-5.02853968e-04
8464,5.76000000e-05,1.35306313e-08,2.34906793e-04
8465,5.75625000e-05,-1.62027987e-08,-2.81481844e-04
8466,5.75250000e-05,-2.56299946e-08,-4.45545321e-04
8467,5.74875000e-05,-1.11177667e-07,-1.93394506e-03
8468,5.74500000e-05,1.88372509e-07,3.27889485e-03
8469,5.74125000e-05,7.72815036e-08,1.34607452e-03
8470,5.73750000e-05,-6.34214735e-08,-1.10538516e-03
8471,5.73375000e-05,3.42246410e-08,5.96898034e-04
8472,5.73000000e-05,-2.31017325e-08,-4.03171597e-04
8473,5.72625000e-05,2.21658947e-09,3.87092682e-05
8474,5.72250000e-05,1.33023640e-07,2.32457213e-03
8475,5.71875000e-05,3.16171511e-09,5.52868216e-05
8476,5.71500000e-05,1.16884912e-07,2.04523031e-03
8477,5.71125000e-05,-8.97699159e-08,-1.57180855e-03
8478,5.70750000e-05,-2.72095979e-08,-4.76734085e-04
8479,5.70375000e-05,4.95540540e-08,8.68797790e-04
8480,5.70000000e-05,-5.73826755e-08,-1.00671361e-03
8481,5.69625000e-05,4.56522331e-08,8.01443636e-04
8482,5.69250000e-05,1.05834369e-07,1.85918962e-03
8483,5.68875000e-05,1.27448865e-08,2.24036677e-04
8484,5.68500000e-05,-1.13275120e-07,-1.99252630e-03
8485,5.68125000e-05,6.71644602e-08,1.18221272e-03
8486,5.67750000e-05,8.77416211e-08,1.54542706e-03
8487,5.67375000e-05,-2.86605886e-08,-5.05143663e-04
8488,5.67000000e-05,-1.82353955e-08,-3.21611914e-04
8489,5.66625000e-05,2.26128342e-08,3.99079359e-04
8490,5.66250000e-05,2.47022995e-08,4.36243700e-04
8491,5.65875000e-05,-7.37586725e-09,-1.30344462e-04
8492,5.65500000e-05,-1.05358266e-07,-1.86309930e-03
8493,5.65125000e-05,6.33160462e-08,1.12039011e-03
8494,5.64750000e-05,2.10187423e-08,3.72177819e-04
8495,5.64375000e-05,-1.31632220e-07,-2.33235385e-03
8496,5.64000000e-05,-1.24900033e-07,-2.21453959e-03
8497,5.63625000e-05,-1.48197026e-08,-2.62935508e-04
8498,5.63250000e-05,-4.15374677e-08,-7.37460589e-04
8499,5.62875000e-05,1.19965557e-07,2.13130015e-03
8500,5.62500000e-05,1.48938945e-08,2.64780346e-04
8501,5.62125000e-05,5.22931209e-08,9.30275667e-04
8502,5.61750000e-05,-4.32523839e-09,-7.69957880e-05
8503,5.61375000e-05,1.01321544e-07,1.80488166e-03
8504,5.61000000e-05,5.82384487e-08,1.03811852e-03
8505,5.60625000e-05,-4.27191909e-08,-7.61992256e-04
8506,5.60250000e-05,3.93756043e-08,7.02822032e-04
8507,5.59875000e-05,-3.80288023e-10,-6.79237371e-06
8508,5.59500000e-05,8.50631277e-08,1.52034187e-03
8509,5.59125000e-05,-3.05331478e-08,-5.46088044e-04
8510,5.58750000e-05,9.13405129e-08,1.63472954e-03
8511,5.58375000e-05,-1.33021456e-08,-2.38229606e-04
8512,5.58000000e-05,-6.24089372e-08,-1.11843974e-03
8513,5.57625000e-05,-5.11921265e-08,-9.18038584e-04
8514,5.57250000e-05,-6.66260402e-09,-1.19562208e-04
8515,5.56875000e-05,7.35717516e-08,1.32115379e-03
8516,5.56500000e-05,-1.17450873e-07,-2.11052782e-03
8517,5.56125000e-05,-1.21524574e-07,-2.18520250e-03
8518,5.55750000e-05,9.19838052e-08,1.65512920e-03
8519,5.55375000e-05,-7.85584137e-08,-1.41451116e-03
8520,5.55000000e-05,-8.33891463e-08,-1.50250714e-03
8521,5.54625000e-05,1.05980087e-08,1.91084223e-04
8522,5.54250000e-05,-1.50068801e-07,-2.70760129e-03
8523,5.53875000e-05,3.53739078e-08,6.38662294e-04
8524,5.53500000e-05,-9.26831611e-09,-1.67449252e-04
8525,5.53125000e-05,7.05258653e-08,1.27504389e-03
8526,5.52750000e-05,1.05573617e-07,1.90997045e-03
8527,5.52375000e-05,8.33686091e-08,1.50927557e-03
8528,5.52000000e-05,4.61564308e-08,8.36167225e-04
8529,5.51625000e-05,6.72598798e-08,1.21930442e-03
8530,5.51250000e-05,5.81908481e-08,1.05561629e-03
8531,5.50875000e-05,1.37129387e-07,2.48930133e-03
8532,5.50500000e-05,-6.20889711e-08,-1.12786505e-03
8533,5.50125000e-05,-5.49442960e-08,-9.98760209e-04
8534,5.49750000e-05,4.86823959e-08,8.85536988e-04
8535,5.49375000e-05,6.66984963e-08,1.21407957e-03
8536,5.49000000e-05,6.80697212e-08,1.23988563e-03
8537,5.48625000e-05,-2.76426286e-08,-5.03852880e-04
8538,5.48250000e-05,2.76377445e-08,5.04108427e-04
8539,5.47875000e-05,-9.49018506e-08,-1.73218071e-03
8540,5.47500000e-05,3.79390448e-08,6.92950590e-04
8541,5.47125000e-05,7.21551698e-08,1.31880594e-03
8542,5.46750000e-05,-2.32907126e-08,-4.25984684e-04
8543,5.46375000e-05,3.57782115e-09,6.54828854e-05
8544,5.46000000e-05,1.11075533e-07,2.03435043e-03
8545,5.45625000e-05,1.29795469e-07,2.37884021e-03
8546,5.45250000e-05,1.21825700e-07,2.23430904e-03
8547,5.44875000e-05,-3.98601374e-10,-7.31546454e-06
8548,5.44500000e-05,-4.17227983e-08,-7.66258922e-04
8549,5.44125000e-05,2.19879426e-08,4.04097269e-04
8550,5.43750000e-05,-7.91128967e-08,-1.45494982e-03
8551,5.43375000e-05,-8.29715414e-08,-1.52696649e-03
8552,5.43000000e-05,-1.25628627e-07,-2.31360270e-03
8553,5.42625000e-05,3.33348891e-08,6.14326451e-04
8554,5.42250000e-05,6.64246946e-08,1.22498284e-03
8555,5.41875000e-05,9.37411011e-08,1.72993958e-03
8556,5.41500000e-05,4.07827542e-08,7.53144122e-04
8557,5.41125000e-05,7.83905696e-08,1.44865917e-03
8558,5.40750000e-05,-7.74185488e-08,-1.43168837e-03
8559,5.40375000e-05,3.85389163e-08,7.13188365e-04
8560,5.40000000e-05,-1.26585374e-07,-2.34417360e-03
8561,5.39625000e-05,-3.74657222e-08,-6.94291818e-04
8562,5.39250000e-05,-2.07587054e-07,-3.84955131e-03
8563,5.38875000e-05,5.89753578e-08,1.09441629e-03
8564,5.38500000e-05,-1.58081530e-07,-2.93559015e-03
8565,5.38125000e-05,-7.76456661e-08,-1.44289275e-03
8566,5.37750000e-05,3.17197718e-08,5.89860936e-04
8567,5.37375000e-05,4.16689407e-08,7.75416436e-04
8568,5.37000000e-05,2.43333705e-08,4.53135391e-04
8569,5.36625000e-05,-4.64519774e-08,-8.65632003e-04
8570,5.36250000e-05,1.07578920e-07,2.00613371e-03
8571,5.35875000e-05,6.87550152e-08,1.28304204e-03
8572,5.35500000e-05,-7.51696693e-08,-1.40372865e-03
8573,5.35125000e-05,7.31396366e-09,1.36677667e-04
8574,5.34750000e-05,1.68692973e-08,3.15461380e-04
8575,5.34375000e-05,1.21114847e-08,2.26647667e-04
8576,5.34000000e-05,-1.88672831e-08,-3.53319909e-04
8577,5.33625000e-05,-3.03199130e-08,-5.68187642e-04
8578,5.33250000e-05,5.20695204e-08,9.76456078e-04
8579,5.32875000e-05,-1.08316273e-07,-2.03267695e-03
8580,5.32500000e-05,-1.97236374e-08,-3.70396946e-04
8581,5.32125000e-05,2.10533715e-07,3.95647103e-03
8582,5.31750000e-05,-8.31678827e-08,-1.56404105e-03
8583,5.31375000e-05,-7.75560560e-09,-1.45953528e-04
8584,5.31000000e-05,1.58748323e-07,2.98961061e-03
8585,5.30625000e-05,-3.72368532e-08,-7.01754594e-04
8586,5.30250000e-05,-9.82920327e-08,-1.85369227e-03
8587,5.29875000e-05,-7.82954224e-09,-1.47762062e-04
8588,5.29500000e-05,4.98693840e-08,9.41820282e-04
8589,5.29125000e-05,1.97969696e-09,3.74145422e-05
8590,5.28750000e-05,-3.98128086e-08,-7.52960919e-04
8591,5.28375000e-05,-6.16644582e-08,-1.16705859e-03
8592,5.28000000e-05,2.95775409e-08,5.60180698e-04
8593,5.27625000e-05,7.18661946e-08,1.36206955e-03
8594,5.27250000e-05,2.75046501e-08,5.21662401e-04
8595,5.26875000e-05,5.71957675e-08,1.08556617e-03
8596,5.26500000e-05,-1.00614445e-07,-1.91100560e-03
8597,5.26125000e-05,5.60551883e-08,1.06543480e-03
8598,5.25750000e-05,-4.91172845e-08,-9.34232705e-04
8599,5.25375000e-05,4.24725417e-08,8.08423349e-04
8600,5.25000000e-05,-5.20100865e-08,-9.90668314e-04
8601,5.24625000e-05,-1.39460749e-08,-2.65829399e-04
8602,5.24250000e-05,-1.26139021e-07,-2.40608528e-03
8603,5.23875000e-05,-6.71807014e-08,-1.28238037e-03
8604,5.23500000e-05,-1.29689457e-07,-2.47735351e-03
8605,5.23125000e-05,5.03160580e-09,9.61836234e-05
8606,5.22750000e-05,3.10802701e-08,5.94553231e-04
8607,5.22375000e-05,-1.68190529e-08,-3.21972777e-04
8608,5.22000000e-05,3.65289001e-08,6.99787359e-04
8609,5.21625000e-05,9.54329564e-08,1.82953187e-03
8610,5.21250000e-05,-3.99375013e-08,-7.66187075e-04
8611,5.20875000e-05,-8.09959893e-08,-1.55499860e-03
8612,5.20500000e-05,-2.55931991e-08,-4.91704114e-04
8613,5.20125000e-05,-4.22937037e-08,-8.13144987e-04
8614,5.19750000e-05,2.68734790e-08,5.17046253e-04
8615,5.19375000e-05,1.90598808e-08,3.66977247e-04
8616,5.19000000e-05,-2.41360127e-08,-4.65048415e-04
8617,5.18625000e-05,3.90217310e-08,7.52407442e-04
8618,5.18250000e-05,8.95617064e-08,1.72815642e-03
8619,5.17875000e-05,1.89504289e-08,3.65926698e-04
8620,5.17500000e-05,4.72032852e-08,9.12140776e-04
8621,5.17125000e-05,-4.35688171e-08,-8.42520030e-04
8622,5.16750000e-05,7.72834843e-08,1.49556815e-03
8623,5.16375000e-05,-1.24184013e-07,-2.40491915e-03
8624,5.16000000e-05,8.72781383e-08,1.69143679e-03
8625,5.15625000e-05,3.37907224e-08,6.55335223e-04
8626,5.15250000e-05,5.82973176e-08,1.13143751e-03
8627,5.14875000e-05,8.27378854e-09,1.60695092e-04
8628,5.14500000e-05,-5.05718256e-09,-9.82931499e-05
8629,5.14125000e-05,-7.42143931e-08,-1.44350874e-03
8630,5.13750000e-05,6.19659410e-08,1.20614970e-03
8631,5.13375000e-05,-2.56460202e-08,-4.99557248e-04
8632,5.13000000e-05,1.82296533e-09,3.55353866e-05
8633,5.12625000e-05,8.30434010e-09,1.61996393e-04
8634,5.12250000e-05,1.08574110e-08,2.11955314e-04
8635,5.11875000e-05,-1.14060645e-07,-2.22829099e-03
8636,5.11500000e-05,1.92742943e-08,3.76819047e-04
8637,5.11125000e-05,-2.29494368e-08,-4.48998519e-04
8638,5.10750000e-05,-2.69390846e-08,-5.27441696e-04
8639,5.10375000e-05,3.81454757e-08,7.47400944e-04
8640,5.10000000e-05,5.47411227e-10,1.07335535e-05
8641,5.09625000e-05,8.26208995e-08,1.62120970e-03
8642,5.09250000e-05,8.86858071e-08,1.74149842e-03
8643,5.08875000e-05,6.41519169e-08,1.26066160e-03
8644,5.08500000e-05,-1.17941718e-07,-2.31940448e-03
8645,5.08125000e-05,-8.58181964e-08,-1.68891900e-03
8646,5.07750000e-05,-1.76502497e-07,-3.47616931e-03
8647,5.07375000e-05,-7.11717085e-09,-1.40274370e-04
8648,5.07000000e-05,-8.32648156e-08,-1.64230406e-03
8649,5.06625000e-05,-1.29222560e-09,-2.55065503e-05
8650,5.06250000e-05,3.75634199e-08,7.41993480e-04
8651,5.05875000e-05,9.48927747e-08,1.87581467e-03
8652,5.05500000e-05,-1.08406158e-07,-2.14453328e-03
8653,5.05125000e-05,1.02218149e-07,2.02362087e-03
8654,5.04750000e-05,4.53645641e-08,8.98753127e-04
8655,5.04375000e-05,5.11981788e-08,1.01508161e-03
8656,5.04000000e-05,-3.39924942e-08,-6.74454249e-04
8657,5.03625000e-05,-1.01291094e-07,-2.01124038e-03
8658,5.03250000e-05,-2.96871941e-08,-5.89909470e-04
8659,5.02875000e-05,4.62272360e-08,9.19258982e-04
8660,5.02500000e-05,-6.19262599e-08,-1.23236338e-03
8661,5.02125000e-05,-1.34526741e-08,-2.67914844e-04
8662,5.01750000e-05,1.17590161e-07,2.34360061e-03
8663,5.01375000e-05,-8.85079023e-08,-1.76530346e-03
8664,5.01000000e-05,7.84080645e-08,1.56503123e-03
8665,5.00625000e-05,9.76001848e-08,1.94956674e-03
8666,5.00250000e-05,-9.28332679e-08,-1.85573749e-03
8667,4.99875000e-05,-6.38334314e-08,-1.27698788e-03
8668,4.99500000e-05,7.86413621e-08,1.57440164e-03
8669,4.99125000e-05,-3.54529204e-08,-7.10301435e-04
8670,4.98750000e-05,6.88880175e-08,1.38121338e-03
8671,4.98375000e-05,-1.76220655e-08,-3.53590480e-04
8672,4.98000000e-05,1.12398970e-07,2.25700743e-03
8673,4.97625000e-05,-7.13351580e-08,-1.43351234e-03
8674,4.97250000e-05,-1.35780469e-07,-2.73062783e-03
8675,4.96875000e-05,-3.89510955e-08,-7.83921418e-04
8676,4.96500000e-05,1.16837657e-07,2.35322572e-03
8677,4.96125000e-05,2.94734936e-08,5.94073946e-04
8678,4.95750000e-05,4.05643905e-08,8.18242875e-04
8679,4.95375000e-05,-2.86929093e-08,-5.79215934e-04
8680,4.95000000e-05,1.52735157e-07,3.08555872e-03
8681,4.94625000e-05,2.92632958e-08,5.91625894e-04
8682,4.94250000e-05,5.54809576e-08,1.12252823e-03
8683,4.93875000e-05,-7.46655875e-08,-1.51183169e-03
8684,4.93500000e-05,-7.56839058e-09,-1.53361511e-04
8685,4.93125000e-05,-8.00105393e-08,-1.62252044e-03
8686,4.92750000e-05,-2.79868757e-08,-5.67973123e-04
8687,4.92375000e-05,5.14675720e-08,1.04529214e-03
8688,4.92000000e-05,-1.04818434e-07,-2.13045598e-03
8689,4.91625000e-05,-3.30772689e-08,-6.72815030e-04
8690,4.91250000e-05,-1.85920068e-09,-3.78463243e-05
8691,4.90875000e-05,4.25672285e-08,8.67170430e-04
8692,4.90500000e-05,8.96794695e-08,1.82832762e-03
8693,4.90125000e-05,5.27292321e-08,1.07583233e-03
8694,4.89750000e-05,6.72356151e-08,1.37285585e-03
8695,4.89375000e-05,-1.17855911e-07,-2.40829448e-03
8696,4.89000000e-05,-6.15405764e-08,-1.25849850e-03
8697,4.88625000e-05,5.02833850e-08,1.02907925e-03
8698,4.88250000e-05,-1.18753007e-10,-2.43221725e-06
8699,4.87875000e-05,7.07480910e-08,1.45012741e-03
8700,4.87500000e-05,1.56675006e-07,3.21384627e-03
8701,4.87125000e-05,-1.86747005e-08,-3.83365675e-04
8702,4.86750000e-05,1.00396091e-07,2.06258020e-03
8703,4.86375000e-05,8.38323582e-08,1.72361569e-03
8704,4.86000000e-05,-1.13252450e-07,-2.33029732e-03
8705,4.85625000e-05,8.17990840e-08,1.68440842e-03
8706,4.85250000e-05,-8.76717799e-08,-1.80673426e-03
8707,4.84875000e-05,-6.53131260e-08,-1.34700956e-03
8708,4.84500000e-05,1.14164894e-07,2.35634457e-03
8709,4.84125000e-05,-1.45539152e-08,-3.00623087e-04
8710,4.83750000e-05,5.01178488e-08,1.03602788e-03
8711,4.83375000e-05,4.58664218e-11,9.48878651e-07
8712,4.83000000e-05,-1.43968331e-07,-2.98071080e-03
8713,4.82625000e-05,4.04555842e-08,8.38240543e-04
8714,4.82250000e-05,9.77226517e-08,2.02638988e-03
8715,4.81875000e-05,-1.18259328e-08,-2.45414948e-04
8716,4.81500000e-05,-2.06488024e-08,-4.28843249e-04
8717,4.81125000e-05,3.56957185e-08,7.41921922e-04
8718,4.80750000e-05,-1.83272932e-08,-3.81222948e-04
8719,4.80375000e-05,-2.07272318e-08,-4.31480236e-04
8720,4.80000000e-05,5.41541140e-09,1.12821071e-04
8721,4.79625000e-05,-1.00933802e-07,-2.10443164e-03
8722,4.79250000e-05,3.67008779e-08,7.65798182e-04
8723,4.78875000e-05,4.87356153e-08,1.01771058e-03
8724,4.78500000e-05,-9.07348574e-08,-1.89623526e-03
8725,4.78125000e-05,3.01185878e-08,6.29931249e-04
8726,4.77750000e-05,-2.15692584e-08,-4.51475843e-04
8727,4.77375000e-05,1.88913740e-08,3.95734465e-04
8728,4.77000000e-05,-7.29538161e-08,-1.52943011e-03
8729,4.76625000e-05,-2.79455961e-08,-5.86322498e-04
8730,4.76250000e-05,1.22587154e-07,2.57400849e-03
8731,4.75875000e-05,3.32163124e-08,6.98004988e-04
8732,4.75500000e-05,5.00724394e-08,1.05304815e-03
8733,4.75125000e-05,-2.52513311e-08,-5.31467112e-04
8734,4.74750000e-05,-5.01300561e-08,-1.05592535e-03
8735,4.74375000e-05,2.24071941e-08,4.72351918e-04
8736,4.74000000e-05,2.10714982e-08,4.44546376e-04
8737,4.73625000e-05,5.34080520e-08,1.12764428e-03
8738,4.73250000e-05,-1.98391492e-08,-4.19210759e-04
8739,4.72875000e-05,4.49735127e-08,9.51065560e-04
8740,4.72500000e-05,-7.53170548e-09,-1.59401174e-04
8741,4.72125000e-05,-2.16580975e-10,-4.58736511e-06
8742,4.71750000e-05,5.05656361e-09,1.07187358e-04
8743,4.71375000e-05,1.04185938e-07,2.21025590e-03
8744,4.71000000e-05,-2.30330192e-08,-4.89023761e-04
8745,4.70625000e-05,1.13618073e-08,2.41419544e-04
8746,4.70250000e-05,9.88547177e-09,2.10217369e-04
8747,4.69875000e-05,-6.75740359e-08,-1.43812793e-03
8748,4.69500000e-05,-6.60740007e-09,-1.40732696e-04
8749,4.69125000e-05,-1.51326513e-07,-3.22571836e-03
8750,4.68750000e-05,-2.93363659e-08,-6.25842472e-04
8751,4.68375000e-05,-7.45740102e-08,-1.59218597e-03
8752,4.68000000e-05,3.43477184e-08,7.33925608e-04
8753,4.67625000e-05,2.82201772e-08,6.03478796e-04
8754,4.67250000e-05,-2.00320205e-08,-4.28721680e-04
8755,4.66875000e-05,-3.71900251e-08,-7.96573495e-04
8756,4.66500000e-05,-5.73037803e-08,-1.22837685e-03
8757,4.66125000e-05,5.79600796e-08,1.24344499e-03
8758,4.65750000e-05,4.39561278e-08,9.43770861e-04
8759,4.65375000e-05,9.14099370e-08,1.96422105e-03
8760,4.65000000e-05,7.61172874e-08,1.63693091e-03
8761,4.64625000e-05,-6.92115609e-09,-1.48962197e-04
8762,4.64250000e-05,6.07000137e-08,1.30748549e-03
8763,4.63875000e-05,5.39892713e-08,1.16387542e-03
8764,4.63500000e-05,-7.07011474e-08,-1.52537535e-03
8765,4.63125000e-05,-3.84752515e-08,-8.30774662e-04
8766,4.62750000e-05,-1.29080026e-07,-2.78941170e-03
8767,4.62375000e-05,3.04439167e-08,6.58424799e-04
8768,4.62000000e-05,-1.60608644e-08,-3.47637758e-04
8769,4.61625000e-05,4.22154630e-08,9.14496897e-04
8770,4.61250000e-05,-5.47570138e-08,-1.18714393e-03
8771,4.60875000e-05,4.67519889e-09,1.01441799e-04
8772,4.60500000e-05,4.42257826e-08,9.60386158e-04
8773,4.60125000e-05,6.86660226e-08,1.49233410e-03
8774,4.59750000e-05,-1.22892142e-07,-2.67302103e-03
8775,4.59375000e-05,1.22246575e-08,2.66114993e-04
8776,4.59000000e-05,3.30064265e-08,7.19094259e-04
8777,4.58625000e-05,-1.25575817e-07,-2.73809358e-03
8778,4.58250000e-05,7.10676558e-08,1.55084901e-03
8779,4.57875000e-05,3.66972985e-08,8.01469800e-04
8780,4.57500000e-05,1.35018356e-08,2.95122091e-04
8781,4.57125000e-05,4.28154200e-08,9.36623899e-04
8782,4.56750000e-05,-9.83055730e-08,-2.15228403e-03
8783,4.56375000e-05,7.77765349e-08,1.70422426e-03
8784,4.56000000e-05,-7.81142091e-08,-1.71303090e-03
8785,4.55625000e-05,7.60702028e-08,1.66957921e-03
8786,4.55250000e-05,-1.08539254e-07,-2.38416813e-03
8787,4.54875000e-05,3.35456307e-09,7.37469211e-05
8788,4.54500000e-05,2.45951419e-08,5.41147237e-04
8789,4.54125000e-05,5.31281761e-08,1.16990203e-03
8790,4.53750000e-05,-1.01103357e-07,-2.22817316e-03
8791,4.53375000e-05,2.57892274e-09,5.68827735e-05
8792,4.53000000e-05,-1.01165799e-07,-2.23324060e-03
8793,4.52625000e-05,1.20362880e-08,2.65921856e-04
8794,4.52250000e-05,1.34465736e-07,2.97326117e-03
8795,4.51875000e-05,1.10336824e-08,2.44175544e-04
8796,4.51500000e-05,5.35644551e-09,1.18636667e-04
8797,4.51125000e-05,5.69270324e-08,1.26189044e-03
8798,4.50750000e-05,3.86475014e-08,8.57404356e-04
8799,4.50375000e-05,-2.62727284e-08,-5.83352283e-04
8800,4.50000000e-05,-3.59533012e-08,-7.98962249e-04
8801,4.49625000e-05,-3.80761778e-08,-8.46842986e-04
8802,4.49250000e-05,-1.16962653e-08,-2.60350925e-04
8803,4.48875000e-05,1.18747705e-08,2.64545152e-04
8804,4.48500000e-05,8.09621314e-09,1.80517573e-04
8805,4.48125000e-05,2.45899139e-08,5.48728901e-04
8806,4.47750000e-05,-1.93215854e-09,-4.31526196e-05
8807,4.47375000e-05,4.26461402e-08,9.53252644e-04
8808,4.47000000e-05,-2.92958746e-08,-6.55388694e-04
8809,4.46625000e-05,-5.25155313e-08,-1.17583053e-03
8810,4.46250000e-05,4.28353575e-08,9.59895966e-04
8811,4.45875000e-05,1.69305436e-09,3.79715024e-05
8812,4.45500000e-05,7.11759225e-08,1.59766380e-03
8813,4.45125000e-05,4.58825192e-08,1.03077830e-03
8814,4.44750000e-05,8.33315283e-09,1.87367124e-04
8815,4.44375000e-05,7.97161480e-08,1.79389363e-03
8816,4.44000000e-05,5.90004210e-08,1.32883831e-03
8817,4.43625000e-05,5.52781114e-08,1.24605492e-03
8818,4.43250000e-05,6.70816263e-08,1.51340386e-03
8819,4.42875000e-05,-8.85170862e-08,-1.99869232e-03
8820,4.42500000e-05,-4.23477697e-09,-9.57011745e-05
8821,4.42125000e-05,-3.52851198e-08,-7.98080177e-04
8822,4.41750000e-05,-6.07997393e-08,-1.37633818e-03
8823,4.41375000e-05,-8.20624226e-08,-1.85924492e-03
8824,4.41000000e-05,-9.01570733e-08,-2.04437808e-03
8825,4.40625000e-05,1.21403987e-09,2.75526779e-05
8826,4.40250000e-05,-5.15237584e-08,-1.17032955e-03
8827,4.39875000e-05,-4.86199164e-08,-1.10531211e-03
8828,4.39500000e-05,-8.28834024e-09,-1.88585671e-04
8829,4.39125000e-05,9.82773132e-08,2.23802592e-03
8830,4.38750000e-05,4.74998632e-08,1.08261796e-03
8831,4.38375000e-05,-8.32494274e-09,-1.89904596e-04
8832,4.38000000e-05,2.41156768e-08,5.50586228e-04
8833,4.37625000e-05,5.78793817e-08,1.32257942e-03
8834,4.37250000e-05,1.67927605e-07,3.84053984e-03
8835,4.36875000e-05,-1.60624815e-08,-3.67667673e-04
8836,4.36500000e-05,3.74704534e-09,8.58429631e-05
8837,4.36125000e-05,2.27586897e-08,5.21838686e-04
8838,4.35750000e-05,5.55605029e-09,1.27505457e-04
8839,4.35375000e-05,9.59176272e-09,2.20310370e-04
8840,4.35000000e-05,-3.86730519e-08,-8.89035675e-04
8841,4.34625000e-05,-2.09220730e-08,-4.81382179e-04
8842,4.34250000e-05,-9.68466153e-08,-2.23020415e-03
8843,4.33875000e-05,1.13971882e-08,2.62683682e-04
8844,4.33500000e-05,1.12032432e-08,2.58436983e-04
8845,4.33125000e-05,-1.02694326e-07,-2.37100898e-03
8846,4.32750000e-05,4.11822620e-08,9.51640948e-04
8847,4.32375000e-05,9.52521596e-08,2.20299878e-03
8848,4.32000000e-05,-3.03178531e-08,-7.01802155e-04
8849,4.31625000e-05,-9.45733092e-09,-2.19109897e-04
8850,4.31250000e-05,-5.78929005e-09,-1.34244407e-04
8851,4.30875000e-05,6.73750022e-09,1.56367861e-04
8852,4.30500000e-05,-1.71272808e-07,-3.97846243e-03
8853,4.30125000e-05,6.24990183e-08,1.45304315e-03
8854,4.29750000e-05,4.28193632e-08,9.96378433e-04
8855,4.29375000e-05,-9.99355021e-09,-2.32746439e-04
8856,4.29000000e-05,5.61944479e-08,1.30989389e-03
8857,4.28625000e-05,3.74353941e-08,8.73383356e-04
8858,4.28250000e-05,-9.85669800e-08,-2.30162242e-03
8859,4.27875000e-05,5.04284691e-08,1.17857947e-03
8860,4.27500000e-05,4.41691489e-08,1.03319647e-03
8861,4.27125000e-05,-9.35700853e-08,-2.19069559e-03
8862,4.26750000e-05,6.15696611e-08,1.44275714e-03
8863,4.26375000e-05,1.90909066e-08,4.47749203e-04
8864,4.26000000e-05,-8.51790352e-08,-1.99950787e-03
8865,4.25625000e-05,4.26281914e-08,1.00154341e-03
8866,4.25250000e-05,4.81060740e-08,1.13124219e-03
8867,4.24875000e-05,-3.48646210e-08,-8.20585373e-04
8868,4.24500000e-05,-2.78510855e-08,-6.56091531e-04
8869,4.24125000e-05,-5.70091560e-08,-1.34415929e-03
8870,4.23750000e-05,-5.70056734e-08,-1.34526663e-03
8871,4.23375000e-05,-4.80903350e-08,-1.13588037e-03
8872,4.23000000e-05,-2.46492906e-08,-5.82725546e-04
8873,4.22625000e-05,2.91129845e-08,6.88860916e-04
8874,4.22250000e-05,-8.92795810e-08,-2.11437729e-03
8875,4.21875000e-05,-4.81210576e-08,-1.14064729e-03
8876,4.21500000e-05,-6.29287522e-09,-1.49297158e-04
8877,4.21125000e-05,8.86553844e-08,2.10520355e-03
8878,4.20750000e-05,6.40984976e-08,1.52343429e-03
8879,4.20375000e-05,9.48887799e-08,2.25724127e-03
8880,4.20000000e-05,2.57607997e-08,6.13352374e-04
8881,4.19625000e-05,9.67067165e-08,2.30459855e-03
8882,4.19250000e-05,8.50328903e-08,2.02821444e-03
8883,4.18875000e-05,9.40147418e-08,2.24445817e-03
8884,4.18500000e-05,-7.93010996e-09,-1.89488888e-04
8885,4.18125000e-05,5.81684778e-08,1.39117436e-03
8886,4.17750000e-05,3.69559390e-08,8.84642465e-04
8887,4.17375000e-05,3.16484605e-08,7.58273987e-04
8888,4.17000000e-05,-6.43597997e-08,-1.54340047e-03
8889,4.16625000e-05,2.03248068e-08,4.87844149e-04
8890,4.16250000e-05,-4.82207581e-08,-1.15845665e-03
8891,4.15875000e-05,-3.66832389e-08,-8.82073673e-04
8892,4.15500000e-05,-1.01528041e-07,-2.44351482e-03
8893,4.15125000e-05,-5.30127969e-08,-1.27703215e-03
8894,4.14750000e-05,3.68395541e-08,8.88235181e-04
8895,4.14375000e-05,4.63186579e-08,1.11779566e-03
8896,4.14000000e-05,9.69143217e-08,2.34092564e-03
8897,4.13625000e-05,4.19669306e-08,1.01461301e-03
8898,4.13250000e-05,7.23640093e-08,1.75109520e-03
8899,4.12875000e-05,4.55225270e-08,1.10257407e-03
8900,4.12500000e-05,-1.37511308e-08,-3.33360746e-04
8901,4.12125000e-05,-4.62084241e-08,-1.12122351e-03
8902,4.11750000e-05,-2.71110474e-08,-6.58434667e-04
8903,4.11375000e-05,9.76066096e-08,2.37269182e-03
8904,4.11000000e-05,1.70916237e-08,4.15854591e-04
8905,4.10625000e-05,-4.62557723e-08,-1.12647239e-03
8906,4.10250000e-05,-8.15550553e-08,-1.98793553e-03
8907,4.09875000e-05,1.56602987e-08,3.82074992e-04
8908,4.09500000e-05,4.59828381e-08,1.12290203e-03
8909,4.09125000e-05,7.26620308e-08,1.77603497e-03
8910,4.08750000e-05,-8.09478640e-09,-1.98037588e-04
8911,4.08375000e-05,-8.15975865e-09,-1.99810435e-04
8912,4.08000000e-05,-3.78987887e-08,-9.28891879e-04
8913,4.07625000e-05,-2.17085805e-08,-5.32562539e-04
8914,4.07250000e-05,2.67858238e-08,6.57724341e-04
8915,4.06875000e-05,1.50484395e-08,3.69854120e-04
8916,4.06500000e-05,-8.59052232e-08,-2.11328962e-03
8917,4.06125000e-05,-2.68581930e-08,-6.61328236e-04
8918,4.05750000e-05,1.87781473e-08,4.62800918e-04
8919,4.05375000e-05,-6.18748852e-09,-1.52636165e-04
8920,4.05000000e-05,-7.88650769e-08,-1.94728585e-03
8921,4.04625000e-05,-5.34138057e-08,-1.32008170e-03
8922,4.04250000e-05,7.12023649e-08,1.76134483e-03
8923,4.03875000e-05,6.69609964e-08,1.65796339e-03
8924,4.03500000e-05,1.16696499e-08,2.89210655e-04
8925,4.03125000e-05,-4.21052260e-09,-1.04447072e-04
8926,4.02750000e-05,9.00447444e-08,2.23574784e-03
8927,4.02375000e-05,-3.30692915e-08,-8.21852539e-04
8928,4.02000000e-05,5.54907540e-08,1.38036701e-03
8929,4.01625000e-05,-1.49675500e-08,-3.72674758e-04
8930,4.01250000e-05,1.09739107e-09,2.73493101e-05
8931,4.00875000e-05,5.87869703e-08,1.46646636e-03
8932,4.00500000e-05,1.04776591e-07,2.61614459e-03
8933,4.00125000e-05,-4.62701786e-08,-1.15639309e-03
8934,3.99750000e-05,-4.08276635e-10,-1.02132992e-05
8935,3.99375000e-05,-2.80422316e-08,-7.02152905e-04
8936,3.99000000e-05,1.00748437e-08,2.52502349e-04
8937,3.98625000e-05,-4.64036038e-08,-1.16409166e-03
8938,3.98250000e-05,7.26359017e-08,1.82387701e-03
8939,3.97875000e-05,-3.09515220e-08,-7.77920754e-04
8940,3.97500000e-05,8.40879014e-08,2.11541890e-03
8941,3.97125000e-05,-5.75945449e-08,-1.45028756e-03
8942,3.96750000e-05,1.01367597e-08,2.55494887e-04
8943,3.96375000e-05,4.00230987e-08,1.00972813e-03
8944,3.96000000e-05,7.39656889e-08,1.86782043e-03
8945,3.95625000e-05,3.92717823e-08,9.92651685e-04
8946,3.95250000e-05,1.82513295e-08,4.61766717e-04
8947,3.94875000e-05,2.76826607e-08,7.01048705e-04
8948,3.94500000e-05,-7.87120000e-08,-1.99523447e-03
8949,3.94125000e-05,-2.56084557e-08,-6.49754664e-04
8950,3.93750000e-05,-7.64806515e-08,-1.94236575e-03
8951,3.93375000e-05,-1.93356313e-08,-4.91531778e-04
8952,3.93000000e-05,1.13357537e-08,2.88441571e-04
8953,3.92625000e-05,-4.99418580e-08,-1.27199893e-03
8954,3.92250000e-05,-1.04180696e-07,-2.65597695e-03
8955,3.91875000e-05,-4.52682071e-08,-1.15516956e-03
8956,3.91500000e-05,-2.55596626e-08,-6.52864945e-04
8957,3.91125000e-05,-3.95255828e-09,-1.01056140e-04
8958,3.90750000e-05,7.96607191e-08,2.03866204e-03
8959,3.90375000e-05,-3.64622758e-08,-9.34032040e-04
8960,3.90000000e-05,-5.88348548e-09,-1.50858602e-04
8961,3.89625000e-05,4.73794559e-10,1.21602710e-05
8962,3.89250000e-05,4.16949371e-08,1.07116087e-03
8963,3.88875000e-05,-4.36669882e-08,-1.12290552e-03
8964,3.88500000e-05,-3.61648840e-08,-9.30885044e-04
8965,3.88125000e-05,5.63156555e-08,1.45096697e-03
8966,3.87750000e-05,-6.96176313e-08,-1.79542570e-03
8967,3.87375000e-05,1.81060726e-08,4.67404263e-04
8968,3.87000000e-05,5.03957163e-08,1.30221489e-03
8969,3.86625000e-05,-8.70415475e-08,-2.25131710e-03
8970,3.86250000e-05,-5.46941378e-08,-1.41602946e-03
8971,3.85875000e-05,6.01993433e-09,1.56007368e-04
8972,3.85500000e-05,1.16608687e-08,3.02486867e-04
8973,3.85125000e-05,2.89731084e-09,7.52304014e-05
8974,3.84750000e-05,-3.91580448e-08,-1.01775295e-03
8975,3.84375000e-05,1.47772441e-08,3.84448627e-04
8976,3.84000000e-05,2.40663907e-08,6.26728923e-04
8977,3.83625000e-05,8.89273377e-09,2.31807984e-04
8978,3.83250000e-05,-9.00328856e-09,-2.34919467e-04
8979,3.82875000e-05,-6.56744175e-08,-1.71529657e-03
8980,3.82500000e-05,-6.61352184e-08,-1.72902532e-03
8981,3.82125000e-05,-1.77867687e-09,-4.65469904e-05
8982,3.81750000e-05,5.37724953e-09,1.40857879e-04
8983,3.81375000e-05,5.35358737e-08,1.40375939e-03
8984,3.81000000e-05,-3.81853216e-09,-1.00223941e-04
8985,3.80625000e-05,-4.06086788e-08,-1.06689468e-03
8986,3.80250000e-05,-2.99483021e-08,-7.87595057e-04
8987,3.79875000e-05,5.64836583e-09,1.48690117e-04
8988,3.79500000e-05,5.48288500e-08,1.44476548e-03
8989,3.79125000e-05,-2.03382698e-08,-5.36452880e-04
8990,3.78750000e-05,-6.00917675e-08,-1.58658132e-03
8991,3.78375000e-05,1.13496148e-08,2.99956784e-04
8992,3.78000000e-05,3.44536041e-08,9.11471007e-04
8993,3.77625000e-05,8.94400813e-08,2.36848941e-03
8994,3.77250000e-05,-4.85975252e-08,-1.28820478e-03
8995,3.76875000e-05,-4.00513367e-09,-1.06272203e-04
8996,3.76500000e-05,-7.20710478e-08,-1.91423766e-03
8997,3.76125000e-05,-6.48027219e-08,-1.72290387e-03
8998,3.75750000e-05,8.63198635e-09,2.29726849e-04
8999,3.75375000e-05,3.92291013e-08,1.04506430e-03
9000,3.75000000e-05,-3.18544497e-08,-8.49451993e-04
9001,3.74625000e-05,1.08814053e-07,2.90461268e-03
9002,3.74250000e-05,-3.86434680e-08,-1.03255760e-03
9003,3.73875000e-05,-5.76845199e-08,-1.54288251e-03
9004,3.73500000e-05,-4.15891945e-08,-1.11349918e-03
9005,3.73125000e-05,1.40377053e-08,3.76219908e-04
9006,3.72750000e-05,-4.62540362e-09,-1.24088628e-04
9007,3.72375000e-05,4.31337014e-08,1.15834042e-03
9008,3.72000000e-05,-2.10592710e-09,-5.66109435e-05
9009,3.71625000e-05,1.00799935e-08,2.71240996e-04
9010,3.71250000e-05,3.87413209e-08,1.04353726e-03
9011,3.70875000e-05,8.18216286e-08,2.20617805e-03
9012,3.70500000e-05,2.21551779e-07,5.97980509e-03
9013,3.70125000e-05,-7.57956937e-08,-2.04784042e-03
9014,3.69750000e-05,-1.92765692e-09,-5.21340615e-05
9015,3.69375000e-05,3.46914496e-08,9.39193221e-04
9016,3.69000000e-05,-2.21241536e-09,-5.99570559e-05
9017,3.68625000e-05,-8.59643741e-08,-2.33202778e-03
9018,3.68250000e-05,-2.55498895e-08,-6.93819132e-04
9019,3.67875000e-05,-6.04881629e-08,-1.64425859e-03
9020,3.67500000e-05,4.44509142e-08,1.20954868e-03
9021,3.67125000e-05,-5.99801827e-08,-1.63378094e-03
9022,3.66750000e-05,-7.13623094e-09,-1.94580257e-04
9023,3.66375000e-05,1.26155161e-07,3.44333431e-03
9024,3.66000000e-05,1.01211067e-08,2.76532971e-04
9025,3.65625000e-05,-5.95833496e-09,-1.62963008e-04
9026,3.65250000e-05,-1.95810509e-08,-5.36099956e-04
9027,3.64875000e-05,5.93365890e-09,1.62621690e-04
9028,3.64500000e-05,-7.66157697e-08,-2.10194156e-03
9029,3.64125000e-05,-7.73029563e-08,-2.12297854e-03
9030,3.63750000e-05,-9.46315709e-08,-2.60155521e-03
9031,3.63375000e-05,-1.01535751e-07,-2.79424152e-03
9032,3.63000000e-05,1.18741313e-08,3.27111056e-04
9033,3.62625000e-05,-6.92205393e-08,-1.90887389e-03
9034,3.62250000e-05,4.73288237e-08,1.30652377e-03
9035,3.61875000e-05,4.08115826e-08,1.12778121e-03
9036,3.61500000e-05,6.45976950e-08,1.78693485e-03
9037,3.61125000e-05,8.17454249e-09,2.26363240e-04
9038,3.60750000e-05,9.25704762e-08,2.56605617e-03
9039,3.60375000e-05,4.16582497e-08,1.15596947e-03
9040,3.60000000e-05,2.73388663e-08,7.59412952e-04
9041,3.59625000e-05,9.55550951e-08,2.65707598e-03
9042,3.59250000e-05,-6.12950302e-08,-1.70619430e-03
9043,3.58875000e-05,7.10601766e-09,1.98008155e-04
9044,3.58500000e-05,-1.36706023e-08,-3.81327818e-04
9045,3.58125000e-05,2.25494292e-08,6.29652474e-04
9046,3.57750000e-05,-5.29435564e-08,-1.47990374e-03
9047,3.57375000e-05,-6.36959395e-08,-1.78232779e-03
9048,3.57000000e-05,-2.91367024e-08,-8.16154128e-04
9049,3.56625000e-05,-2.58454689e-08,-7.24723980e-04
9050,3.56250000e-05,-3.23646896e-08,-9.08482515e-04
9051,3.55875000e-05,-2.51817378e-08,-7.07600641e-04
9052,3.55500000e-05,-6.22927014e-08,-1.75225602e-03
9053,3.55125000e-05,5.85914089e-08,1.64988128e-03
9054,3.54750000e-05,-8.52211009e-08,-2.40228614e-03
9055,3.54375000e-05,3.93730266e-08,1.11105542e-03
9056,3.54000000e-05,5.78221652e-08,1.63339450e-03
9057,3.53625000e-05,1.41901577e-08,4.01276994e-04
9058,3.53250000e-05,8.14307776e-08,2.30518832e-03
9059,3.52875000e-05,-7.11429649e-09,-2.01609536e-04
9060,3.52500000e-05,-1.15009930e-08,-3.26269306e-04
9061,3.52125000e-05,-6.44334985e-09,-1.82984731e-04
9062,3.51750000e-05,1.15858166e-07,3.29376448e-03
9063,3.51375000e-05,-2.06883988e-08,-5.88784028e-04
9064,3.51000000e-05,6.78590607e-08,1.93330657e-03
9065,3.50625000e-05,-3.05268330e-08,-8.70640514e-04
9066,3.50250000e-05,6.39464603e-08,1.82573763e-03
9067,3.49875000e-05,-3.82503969e-08,-1.09325893e-03
9068,3.49500000e-05,-5.82382735e-08,-1.66633115e-03
9069,3.49125000e-05,-3.58036045e-09,-1.02552394e-04
9070,3.48750000e-05,-2.74265906e-08,-7.86425536e-04
9071,3.48375000e-05,-2.97085169e-08,-8.52774076e-04
9072,3.48000000e-05,7.24643635e-08,2.08230930e-03
9073,3.47625000e-05,-1.51153879e-08,-4.34818783e-04
9074,3.47250000e-05,6.60239143e-08,1.90133663e-03
9075,3.46875000e-05,-1.38270380e-08,-3.98617311e-04
9076,3.46500000e-05,1.00802966e-09,2.90917651e-05
9077,3.46125000e-05,-2.87322052e-08,-8.30110660e-04
9078,3.45750000e-05,-3.24872763e-08,-9.39617536e-04
9079,3.45375000e-05,-1.48214965e-08,-4.29142135e-04
9080,3.45000000e-05,-1.78740091e-08,-5.18087220e-04
9081,3.44625000e-05,-1.42305900e-08,-4.12929707e-04
9082,3.44250000e-05,8.80251099e-08,2.55701118e-03
9083,3.43875000e-05,3.46581457e-08,1.00787047e-03
9084,3.43500000e-05,1.22767582e-07,3.57401987e-03
9085,3.43125000e-05,6.63379330e-08,1.93334595e-03
9086,3.42750000e-05,4.51245355e-08,1.31654371e-03
9087,3.42375000e-05,1.09361994e-07,3.19421668e-03
9088,3.42000000e-05,-4.60879665e-08,-1.34760136e-03
9089,3.41625000e-05,6.88851959e-09,2.01639798e-04
9090,3.41250000e-05,3.65939845e-08,1.07235119e-03
9091,3.40875000e-05,-4.45701666e-08,-1.30752230e-03
9092,3.40500000e-05,2.02840980e-08,5.95715065e-04
9093,3.40125000e-05,-4.63989958e-10,-1.36417481e-05
9094,3.39750000e-05,-2.71568720e-08,-7.99319263e-04
9095,3.39375000e-05,-1.51582712e-08,-4.46652558e-04
9096,3.39000000e-05,-4.89247609e-09,-1.44320829e-04
9097,3.38625000e-05,-5.26854826e-09,-1.55586512e-04
9098,3.38250000e-05,1.14193566e-08,3.37601081e-04
9099,3.37875000e-05,4.77702631e-08,1.41384426e-03
9100,3.37500000e-05,5.82720816e-10,1.72658020e-05
9101,3.37125000e-05,-7.11646079e-08,-2.11092645e-03
9102,3.36750000e-05,4.04313494e-09,1.20063398e-04
9103,3.36375000e-05,-2.69295810e-08,-8.00582118e-04
9104,3.36000000e-05,2.89266476e-08,8.60912132e-04
9105,3.35625000e-05,-3.80979233e-08,-1.13513366e-03
9106,3.35250000e-05,-3.48764875e-08,-1.04031283e-03
9107,3.34875000e-05,-5.08239981e-08,-1.51770058e-03
9108,3.34500000e-05,-1.40248316e-08,-4.19277478e-04
9109,3.34125000e-05,-6.03398602e-08,-1.80590678e-03
9110,3.33750000e-05,9.09079594e-08,2.72383399e-03
9111,3.33375000e-05,3.72669763e-08,1.11786955e-03
9112,3.33000000e-05,3.41395057e-08,1.02521038e-03
9113,3.32625000e-05,-3.77303836e-08,-1.13432194e-03
9114,3.32250000e-05,1.39720258e-09,4.20527487e-05
9115,3.31875000e-05,5.84380525e-08,1.76084527e-03
9116,3.31500000e-05,-3.06264403e-10,-9.23874518e-06
9117,3.31125000e-05,6.81605405e-09,2.05845347e-04
9118,3.30750000e-05,2.39244944e-08,7.23340722e-04
9119,3.30375000e-05,6.61543309e-09,2.00240124e-04
9120,3.30000000e-05,-1.66884489e-08,-5.05710573e-04
9121,3.29625000e-05,3.98021196e-08,1.20749699e-03
9122,3.29250000e-05,-2.29077413e-09,-6.95755239e-05
9123,3.28875000e-05,-1.12611287e-08,-3.42413643e-04
9124,3.28500000e-05,-9.78431716e-08,-2.97848315e-03
9125,3.28125000e-05,-7.82271702e-08,-2.38406614e-03
9126,3.27750000e-05,-3.68405836e-08,-1.12404527e-03
9127,3.27375000e-05,-6.71188448e-08,-2.05021290e-03
9128,3.27000000e-05,-2.23341778e-09,-6.83002380e-05
9129,3.26625000e-05,6.16190443e-08,1.88653790e-03
9130,3.26250000e-05,-2.23259097e-08,-6.84319072e-04
9131,3.25875000e-05,2.30034234e-08,7.05897150e-04
9132,3.25500000e-05,4.70018278e-08,1.44398856e-03
9133,3.25125000e-05,2.16511749e-08,6.65933867e-04
9134,3.24750000e-05,8.61554961e-09,2.65297909e-04
9135,3.24375000e-05,-1.48993405e-08,-4.59324562e-04
9136,3.24000000e-05,2.24511725e-08,6.92937422e-04
9137,3.23625000e-05,6.81675335e-08,2.10637415e-03
9138,3.23250000e-05,5.98401728e-08,1.85120411e-03
9139,3.22875000e-05,9.04230696e-09,2.80055965e-04
9140,3.22500000e-05,1.86139015e-08,5.77175241e-04
9141,3.22125000e-05,-2.20581715e-08,-6.84770555e-04
9142,3.21750000e-05,-2.96408714e-08,-9.21239205e-04
9143,3.21375000e-05,3.68856612e-08,1.14774519e-03
9144,3.21000000e-05,-3.63440006e-08,-1.13221186e-03
9145,3.20625000e-05,-1.90423236e-08,-5.93912625e-04
9146,3.20250000e-05,1.10300332e-07,3.44419458e-03
9147,3.19875000e-05,6.33593322e-09,1.98075286e-04
9148,3.19500000e-05,-4.75086973e-08,-1.48697018e-03
9149,3.19125000e-05,-5.01513975e-08,-1.57152832e-03
9150,3.18750000e-05,-8.01892823e-08,-2.51574219e-03
9151,3.18375000e-05,3.59780990e-08,1.13005415e-03
9152,3.18000000e-05,-6.16819882e-08,-1.93968516e-03
9153,3.17625000e-05,4.25558430e-08,1.33981403e-03
9154,3.17250000e-05,9.54979862e-09,3.01018081e-04
9155,3.16875000e-05,2.75536315e-08,8.69542611e-04
9156,3.16500000e-05,1.12234012e-07,3.54609831e-03
9157,3.16125000e-05,-4.34145546e-08,-1.37333506e-03
9158,3.15750000e-05,7.63869947e-08,2.41922390e-03
9159,3.15375000e-05,-2.99105564e-08,-9.48412410e-04
9160,3.15000000e-05,-7.66714383e-08,-2.43401391e-03
9161,3.14625000e-05,-3.28970850e-08,-1.04559666e-03
9162,3.14250000e-05,-3.28927754e-08,-1.04670725e-03
9163,3.13875000e-05,-3.21363695e-08,-1.02385884e-03
9164,3.13500000e-05,-6.35755075e-08,-2.02792687e-03
9165,3.13125000e-05,1.47502378e-08,4.71065477e-04
9166,3.12750000e-05,5.37117362e-08,1.71740164e-03
9167,3.12375000e-05,9.07249709e-09,2.90436081e-04
9168,3.12000000e-05,6.67328359e-09,2.13887295e-04
9169,3.11625000e-05,-1.15098428e-07,-3.69349147e-03
9170,3.11250000e-05,-3.49145202e-08,-1.12175165e-03
9171,3.10875000e-05,2.07884426e-08,6.68707443e-04
9172,3.10500000e-05,1.44432449e-08,4.65160867e-04
9173,3.10125000e-05,-1.29714728e-09,-4.18265950e-05
9174,3.09750000e-05,4.83654091e-08,1.56143371e-03
9175,3.09375000e-05,5.95218807e-08,1.92393958e-03
9176,3.09000000e-05,-7.41892392e-09,-2.40094625e-04
9177,3.08625000e-05,-1.21471588e-09,-3.93589594e-05
9178,3.08250000e-05,-3.02003915e-08,-9.79736951e-04
9179,3.07875000e-05,-4.81323632e-08,-1.56337355e-03
9180,3.07500000e-05,-2.34455386e-08,-7.62456541e-04
9181,3.07125000e-05,-4.57480372e-08,-1.48955758e-03
9182,3.06750000e-05,-6.23355773e-09,-2.03212966e-04
9183,3.06375000e-05,-5.08858684e-08,-1.66090146e-03
9184,3.06000000e-05,-3.18205906e-10,-1.03988858e-05
9185,3.05625000e-05,2.15329332e-08,7.04554052e-04
9186,3.05250000e-05,1.29285418e-08,4.23539453e-04
9187,3.04875000e-05,3.35195727e-09,1.09945298e-04
9188,3.04500000e-05,1.45054651e-08,4.76369952e-04
9189,3.04125000e-05,1.81103207e-08,5.95489379e-04
9190,3.03750000e-05,4.14071399e-09,1.36319802e-04
9191,3.03375000e-05,5.74935999e-09,1.89513308e-04
9192,3.03000000e-05,4.83031669e-08,1.59416392e-03
9193,3.02625000e-05,1.32038041e-07,4.36309098e-03
9194,3.02250000e-05,3.87618698e-08,1.28244400e-03
9195,3.01875000e-05,6.94552045e-08,2.30079352e-03
9196,3.01500000e-05,3.63263752e-10,1.20485490e-05
9197,3.01125000e-05,1.27117759e-08,4.22142826e-04
9198,3.00750000e-05,-5.37847263e-08,-1.78835333e-03
9199,3.00375000e-05,1.57746614e-08,5.25165588e-04
9200,3.00000000e-05,1.73890251e-08,5.79634170e-04
9201,2.99625000e-05,-3.12189663e-08,-1.04193463e-03
9202,2.99250000e-05,-4.35384588e-08,-1.45491926e-03
9203,2.98875000e-05,-3.44856123e-08,-1.15384734e-03
9204,2.98500000e-05,-4.19261552e-08,-1.40456131e-03
9205,2.98125000e-05,-1.17258308e-07,-3.93319273e-03
9206,2.97750000e-05,-2.52438199e-08,-8.47819308e-04
9207,2.97375000e-05,4.87477385e-08,1.63926821e-03
9208,2.97000000e-05,-5.03275999e-08,-1.69453198e-03
9209,2.96625000e-05,1.16604127e-08,3.93102832e-04
9210,2.96250000e-05,-3.65294592e-08,-1.23306192e-03
9211,2.95875000e-05,-7.23756082e-08,-2.44615490e-03
9212,2.95500000e-05,5.08457310e-09,1.72066771e-04
9213,2.95125000e-05,-1.05917918e-08,-3.58891718e-04
9214,2.94750000e-05,2.90061332e-08,9.84092731e-04
9215,2.94375000e-05,-2.27756430e-08,-7.73694880e-04
9216,2.94000000e-05,-2.59546216e-08,-8.82810257e-04
9217,2.93625000e-05,-4.28840529e-08,-1.46050414e-03
9218,2.93250000e-05,1.36558139e-08,4.65671402e-04
9219,2.92875000e-05,-2.05837010e-08,-7.02815227e-04
9220,2.92500000e-05,-2.88093787e-08,-9.84936024e-04
9221,2.92125000e-05,9.11756732e-08,3.12111847e-03
9222,2.91750000e-05,7.90539553e-08,2.70964714e-03
9223,2.91375000e-05,-2.43947791e-08,-8.37229655e-04
9224,2.91000000e-05,-1.12624982e-09,-3.87027428e-05
9225,2.90625000e-05,2.75987870e-08,9.49635681e-04
9226,2.90250000e-05,1.16246697e-08,4.00505415e-04
9227,2.89875000e-05,7.02248975e-08,2.42259241e-03
9228,2.89500000e-05,2.38466694e-08,8.23719151e-04
9229,2.89125000e-05,-5.89556604e-09,-2.03910628e-04
9230,2.88750000e-05,-2.81548775e-08,-9.75060691e-04
9231,2.88375000e-05,1.48364580e-08,5.14484888e-04
9232,2.88000000e-05,6.85212953e-09,2.37921164e-04
9233,2.87625000e-05,6.44314075e-08,2.24011847e-03
9234,2.87250000e-05,-6.62402480e-08,-2.30601385e-03
9235,2.86875000e-05,1.81615567e-09,6.33082587e-05
9236,2.86500000e-05,3.07847994e-08,1.07451307e-03
9237,2.86125000e-05,3.36924562e-08,1.17754325e-03
9238,2.85750000e-05,6.70066429e-08,2.34493938e-03
9239,2.85375000e-05,-2.48842287e-08,-8.71983484e-04
9240,2.85000000e-05,-6.96221752e-08,-2.44288334e-03
9241,2.84625000e-05,-2.29128514e-08,-8.05018935e-04
9242,2.84250000e-05,3.29568062e-08,1.15943030e-03
9243,2.83875000e-05,9.82895060e-09,3.46242205e-04
9244,2.83500000e-05,-2.00930267e-08,-7.08748737e-04
9245,2.83125000e-05,1.45594192e-09,5.14239973e-05
9246,2.82750000e-05,-3.76181557e-08,-1.33043875e-03
9247,2.82375000e-05,-3.91898343e-08,-1.38786487e-03
9248,2.82000000e-05,-4.48534290e-08,-1.59054713e-03
9249,2.81625000e-05,3.83156891e-08,1.36052158e-03
9250,2.81250000e-05,1.53737912e-08,5.46623689e-04
9251,2.80875000e-05,3.83320468e-08,1.36473687e-03
9252,2.80500000e-05,7.02985432e-08,2.50618692e-03
9253,2.80125000e-05,-5.34413417e-08,-1.90776766e-03
9254,2.79750000e-05,3.89299191e-08,1.39159675e-03
9255,2.79375000e-05,-1.52566096e-08,-5.46097884e-04
9256,2.79000000e-05,3.08009023e-08,1.10397499e-03
9257,2.78625000e-05,-3.99546306e-08,-1.43399302e-03
9258,2.78250000e-05,4.68937466e-08,1.68530985e-03
9259,2.77875000e-05,9.84110329e-09,3.54155764e-04
9260,2.77500000e-05,2.78098125e-08,1.00215540e-03
9261,2.77125000e-05,1.03662141e-08,3.74062755e-04
9262,2.76750000e-05,1.39000867e-08,5.02261490e-04
9263,2.76375000e-05,-1.84248394e-10,-6.66660857e-06
9264,2.76000000e-05,-6.09200313e-08,-2.20724751e-03
9265,2.75625000e-05,1.33313559e-08,4.83677310e-04
9266,2.75250000e-05,-2.63258253e-08,-9.56433253e-04
9267,2.74875000e-05,-4.35784572e-08,-1.58539180e-03
9268,2.74500000e-05,-2.60726165e-08,-9.49822095e-04
9269,2.74125000e-05,2.99647980e-08,1.09310709e-03
9270,2.73750000e-05,4.84157128e-08,1.76861051e-03
9271,2.73375000e-05,-1.45775484e-08,-5.33243654e-04
9272,2.73000000e-05,-5.87317049e-08,-2.15134450e-03
9273,2.72625000e-05,-5.46073867e-08,-2.00302198e-03
9274,2.72250000e-05,-5.96311164e-08,-2.19030731e-03
9275,2.71875000e-05,-9.68879466e-08,-3.56369459e-03
9276,2.71500000e-05,-3.36499967e-08,-1.23941056e-03
9277,2.71125000e-05,-3.84945587e-09,-1.41980853e-04
9278,2.70750000e-05,-3.22159398e-08,-1.18987774e-03
9279,2.70375000e-05,-7.85164089e-09,-2.90398184e-04
9280,2.70000000e-05,-3.30751115e-09,-1.22500413e-04
9281,2.69625000e-05,7.09260717e-09,2.63054508e-04
9282,2.69250000e-05,3.56710155e-08,1.32482880e-03
9283,2.68875000e-05,1.40239936e-08,5.21580423e-04
9284,2.68500000e-05,3.74207540e-08,1.39369661e-03
9285,2.68125000e-05,5.22914472e-08,1.95026376e-03
9286,2.67750000e-05,5.86602268e-08,2.19085814e-03
9287,2.67375000e-05,-7.17096145e-08,-2.68198652e-03
9288,2.67000000e-05,-8.36189007e-10,-3.13179403e-05
9289,2.66625000e-05,3.96124034e-09,1.48569727e-04
9290,2.66250000e-05,-4.43971471e-08,-1.66749848e-03
9291,2.65875000e-05,3.55765972e-10,1.33809487e-05
9292,2.65500000e-05,-3.31381904e-08,-1.24814277e-03
9293,2.65125000e-05,-5.60083657e-09,-2.11252676e-04
9294,2.64750000e-05,1.32713363e-08,5.01278045e-04
9295,2.64375000e-05,-2.63709237e-08,-9.97481746e-04
9296,2.64000000e-05,-5.54158724e-08,-2.09908607e-03
9297,2.63625000e-05,-7.74248401e-08,-2.93693087e-03
9298,2.63250000e-05,1.70227026e-08,6.46636375e-04
9299,2.62875000e-05,-7.29883387e-09,-2.77654165e-04
9300,2.62500000e-05,1.77536824e-08,6.76330759e-04
9301,2.62125000e-05,-6.91685598e-11,-2.63876241e-06
9302,2.61750000e-05,1.21936046e-08,4.65849267e-04
9303,2.61375000e-05,2.96224599e-08,1.13333180e-03
9304,2.61000000e-05,4.23895830e-08,1.62412195e-03
9305,2.60625000e-05,-2.29169317e-08,-8.79306733e-04
9306,2.60250000e-05,3.44398408e-08,1.32333682e-03
9307,2.59875000e-05,6.48140195e-08,2.49404597e-03
9308,2.59500000e-05,8.59723481e-09,3.31299993e-04
9309,2.59125000e-05,-4.54384330e-08,-1.75353335e-03
9310,2.58750000e-05,1.39349623e-08,5.38549269e-04
9311,2.58375000e-05,-2.20852707e-08,-8.54775838e-04
9312,2.58000000e-05,-2.79198078e-08,-1.08216309e-03
9313,2.57625000e-05,6.75900696e-09,2.62358349e-04
9314,2.57250000e-05,-3.55630594e-08,-1.38243185e-03
9315,2.56875000e-05,-4.63068718e-08,-1.80270061e-03
9316,2.56500000e-05,-5.30861430e-08,-2.06963520e-03
9317,2.56125000e-05,7.51359175e-09,2.93356437e-04
9318,2.55750000e-05,6.01020156e-09,2.35002993e-04
9319,2.55375000e-05,2.24395386e-08,8.78689714e-04
9320,2.55000000e-05,-1.58602009e-08,-6.21968664e-04
9321,2.54625000e-05,-5.38958025e-08,-2.11667364e-03
9322,2.54250000e-05,-1.55159498e-08,-6.10263512e-04
9323,2.53875000e-05,4.80214623e-08,1.89153963e-03
9324,2.53500000e-05,5.08519782e-09,2.00599519e-04
9325,2.53125000e-05,3.16384138e-08,1.24991265e-03
9326,2.52750000e-05,1.35298517e-08,5.35305705e-04
9327,2.52375000e-05,3.70928781e-08,1.46975248e-03
9328,2.52000000e-05,4.00472178e-09,1.58917531e-04
9329,2.51625000e-05,6.62151820e-08,2.63150251e-03
9330,2.51250000e-05,4.71872781e-08,1.87810062e-03
9331,2.50875000e-05,-3.16972432e-08,-1.26346759e-03
9332,2.50500000e-05,-8.90878027e-09,-3.55639931e-04
9333,2.50125000e-05,-2.34581787e-08,-9.37858218e-04
9334,2.49750000e-05,-1.12415021e-08,-4.50110195e-04
9335,2.49375000e-05,-7.21506577e-10,-2.89325946e-05
9336,2.49000000e-05,-6.48406884e-10,-2.60404371e-05
9337,2.48625000e-05,-6.51702026e-10,-2.62122484e-05
9338,2.48250000e-05,4.13168838e-09,1.66432563e-04
9339,2.47875000e-05,1.18849492e-08,4.79473495e-04
9340,2.47500000e-05,4.27339664e-09,1.72662490e-04
9341,2.47125000e-05,2.77680731e-08,1.12364484e-03
9342,2.46750000e-05,1.42957266e-08,5.79360754e-04
9343,2.46375000e-05,-3.42452033e-08,-1.38996259e-03
9344,2.46000000e-05,-6.06044098e-09,-2.46359390e-04
9345,2.45625000e-05,2.56362842e-08,1.04371641e-03
9346,2.45250000e-05,-1.13051634e-08,-4.60964867e-04
9347,2.44875000e-05,3.85760115e-08,1.57533482e-03
9348,2.44500000e-05,8.95785446e-09,3.66374415e-04
9349,2.44125000e-05,-3.68765765e-08,-1.51056125e-03
9350,2.43750000e-05,-6.04282242e-08,-2.47910663e-03
9351,2.43375000e-05,1.56679185e-08,6.43776827e-04
9352,2.43000000e-05,-6.93066338e-09,-2.85212485e-04
9353,2.42625000e-05,-4.18826518e-09,-1.72622985e-04
9354,2.42250000e-05,2.94451508e-08,1.21548610e-03
9355,2.41875000e-05,3.52331236e-08,1.45666661e-03
9356,2.41500000e-05,-4.66048794e-09,-1.92980867e-04
9357,2.41125000e-05,-8.82619788e-09,-3.66042421e-04
9358,2.40750000e-05,-1.42153973e-08,-5.90463024e-04
9359,2.40375000e-05,1.69821640e-08,7.06486282e-04
9360,2.40000000e-05,2.08246076e-08,8.67691983e-04
9361,2.39625000e-05,-2.74620346e-08,-1.14604213e-03
9362,2.39250000e-05,7.10022752e-09,2.96770220e-04
9363,2.38875000e-05,-3.04987796e-08,-1.27676733e-03
9364,2.38500000e-05,1.74352456e-08,7.31037551e-04
9365,2.38125000e-05,-2.54277432e-08,-1.06783173e-03
9366,2.37750000e-05,-1.37087428e-08,-5.76603273e-04
9367,2.37375000e-05,6.22445356e-08,2.62220266e-03
9368,2.37000000e-05,-9.94252514e-09,-4.19515829e-04
9369,2.36625000e-05,-6.10741090e-08,-2.58105056e-03
9370,2.36250000e-05,-5.24787578e-08,-2.22132308e-03
9371,2.35875000e-05,5.96944572e-09,2.53076660e-04
9372,2.35500000e-05,2.01760485e-08,8.56732420e-04
9373,2.35125000e-05,-5.04854772e-08,-2.14717607e-03
9374,2.34750000e-05,2.06072948e-09,8.77840032e-05
9375,2.34375000e-05,4.80408439e-08,2.04974267e-03
9376,2.34000000e-05,8.33639580e-09,3.56256231e-04
9377,2.33625000e-05,-8.68550066e-08,-3.71771029e-03
9378,2.33250000e-05,6.19299319e-08,2.65508818e-03
9379,2.32875000e-05,4.75805322e-08,2.04317905e-03
9380,2.32500000e-05,2.11377138e-09,9.09148981e-05
9381,2.32125000e-05,1.80768288e-08,7.78754066e-04
9382,2.31750000e-05,6.94258175e-08,2.99572028e-03
9383,2.31375000e-05,-1.63078262e-08,-7.04822310e-04
9384,2.31000000e-05,-2.97878039e-08,-1.28951532e-03
9385,2.30625000e-05,3.13761809e-08,1.36048481e-03
9386,2.30250000e-05,2.00569230e-08,8.71093290e-04
9387,2.29875000e-05,2.55397510e-08,1.11102778e-03
9388,2.29500000e-05,-2.12986974e-08,-9.28047815e-04
9389,2.29125000e-05,1.85010665e-08,8.07466076e-04
9390,2.28750000e-05,-3.22588755e-08,-1.41022407e-03
9391,2.28375000e-05,-1.81903267e-08,-7.96511297e-04
9392,2.28000000e-05,2.96677705e-08,1.30121800e-03
9393,2.27625000e-05,3.38921846e-08,1.48894825e-03
9394,2.27250000e-05,-3.43160806e-08,-1.51005855e-03
9395,2.26875000e-05,-6.25680097e-09,-2.75781861e-04
9396,2.26500000e-05,9.89420801e-09,4.36830376e-04
9397,2.26125000e-05,-4.26971257e-08,-1.88820899e-03
9398,2.25750000e-05,-8.98657160e-09,-3.98076261e-04
9399,2.25375000e-05,1.09291504e-09,4.84931796e-05
9400,2.25000000e-05,-2.86575713e-08,-1.27366984e-03
9401,2.24625000e-05,3.41733939e-08,1.52135309e-03
9402,2.24250000e-05,-9.39396971e-09,-4.18906119e-04
9403,2.23875000e-05,-2.88699497e-08,-1.28955666e-03
9404,2.23500000e-05,-1.56200949e-08,-6.98885677e-04
9405,2.23125000e-05,-1.16725525e-08,-5.23139607e-04
9406,2.22750000e-05,1.13946949e-08,5.11546346e-04
9407,2.22375000e-05,-4.28222958e-08,-1.92567940e-03
9408,2.22000000e-05,-3.39170589e-09,-1.52779545e-04
9409,2.21625000e-05,5.25906346e-09,2.37295588e-04
9410,2.21250000e-05,-5.37614888e-08,-2.42989780e-03
9411,2.20875000e-05,-1.75165163e-08,-7.93051108e-04
9412,2.20500000e-05,2.17462481e-09,9.86224405e-05
9413,2.20125000e-05,-2.81124863e-08,-1.27711465e-03
9414,2.19750000e-05,4.18803122e-08,1.90581626e-03
9415,2.19375000e-05,3.82866988e-08,1.74526262e-03
9416,2.19000000e-05,3.55693632e-08,1.62417184e-03
9417,2.18625000e-05,1.12199772e-09,5.13206503e-05
9418,2.18250000e-05,-4.59446408e-08,-2.10513818e-03
9419,2.17875000e-05,4.00056894e-08,1.83617622e-03
9420,2.17500000e-05,2.62522294e-08,1.20699905e-03
9421,2.17125000e-05,-2.95674797e-08,-1.36177224e-03
9422,2.16750000e-05,8.46564135e-09,3.90571689e-04
9423,2.16375000e-05,1.03379205e-09,4.77777956e-05
9424,2.16000000e-05,5.48613316e-08,2.53987646e-03
9425,2.15625000e-05,1.70122783e-09,7.88975223e-05
9426,2.15250000e-05,-4.29597485e-08,-1.99580713e-03
9427,2.14875000e-05,-7.48296823e-08,-3.48247504e-03
9428,2.14500000e-05,-2.06559729e-08,-9.62982422e-04
9429,2.14125000e-05,-4.22894859e-08,-1.97499058e-03
9430,2.13750000e-05,-5.66439429e-09,-2.65000902e-04
9431,2.13375000e-05,-1.19039448e-08,-5.57888451e-04
9432,2.13000000e-05,3.10967549e-08,1.45994155e-03
9433,2.12625000e-05,5.27273343e-08,2.47982760e-03
9434,2.12250000e-05,1.16490467e-08,5.48836124e-04
9435,2.11875000e-05,-2.01569412e-08,-9.51360055e-04
9436,2.11500000e-05,-3.10206325e-08,-1.46669657e-03
9437,2.11125000e-05,-5.07533277e-09,-2.40394684e-04
9438,2.10750000e-05,1.80231634e-08,8.55191621e-04
9439,2.10375000e-05,2.39758912e-08,1.13967397e-03
9440,2.10000000e-05,1.59414875e-08,7.59118451e-04
9441,2.09625000e-05,3.65335528e-09,1.74280514e-04
9442,2.09250000e-05,1.52607118e-08,7.29305225e-04
9443,2.08875000e-05,-5.70409975e-09,-2.73086762e-04
9444,2.08500000e-05,-6.41420628e-09,-3.07635793e-04
9445,2.08125000e-05,2.27321036e-08,1.09223321e-03
9446,2.07750000e-05,-3.26614760e-08,-1.57215288e-03
9447,2.07375000e-05,2.67229647e-08,1.28863000e-03
9448,2.07000000e-05,4.43727344e-09,2.14361036e-04
9449,2.06625000e-05,-2.10503115e-10,-1.01876886e-05
9450,2.06250000e-05,-2.07398592e-08,-1.00556893e-03
9451,2.05875000e-05,3.49746017e-08,1.69882704e-03
9452,2.05500000e-05,1.41781271e-08,6.89933193e-04
9453,2.05125000e-05,-2.06111550e-08,-1.00480951e-03
9454,2.04750000e-05,1.98768565e-09,9.70786645e-05
9455,2.04375000e-05,6.36337003e-08,3.11357555e-03
9456,2.04000000e-05,4.01817875e-08,1.96969546e-03
9457,2.03625000e-05,2.99021661e-08,1.46849189e-03
9458,2.03250000e-05,2.68237250e-08,1.31974047e-03
9459,2.02875000e-05,7.37425288e-09,3.63487511e-04
9460,2.02500000e-05,-5.06502612e-09,-2.50124747e-04
9461,2.02125000e-05,-3.06947981e-08,-1.51860473e-03
9462,2.01750000e-05,2.45452869e-08,1.21661893e-03
9463,2.01375000e-05,-3.64772420e-08,-1.81140867e-03
9464,2.01000000e-05,-1.34920549e-08,-6.71246515e-04
9465,2.00625000e-05,2.12846801e-08,1.06091864e-03
9466,2.00250000e-05,5.12732479e-09,2.56046182e-04
9467,1.99875000e-05,4.70063012e-08,2.35178493e-03
9468,1.99500000e-05,-2.57526689e-09,-1.29086060e-04
9469,1.99125000e-05,1.07842647e-08,5.41582659e-04
9470,1.98750000e-05,-5.03717298e-08,-2.53442666e-03
9471,1.98375000e-05,-2.10616881e-08,-1.06171081e-03
9472,1.98000000e-05,3.57816110e-10,1.80715207e-05
9473,1.97625000e-05,-4.12334343e-08,-2.08644829e-03
9474,1.97250000e-05,2.30673003e-08,1.16944488e-03
9475,1.96875000e-05,4.20126958e-08,2.13397820e-03
9476,1.96500000e-05,3.70038166e-08,1.88314588e-03
9477,1.96125000e-05,-3.21997733e-08,-1.64179851e-03
9478,1.95750000e-05,-4.74331562e-08,-2.42314974e-03
9479,1.95375000e-05,7.86743061e-08,4.02683589e-03
9480,1.95000000e-05,1.24786638e-08,6.39931475e-04
9481,1.94625000e-05,-5.87141868e-09,-3.01678545e-04
9482,1.94250000e-05,-1.74500126e-08,-8.98327547e-04
9483,1.93875000e-05,-3.41830722e-08,-1.76315008e-03
9484,1.93500000e-05,1.31234649e-08,6.78215242e-04
9485,1.93125000e-05,3.40210750e-08,1.76160906e-03
9486,1.92750000e-05,-2.10197797e-08,-1.09052035e-03
9487,1.92375000e-05,4.63122853e-08,2.40739625e-03
9488,1.92000000e-05,2.05248706e-08,1.06900368e-03
9489,1.91625000e-05,2.68015438e-09,1.39864547e-04
9490,1.91250000e-05,-1.87609313e-08,-9.80963729e-04
9491,1.90875000e-05,-1.41845346e-08,-7.43132134e-04
9492,1.90500000e-05,-2.94421147e-08,-1.54551783e-03
9493,1.90125000e-05,3.24174398e-09,1.70505929e-04
9494,1.89750000e-05,-3.23660221e-08,-1.70571922e-03
9495,1.89375000e-05,-3.63739679e-08,-1.92073758e-03
9496,1.89000000e-05,-3.28038027e-08,-1.73565094e-03
9497,1.88625000e-05,-1.09725581e-08,-5.81712821e-04
9498,1.88250000e-05,-3.36871275e-09,-1.78948885e-04
9499,1.87875000e-05,-3.22893046e-08,-1.71865893e-03
9500,1.87500000e-05,3.85274668e-09,2.05479823e-04
9501,1.87125000e-05,1.96577512e-08,1.05051443e-03
9502,1.86750000e-05,-1.64676219e-08,-8.81800371e-04
9503,1.86375000e-05,1.14673974e-08,6.15286244e-04
9504,1.86000000e-05,1.45022939e-08,7.79693219e-04
9505,1.85625000e-05,1.12271862e-08,6.04831579e-04
9506,1.85250000e-05,-3.77254575e-08,-2.03646195e-03
9507,1.84875000e-05,-1.10688896e-08,-5.98722898e-04
9508,1.84500000e-05,-2.97988135e-08,-1.61511184e-03
9509,1.84125000e-05,1.12730090e-08,6.12247602e-04
9510,1.83750000e-05,-8.67396371e-09,-4.72052447e-04
9511,1.83375000e-05,-1.32155038e-08,-7.20681871e-04
9512,1.83000000e-05,1.78862086e-08,9.77388449e-04
9513,1.82625000e-05,-1.83044936e-08,-1.00229944e-03
9514,1.82250000e-05,-6.92348595e-09,-3.79889490e-04
9515,1.81875000e-05,-2.75356560e-09,-1.51398796e-04
9516,1.81500000e-05,3.25408605e-08,1.79288488e-03
9517,1.81125000e-05,3.17443060e-08,1.75261869e-03
9518,1.80750000e-05,2.64199940e-09,1.46168708e-04
9519,1.80375000e-05,-1.77287960e-08,-9.82885435e-04
9520,1.80000000e-05,3.70355232e-08,2.05752907e-03
9521,1.79625000e-05,1.13155069e-08,6.29951671e-04
9522,1.79250000e-05,-9.58703350e-09,-5.34841478e-04
9523,1.78875000e-05,1.06822508e-08,5.97190821e-04
9524,1.78500000e-05,7.75860098e-09,4.34655517e-04
9525,1.78125000e-05,5.23132515e-09,2.93688430e-04
9526,1.77750000e-05,7.35380098e-09,4.13715949e-04
9527,1.77375000e-05,5.86436832e-09,3.30619779e-04
9528,1.77000000e-05,5.23531329e-10,2.95780412e-05
9529,1.76625000e-05,1.15310526e-08,6.52855063e-04
9530,1.76250000e-05,-2.61814160e-08,-1.48547041e-03
9531,1.75875000e-05,1.76222844e-08,1.00197779e-03
9532,1.75500000e-05,-3.35544569e-08,-1.91193486e-03
9533,1.75125000e-05,1.54208176e-08,8.80560607e-04
9534,1.74750000e-05,3.97241973e-09,2.27320156e-04
9535,1.74375000e-05,1.77668237e-08,1.01888595e-03
9536,1.74000000e-05,-1.48600687e-08,-8.54026939e-04
9537,1.73625000e-05,3.91363345e-09,2.25407254e-04
9538,1.73250000e-05,4.03103602e-08,2.32671632e-03
9539,1.72875000e-05,-6.69434064e-09,-3.87235901e-04
9540,1.72500000e-05,-2.27161743e-08,-1.31687967e-03
9541,1.72125000e-05,-3.44225938e-09,-1.99986021e-04
9542,1.71750000e-05,2.20809415e-08,1.28564434e-03
9543,1.71375000e-05,-2.31116182e-09,-1.34859916e-04
9544,1.71000000e-05,-1.75367787e-08,-1.02554261e-03
9545,1.70625000e-05,-2.91140475e-08,-1.70631780e-03
9546,1.70250000e-05,1.90838714e-09,1.12093224e-04
9547,1.69875000e-05,-4.04215436e-08,-2.37948748e-03
9548,1.69500000e-05,6.09749923e-09,3.59734468e-04
9549,1.69125000e-05,4.12729962e-08,2.44038411e-03
9550,1.68750000e-05,3.53215834e-09,2.09313087e-04
9551,1.68375000e-05,2.86476126e-09,1.70141723e-04
9552,1.68000000e-05,1.26398357e-08,7.52371175e-04
9553,1.67625000e-05,3.25584540e-08,1.94233879e-03
9554,1.67250000e-05,-1.85039651e-08,-1.10636563e-03
9555,1.66875000e-05,4.15213597e-08,2.48817137e-03
9556,1.66500000e-05,1.12733226e-08,6.77076430e-04
9557,1.66125000e-05,7.20588000e-09,4.33762528e-04
9558,1.65750000e-05,2.72367073e-10,1.64324026e-05
9559,1.65375000e-05,-5.83001634e-08,-3.52533112e-03
9560,1.65000000e-05,3.02328923e-08,1.83229650e-03
9561,1.64625000e-05,-8.01856199e-09,-4.87080455e-04
9562,1.64250000e-05,2.33736630e-09,1.42305406e-04
9563,1.63875000e-05,-3.00320767e-08,-1.83262100e-03
9564,1.63500000e-05,-2.24156101e-08,-1.37098533e-03
9565,1.63125000e-05,-2.23322855e-08,-1.36902899e-03
9566,1.62750000e-05,-2.82594392e-09,-1.73637107e-04
9567,1.62375000e-05,-1.72211564e-08,-1.06057930e-03
9568,1.62000000e-05,-6.35631026e-08,-3.92364831e-03
9569,1.61625000e-05,-2.81160381e-08,-1.73958472e-03
9570,1.61250000e-05,-3.40923983e-08,-2.11425726e-03
9571,1.60875000e-05,-2.45835632e-08,-1.52811582e-03
9572,1.60500000e-05,2.26706543e-08,1.41250183e-03
9573,1.60125000e-05,-1.62832752e-08,-1.01691024e-03
9574,1.59750000e-05,2.93240021e-09,1.83561829e-04
9575,1.59375000e-05,1.50870989e-08,9.46641500e-04
9576,1.59000000e-05,8.89469987e-09,5.59415086e-04
9577,1.58625000e-05,-6.87063517e-09,-4.33136969e-04
9578,1.58250000e-05,-6.32133141e-08,-3.99452222e-03
9579,1.57875000e-05,2.90895261e-09,1.84256697e-04
9580,1.57500000e-05,-4.32412683e-09,-2.74547736e-04
9581,1.57125000e-05,3.56573592e-08,2.26936256e-03
9582,1.56750000e-05,3.67349398e-08,2.34353683e-03
9583,1.56375000e-05,-1.19727390e-08,-7.65642783e-04
9584,1.56000000e-05,3.33768737e-08,2.13954318e-03
9585,1.55625000e-05,3.30801163e-08,2.12562996e-03
9586,1.55250000e-05,2.43581075e-08,1.56896022e-03
9587,1.54875000e-05,3.33660157e-08,2.15438358e-03
9588,1.54500000e-05,9.64067781e-09,6.23992091e-04
9589,1.54125000e-05,-8.72294464e-09,-5.65965589e-04
9590,1.53750000e-05,-9.72835568e-09,-6.32738581e-04
9591,1.53375000e-05,1.36874654e-08,8.92418281e-04
9592,1.53000000e-05,3.84546018e-08,2.51337267e-03
9593,1.52625000e-05,-5.93861293e-09,-3.89098309e-04
9594,1.52250000e-05,4.84247931e-09,3.18061038e-04
9595,1.51875000e-05,-5.04219544e-09,-3.31996408e-04
9596,1.51500000e-05,-3.26390504e-09,-2.15439276e-04
9597,1.51125000e-05,-3.35463052e-08,-2.21977205e-03
9598,1.50750000e-05,-2.93841063e-09,-1.94919445e-04
9599,1.50375000e-05,-6.36471975e-09,-4.23256509e-04
9600,1.50000000e-05,-4.98613262e-09,-3.32408841e-04
9601,1.49625000e-05,-9.37551758e-09,-6.26601008e-04
9602,1.49250000e-05,-2.37814909e-08,-1.59339972e-03
9603,1.48875000e-05,-1.33404416e-08,-8.96083402e-04
9604,1.48500000e-05,5.35608169e-09,3.60678902e-04
9605,1.48125000e-05,8.70296019e-09,5.87541616e-04
9606,1.47750000e-05,-4.11925451e-08,-2.78798952e-03
9607,1.47375000e-05,-2.04413773e-08,-1.38703154e-03
9608,1.47000000e-05,-2.69860495e-08,-1.83578568e-03
9609,1.46625000e-05,-6.77487255e-09,-4.62054394e-04
9610,1.46250000e-05,-2.41994121e-08,-1.65466066e-03
9611,1.45875000e-05,9.40461820e-10,6.44703904e-05
9612,1.45500000e-05,-2.51233816e-08,-1.72669289e-03
9613,1.45125000e-05,-3.67966124e-09,-2.53551162e-04
9614,1.44750000e-05,-3.15574097e-08,-2.18013193e-03
9615,1.44375000e-05,5.67414821e-09,3.93014594e-04
9616,1.44000000e-05,-1.89773715e-08,-1.31787302e-03
9617,1.43625000e-05,-3.09165686e-08,-2.15258963e-03
9618,1.43250000e-05,-1.26226829e-09,-8.81164600e-05
9619,1.42875000e-05,1.67089040e-08,1.16947710e-03
9620,1.42500000e-05,5.06957670e-09,3.55759769e-04
9621,1.42125000e-05,-2.42262621e-09,-1.70457429e-04
9622,1.41750000e-05,2.44103051e-08,1.72206738e-03
9623,1.41375000e-05,-1.01150306e-08,-7.15475200e-04
9624,1.41000000e-05,9.48560265e-09,6.72737777e-04
9625,1.40625000e-05,-3.33571007e-08,-2.37206050e-03
9626,1.40250000e-05,-1.29799363e-08,-9.25485654e-04
9627,1.39875000e-05,-1.28587714e-08,-9.19304480e-04
9628,1.39500000e-05,1.06184026e-08,7.61175814e-04
9629,1.39125000e-05,1.87107083e-08,1.34488469e-03
9630,1.38750000e-05,-1.87501241e-08,-1.35136030e-03
9631,1.38375000e-05,1.73823840e-08,1.25617951e-03
9632,1.38000000e-05,-4.49928750e-09,-3.26035326e-04
9633,1.37625000e-05,-1.27258204e-09,-9.24673598e-05
9634,1.37250000e-05,1.68233477e-08,1.22574483e-03
9635,1.36875000e-05,1.45871415e-09,1.06572723e-04
9636,1.36500000e-05,-1.59928420e-08,-1.17163677e-03
9637,1.36125000e-05,1.62522689e-08,1.19392242e-03
9638,1.35750000e-05,1.13725591e-08,8.37757574e-04
9639,1.35375000e-05,2.60122149e-08,1.92149325e-03
9640,1.35000000e-05,9.14830303e-09,6.77652076e-04
9641,1.34625000e-05,-2.99991413e-08,-2.22834847e-03
9642,1.34250000e-05,-7.26295502e-09,-5.41002236e-04
9643,1.33875000e-05,-1.26730980e-08,-9.46636640e-04
9644,1.33500000e-05,3.76105610e-08,2.81727049e-03
9645,1.33125000e-05,-2.30735045e-08,-1.73322099e-03
9646,1.32750000e-05,7.10314696e-09,5.35076984e-04
9647,1.32375000e-05,-3.79784748e-09,-2.86900660e-04
9648,1.32000000e-05,1.02025076e-08,7.72917239e-04
9649,1.31625000e-05,-1.04675263e-08,-7.95253663e-04
9650,1.31250000e-05,3.19275331e-08,2.43257395e-03
9651,1.30875000e-05,6.12526951e-09,4.68024414e-04
9652,1.30500000e-05,-5.88443383e-09,-4.50914470e-04
9653,1.30125000e-05,1.82436758e-08,1.40201159e-03
9654,1.29750000e-05,4.40198254e-09,3.39266477e-04
9655,1.29375000e-05,3.09013637e-09,2.38851120e-04
9656,1.29000000e-05,-1.74846426e-08,-1.35539865e-03
9657,1.28625000e-05,-8.74557204e-09,-6.79927856e-04
9658,1.28250000e-05,1.36843428e-09,1.06700529e-04
9659,1.27875000e-05,-1.25986905e-08,-9.85234839e-04
9660,1.27500000e-05,-1.45736769e-08,-1.14303348e-03
9661,1.27125000e-05,-2.59263244e-08,-2.03943554e-03
9662,1.26750000e-05,5.19232657e-09,4.09651011e-04
9663,1.26375000e-05,-6.76754189e-09,-5.35512711e-04
9664,1.26000000e-05,9.22039367e-09,7.31777275e-04
9665,1.25625000e-05,-4.41901121e-09,-3.51762087e-04
9666,1.25250000e-05,2.15826105e-08,1.72316252e-03
9667,1.24875000e-05,4.62886884e-09,3.70680188e-04
9668,1.24500000e-05,3.37103189e-08,2.70765613e-03
9669,1.24125000e-05,1.04293853e-08,8.40232451e-04
9670,1.23750000e-05,2.68109239e-08,2.16653931e-03
9671,1.23375000e-05,-2.61578417e-08,-2.12018980e-03
9672,1.23000000e-05,1.66325718e-08,1.35224161e-03
9673,1.22625000e-05,1.64980913e-08,1.34541010e-03
9674,1.22250000e-05,6.84019352e-09,5.59525033e-04
9675,1.21875000e-05,2.49092480e-09,2.04383573e-04
9676,1.21500000e-05,2.91747082e-08,2.40121055e-03
9677,1.21125000e-05,-1.27795848e-08,-1.05507408e-03
9678,1.20750000e-05,1.17241263e-08,9.70942135e-04
9679,1.20375000e-05,-8.57018378e-09,-7.11957116e-04
9680,1.20000000e-05,-3.08548406e-09,-2.57123672e-04
9681,1.19625000e-05,1.76588527e-08,1.47618414e-03
9682,1.19250000e-05,1.33760218e-08,1.12167898e-03
9683,1.18875000e-05,-1.76502669e-08,-1.48477535e-03
9684,1.18500000e-05,1.91749348e-08,1.61813796e-03
9685,1.18125000e-05,-2.00897043e-09,-1.70071571e-04
9686,1.17750000e-05,1.96202136e-08,1.66626018e-03
9687,1.17375000e-05,-1.69331982e-08,-1.44265799e-03
9688,1.17000000e-05,-1.36062263e-08,-1.16292533e-03
9689,1.16625000e-05,-1.26317978e-08,-1.08311235e-03
9690,1.16250000e-05,-1.05049358e-08,-9.03650392e-04
9691,1.15875000e-05,-4.51235180e-09,-3.89415473e-04
9692,1.15500000e-05,-2.65034769e-08,-2.29467332e-03
9693,1.15125000e-05,2.58420998e-09,2.24469923e-04
9694,1.14750000e-05,-8.65881788e-09,-7.54581079e-04
9695,1.14375000e-05,-1.24206932e-08,-1.08596225e-03
9696,1.14000000e-05,-1.53349817e-08,-1.34517384e-03
9697,1.13625000e-05,-8.56323923e-09,-7.53640416e-04
9698,1.13250000e-05,-8.03980554e-09,-7.09916604e-04
9699,1.12875000e-05,-1.76343392e-08,-1.56228919e-03
9700,1.12500000e-05,1.55701008e-10,1.38400896e-05
9701,1.12125000e-05,1.36735148e-08,1.21948850e-03
9702,1.11750000e-05,-1.18029243e-08,-1.05619009e-03
9703,1.11375000e-05,-1.13414056e-09,-1.01830802e-04
9704,1.11000000e-05,1.31019579e-08,1.18035657e-03
9705,1.10625000e-05,-1.29431232e-08,-1.16999984e-03
9706,1.10250000e-05,-1.26099645e-08,-1.14376095e-03
9707,1.09875000e-05,1.27576518e-08,1.16110597e-03
9708,1.09500000e-05,1.21955759e-08,1.11375123e-03
9709,1.09125000e-05,1.04662887e-08,9.59110078e-04
9710,1.08750000e-05,-1.03470886e-08,-9.51456423e-04
9711,1.08375000e-05,5.62627966e-09,5.19149219e-04
9712,1.08000000e-05,1.03334629e-08,9.56802122e-04
9713,1.07625000e-05,1.57516983e-08,1.46357243e-03
9714,1.07250000e-05,5.16727455e-09,4.81797161e-04
9715,1.06875000e-05,1.91834937e-08,1.79494677e-03
9716,1.06500000e-05,1.81200391e-09,1.70141212e-04
9717,1.06125000e-05,2.01675554e-09,1.90035858e-04
9718,1.05750000e-05,-2.10998605e-08,-1.99525868e-03
9719,1.05375000e-05,-1.82257467e-08,-1.72960823e-03
9720,1.05000000e-05,-1.02772074e-08,-9.78781659e-04
9721,1.04625000e-05,-1.05428458e-08,-1.00767941e-03
9722,1.04250000e-05,-1.45860763e-08,-1.39914401e-03
9723,1.03875000e-05,-2.19773651e-08,-2.11575115e-03
9724,1.03500000e-05,2.58940422e-08,2.50183982e-03
9725,1.03125000e-05,-1.94692336e-08,-1.88792568e-03
9726,1.02750000e-05,3.67867037e-09,3.58021447e-04
9727,1.02375000e-05,-1.99066666e-08,-1.94448514e-03
9728,1.02000000e-05,-3.24273348e-09,-3.17915048e-04
9729,1.01625000e-05,6.50238038e-09,6.39840628e-04
9730,1.01250000e-05,-1.77269386e-08,-1.75080875e-03
9731,1.00875000e-05,-9.67119811e-09,-9.58730915e-04
9732,1.00500000e-05,4.65747652e-09,4.63430499e-04
9733,1.00125000e-05,3.34156655e-08,3.33739480e-03
9734,9.97500000e-06,2.11111750e-09,2.11640852e-04
9735,9.93750000e-06,3.51078871e-08,3.53286914e-03
9736,9.90000000e-06,2.95888480e-10,2.98877253e-05
9737,9.86250000e-06,-1.34862010e-09,-1.36742216e-04
9738,9.82500000e-06,-7.86421034e-09,-8.00428533e-04
9739,9.78750000e-06,-4.87772649e-09,-4.98362859e-04
9740,9.75000000e-06,6.45091786e-09,6.61632601e-04
9741,9.71250000e-06,-8.56416268e-09,-8.81767072e-04
9742,9.67500000e-06,-1.57527498e-08,-1.62819120e-03
9743,9.63750000e-06,1.63778590e-08,1.69938874e-03
9744,9.60000000e-06,5.69868658e-09,5.93613185e-04
9745,9.56250000e-06,5.44057085e-09,5.68948586e-04
9746,9.52500000e-06,-2.15397331e-08,-2.26138931e-03
9747,9.48750000e-06,-1.18794517e-08,-1.25211612e-03
9748,9.45000000e-06,1.02456880e-08,1.08419979e-03
9749,9.41250000e-06,-4.65802147e-09,-4.94876119e-04
9750,9.37500000e-06,2.06156994e-10,2.19900794e-05
9751,9.33750000e-06,2.09496530e-08,2.24360406e-03
9752,9.30000000e-06,-7.67887842e-09,-8.25685852e-04
9753,9.26250000e-06,1.12175790e-09,1.21107466e-04
9754,9.22500000e-06,-2.56578696e-09,-2.78134088e-04
9755,9.18750000e-06,-1.36038426e-08,-1.48069035e-03
9756,9.15000000e-06,9.76302149e-09,1.06699688e-03
9757,9.11250000e-06,-4.28058378e-09,-4.69748563e-04
9758,9.07500000e-06,-1.18239438e-08,-1.30291392e-03
9759,9.03750000e-06,3.06951827e-08,3.39642409e-03
9760,9.00000000e-06,-2.57661181e-09,-2.86290201e-04
9761,8.96250000e-06,-9.09638879e-09,-1.01493878e-03
9762,8.92500000e-06,7.96460578e-09,8.92392805e-04
9763,8.88750000e-06,-7.20171789e-09,-8.10319875e-04
9764,8.85000000e-06,1.79588333e-08,2.02924670e-03
9765,8.81250000e-06,2.46715070e-08,2.79960363e-03
9766,8.77500000e-06,1.59880506e-08,1.82200006e-03
9767,8.73750000e-06,-5.58499333e-09,-6.39198092e-04
9768,8.70000000e-06,1.56292768e-09,1.79646859e-04
9769,8.66250000e-06,1.34393843e-08,1.55144408e-03
9770,8.62500000e-06,-1.19519403e-08,-1.38573221e-03
9771,8.58750000e-06,-4.23399010e-09,-4.93041060e-04
9772,8.55000000e-06,-9.22870672e-09,-1.07938090e-03
9773,8.51250000e-06,-1.77527664e-08,-2.08549385e-03
9774,8.47500000e-06,-7.93089547e-09,-9.35798875e-04
9775,8.43750000e-06,2.27025821e-08,2.69067640e-03
9776,8.40000000e-06,-1.38153538e-08,-1.64468497e-03
9777,8.36250000e-06,-7.06358647e-09,-8.44674017e-04
9778,8.32500000e-06,9.54223228e-09,1.14621409e-03
9779,8.28750000e-06,1.97724992e-08,2.38582193e-03
9780,8.25000000e-06,2.05362283e-10,2.48923979e-05
9781,8.21250000e-06,7.10236669e-09,8.64823951e-04
9782,8.17500000e-06,-1.51253389e-08,-1.85019436e-03
9783,8.13750000e-06,-6.62832123e-10,-8.14540243e-05
9784,8.10000000e-06,2.94363847e-09,3.63412157e-04
9785,8.06250000e-06,1.87516827e-08,2.32579010e-03
9786,8.02500000e-06,-3.16093576e-09,-3.93886076e-04
9787,7.98750000e-06,2.20935851e-08,2.76602005e-03
9788,7.95000000e-06,3.80548296e-09,4.78677101e-04
9789,7.91250000e-06,3.94697133e-09,4.98827341e-04
9790,7.87500000e-06,-3.14671306e-09,-3.99582610e-04
9791,7.83750000e-06,-1.71975878e-10,-2.19426958e-05
9792,7.80000000e-06,1.13933827e-08,1.46069009e-03
9793,7.76250000e-06,2.77738768e-09,3.57795514e-04
9794,7.72500000e-06,-1.69064711e-09,-2.18853995e-04
9795,7.68750000e-06,1.14563029e-09,1.49025078e-04
9796,7.65000000e-06,-2.54149415e-08,-3.32221458e-03
9797,7.61250000e-06,9.27453697e-09,1.21832998e-03
9798,7.57500000e-06,1.32095039e-08,1.74382889e-03
9799,7.53750000e-06,6.31567038e-09,8.37899884e-04
9800,7.50000000e-06,6.44613213e-09,8.59484284e-04
9801,7.46250000e-06,4.47891238e-09,6.00189264e-04
9802,7.42500000e-06,4.04871753e-09,5.45281822e-04
9803,7.38750000e-06,-2.02721945e-09,-2.74412108e-04
9804,7.35000000e-06,-2.79562283e-09,-3.80356848e-04
9805,7.31250000e-06,-1.16992060e-09,-1.59989143e-04
9806,7.27500000e-06,7.56579924e-09,1.03997240e-03
9807,7.23750000e-06,-1.83968282e-09,-2.54187609e-04
9808,7.20000000e-06,-1.49661852e-09,-2.07863684e-04
9809,7.16250000e-06,3.92907096e-09,5.48561390e-04
9810,7.12500000e-06,-3.82910618e-09,-5.37418412e-04
9811,7.08750000e-06,-1.24311426e-08,-1.75395310e-03
9812,7.05000000e-06,-1.84999562e-08,-2.62410726e-03
9813,7.01250000e-06,3.24211680e-09,4.62333946e-04
9814,6.97500000e-06,1.04358807e-08,1.49618362e-03
9815,6.93750000e-06,6.22460884e-09,8.97240914e-04
9816,6.90000000e-06,1.26646613e-08,1.83545816e-03
9817,6.86250000e-06,-7.15380080e-09,-1.04244820e-03
9818,6.82500000e-06,-3.53374158e-09,-5.17764334e-04
9819,6.78750000e-06,-3.36444098e-09,-4.95681912e-04
9820,6.75000000e-06,1.97006708e-09,2.91861790e-04
9821,6.71250000e-06,-3.36701073e-09,-5.01603088e-04
9822,6.67500000e-06,1.04684722e-08,1.56831044e-03
9823,6.63750000e-06,1.89385937e-10,2.85327213e-05
9824,6.60000000e-06,8.23984442e-09,1.24846128e-03
9825,6.56250000e-06,-3.06880171e-09,-4.67626928e-04
9826,6.52500000e-06,-5.12758150e-09,-7.85836245e-04
9827,6.48750000e-06,3.38839870e-09,5.22296524e-04
9828,6.45000000e-06,3.09637130e-09,4.80057566e-04
9829,6.41250000e-06,-1.12682061e-09,-1.75722512e-04
9830,6.37500000e-06,1.08457712e-08,1.70129744e-03
9831,6.33750000e-06,2.31629468e-09,3.65490285e-04
9832,6.30000000e-06,-7.54739495e-09,-1.19799920e-03
9833,6.26250000e-06,1.07999288e-08,1.72453953e-03
9834,6.22500000e-06,-6.81593990e-09,-1.09493010e-03
9835,6.18750000e-06,1.98825026e-09,3.21333375e-04
9836,6.15000000e-06,4.45794215e-09,7.24868643e-04
9837,6.11250000e-06,2.88430710e-09,4.71870282e-04
9838,6.07500000e-06,-1.68914882e-12,-2.78049189e-07
9839,6.03750000e-06,4.69506445e-09,7.77650426e-04
9840,6.00000000e-06,-5.87090226e-09,-9.78483711e-04
9841,5.96250000e-06,1.06152195e-09,1.78033032e-04
9842,5.92500000e-06,5.50021542e-09,9.28306400e-04
9843,5.88750000e-06,4.22797658e-10,7.18127657e-05
9844,5.85000000e-06,6.88674816e-09,1.17722191e-03
9845,5.81250000e-06,-2.88769027e-09,-4.96806928e-04
9846,5.77500000e-06,8.27080981e-09,1.43217486e-03
9847,5.73750000e-06,1.07319818e-08,1.87049792e-03
9848,5.70000000e-06,-7.82617213e-09,-1.37301265e-03
9849,5.66250000e-06,-1.26477852e-09,-2.23360445e-04
9850,5.62500000e-06,3.06510720e-09,5.44907946e-04
9851,5.58750000e-06,-1.30844280e-08,-2.34173209e-03
9852,5.55000000e-06,-3.07302311e-09,-5.53697858e-04
9853,5.51250000e-06,4.11529840e-09,7.46539392e-04
9854,5.47500000e-06,2.65622964e-09,4.85156098e-04
9855,5.43750000e-06,-6.70578981e-09,-1.23324870e-03
9856,5.40000000e-06,2.56041187e-09,4.74150346e-04
9857,5.36250000e-06,6.78159279e-10,1.26463269e-04
9858,5.32500000e-06,1.64864446e-09,3.09604594e-04
9859,5.28750000e-06,2.01023326e-09,3.80185959e-04
9860,5.25000000e-06,3.77340872e-09,7.18744519e-04
9861,5.21250000e-06,6.98136909e-10,1.33935138e-04
9862,5.17500000e-06,6.76437989e-09,1.30712655e-03
9863,5.13750000e-06,-6.46818717e-10,-1.25901453e-04
9864,5.10000000e-06,5.79290306e-09,1.13586335e-03
9865,5.06250000e-06,-7.79697862e-10,-1.54014392e-04
9866,5.02500000e-06,-6.75611730e-09,-1.34450096e-03
9867,4.98750000e-06,5.83772522e-09,1.17047122e-03
9868,4.95000000e-06,3.75993550e-09,7.59582930e-04
9869,4.91250000e-06,-1.06334469e-09,-2.16456934e-04
9870,4.87500000e-06,-1.70117083e-08,-3.48958118e-03
9871,4.83750000e-06,1.88614832e-09,3.89901462e-04
9872,4.80000000e-06,1.35084233e-08,2.81425485e-03
9873,4.76250000e-06,1.97136965e-09,4.13935885e-04
9874,4.72500000e-06,-1.81988474e-09,-3.85160792e-04
9875,4.68750000e-06,2.06382204e-09,4.40282036e-04
9876,4.65000000e-06,2.18093904e-09,4.69019148e-04
9877,4.61250000e-06,3.79003093e-10,8.21686922e-05
9878,4.57500000e-06,-5.71010832e-09,-1.24811111e-03
9879,4.53750000e-06,-7.91646879e-09,-1.74467632e-03
9880,4.50000000e-06,3.53613169e-09,7.85807043e-04
9881,4.46250000e-06,-5.13775334e-09,-1.15131728e-03
9882,4.42500000e-06,3.44381490e-09,7.78263254e-04
9883,4.38750000e-06,-4.03868391e-09,-9.20497757e-04
9884,4.35000000e-06,-9.80530540e-09,-2.25409320e-03
9885,4.31250000e-06,-2.01419742e-09,-4.67060271e-04
9886,4.27500000e-06,8.13319134e-09,1.90250090e-03
9887,4.23750000e-06,9.38112474e-09,2.21383475e-03
9888,4.20000000e-06,-1.72495913e-10,-4.10704556e-05
9889,4.16250000e-06,3.14291842e-09,7.55055476e-04
9890,4.12500000e-06,3.73373835e-09,9.05148692e-04
9891,4.08750000e-06,-9.73306435e-10,-2.38117782e-04
9892,4.05000000e-06,1.81533114e-09,4.48229910e-04
9893,4.01250000e-06,-1.51826932e-09,-3.78384876e-04
9894,3.97500000e-06,3.44760082e-09,8.67320960e-04
9895,3.93750000e-06,5.87262086e-10,1.49145927e-04
9896,3.90000000e-06,5.43442916e-10,1.39344337e-04
9897,3.86250000e-06,-1.62536040e-10,-4.20805282e-05
9898,3.82500000e-06,-7.45626019e-10,-1.94934907e-04
9899,3.78750000e-06,7.32720702e-09,1.93457611e-03
9900,3.75000000e-06,6.34696985e-09,1.69252529e-03
9901,3.71250000e-06,1.51084099e-09,4.06960535e-04
9902,3.67500000e-06,-2.39051150e-09,-6.50479319e-04
9903,3.63750000e-06,5.04807060e-09,1.38778573e-03
9904,3.60000000e-06,1.01755155e-08,2.82653209e-03
9905,3.56250000e-06,-2.95634861e-09,-8.29852242e-04
9906,3.52500000e-06,-2.52387755e-09,-7.15993632e-04
9907,3.48750000e-06,-3.98226327e-09,-1.14186760e-03
9908,3.45000000e-06,6.29576488e-10,1.82485939e-04
9909,3.41250000e-06,4.97388605e-09,1.45754903e-03
9910,3.37500000e-06,1.90928703e-09,5.65714677e-04
9911,3.33750000e-06,-4.74968744e-09,-1.42312732e-03
9912,3.30000000e-06,3.52882568e-09,1.06934111e-03
9913,3.26250000e-06,-9.22823123e-10,-2.82857662e-04
9914,3.22500000e-06,2.29193409e-09,7.10677236e-04
9915,3.18750000e-06,-3.78511278e-09,-1.18748636e-03
9916,3.15000000e-06,-3.67110370e-10,-1.16542975e-04
9917,3.11250000e-06,-2.01792743e-09,-6.48330097e-04
9918,3.07500000e-06,2.23901229e-09,7.28134079e-04
9919,3.03750000e-06,-7.84787891e-09,-2.58366384e-03
9920,3.00000000e-06,-3.22614859e-09,-1.07538286e-03
9921,2.96250000e-06,3.24078486e-10,1.09393582e-04
9922,2.92500000e-06,3.49687689e-09,1.19551347e-03
9923,2.88750000e-06,-2.42751513e-11,-8.40697882e-06
9924,2.85000000e-06,-3.88917122e-09,-1.36462148e-03
9925,2.81250000e-06,4.72736228e-09,1.68083992e-03
9926,2.77500000e-06,3.11082303e-09,1.12101731e-03
9927,2.73750000e-06,1.54764992e-09,5.65351569e-04
9928,2.70000000e-06,-4.83742961e-09,-1.79164060e-03
9929,2.66250000e-06,-5.64772601e-09,-2.12121165e-03
9930,2.62500000e-06,4.46644882e-09,1.70150431e-03
9931,2.58750000e-06,3.59262180e-09,1.38845287e-03
9932,2.55000000e-06,7.15339107e-09,2.80525140e-03
9933,2.51250000e-06,2.11821256e-09,8.43069677e-04
9934,2.47500000e-06,-3.72572018e-09,-1.50534149e-03
9935,2.43750000e-06,-1.59229079e-09,-6.53247505e-04
9936,2.40000000e-06,3.42833158e-10,1.42847149e-04
9937,2.36250000e-06,-5.73080307e-09,-2.42573675e-03
9938,2.32500000e-06,-1.37586054e-09,-5.91767973e-04
9939,2.28750000e-06,-8.18266156e-10,-3.57711981e-04
9940,2.25000000e-06,-3.29694905e-09,-1.46531069e-03
9941,2.21250000e-06,-2.74746964e-09,-1.24179419e-03
9942,2.17500000e-06,-4.39751108e-09,-2.02184418e-03
9943,2.13750000e-06,6.44925668e-10,3.01719611e-04
9944,2.10000000e-06,9.05559475e-10,4.31218797e-04
9945,2.06250000e-06,-3.62203603e-09,-1.75613868e-03
9946,2.02500000e-06,2.49909682e-09,1.23412189e-03
9947,1.98750000e-06,4.77515347e-10,2.40259294e-04
9948,1.95000000e-06,-1.22564135e-09,-6.28534027e-04
9949,1.91250000e-06,-1.02673845e-09,-5.36856708e-04
9950,1.87500000e-06,-6.22243493e-10,-3.31863196e-04
9951,1.83750000e-06,1.70329306e-09,9.26962208e-04
9952,1.80000000e-06,-1.55648866e-09,-8.64715924e-04
9953,1.76250000e-06,-1.98563991e-09,-1.12660420e-03
9954,1.72500000e-06,-2.83397913e-09,-1.64288645e-03
9955,1.68750000e-06,-7.89795888e-10,-4.68027193e-04
9956,1.65000000e-06,3.04251273e-09,1.84394711e-03
9957,1.61250000e-06,-1.97397173e-09,-1.22416852e-03
9958,1.57500000e-06,2.30711974e-09,1.46483793e-03
9959,1.53750000e-06,3.78130898e-09,2.45938796e-03
9960,1.50000000e-06,2.42519353e-09,1.61679569e-03
9961,1.46250000e-06,-3.94858864e-09,-2.69988967e-03
9962,1.42500000e-06,1.09350348e-10,7.67370865e-05
9963,1.38750000e-06,1.11618696e-09,8.04459067e-04
9964,1.35000000e-06,1.21648437e-09,9.01099532e-04
9965,1.31250000e-06,-1.51778881e-10,-1.15641052e-04
9966,1.27500000e-06,2.47863264e-09,1.94402560e-03
9967,1.23750000e-06,1.04920257e-09,8.47840457e-04
9968,1.20000000e-06,-3.22388474e-09,-2.68657061e-03
9969,1.16250000e-06,-1.04962394e-09,-9.02902317e-04
9970,1.12500000e-06,-5.78362327e-10,-5.14099846e-04
9971,1.08750000e-06,6.64225553e-10,6.10782118e-04
9972,1.05000000e-06,2.67949713e-09,2.55190203e-03
9973,1.01250000e-06,-1.69375217e-09,-1.67284165e-03
9974,9.75000000e-07,5.35321227e-10,5.49047412e-04
9975,9.37500000e-07,-1.62098807e-12,-1.72905394e-06
9976,9.00000000e-07,1.68066020e-09,1.86740023e-03
9977,8.62500000e-07,-6.09271500e-10,-7.06401739e-04
9978,8.25000000e-07,1.98726400e-09,2.40880485e-03
9979,7.87500000e-07,-4.96386713e-10,-6.30332334e-04
9980,7.50000000e-07,4.57783395e-10,6.10377859e-04
9981,7.12500000e-07,-1.07158483e-09,-1.50397871e-03
9982,6.75000000e-07,7.04084388e-10,1.04308798e-03
9983,6.37500000e-07,1.81029171e-10,2.83967327e-04
9984,6.00000000e-07,-8.98510521e-10,-1.49751754e-03
9985,5.62500000e-07,-1.11421247e-10,-1.98082217e-04
9986,5.25000000e-07,1.23313158e-10,2.34882206e-04
9987,4.87500000e-07,1.36181635e-10,2.79346944e-04
9988,4.50000000e-07,4.99282712e-10,1.10951714e-03
9989,4.12500000e-07,-6.22879713e-10,-1.51001143e-03
9990,3.75000000e-07,4.19445137e-10,1.11852036e-03
9991,3.37500000e-07,6.17188401e-10,1.82870637e-03
9992,3.00000000e-07,-5.88759412e-10,-1.96253137e-03
9993,2.62500000e-07,-1.62802889e-10,-6.20201483e-04
9994,2.25000000e-07,-8.77895429e-11,-3.90175746e-04
9995,1.87500000e-07,2.93835581e-11,1.56712310e-04
9996,1.50000000e-07,-2.81824513e-10,-1.87883009e-03
9997,1.12500000e-07,1.40294346e-10,1.24706085e-03
9998,7.50000000e-08,3.72065135e-11,4.96086846e-04
9999,3.75000000e-08,2.90220157e-11,7.73920418e-04
